2026-08-25 09:37:20 [INFO] Dataset: NEU-DET_surface-dec | Số nhãn (classes): 2 | Tổng số ảnh: 0
2026-08-25 09:37:49 [INFO] Dataset: NEU-DET_surface-dec | Số nhãn (classes): 2 | Tổng số ảnh: 0
2026-08-25 09:38:33 [INFO] Dataset: NEU-DET_surface-dec | Số nhãn (classes): 2 | Tổng số ảnh: 0
2026-08-25 09:39:45 [INFO] Dataset: NEU-DET_surface-dec | Số nhãn (classes): 2 | Tổng số ảnh: 0
2026-08-25 09:40:53 [INFO] Dataset: NEU-DET_surface-dec | Số nhãn (classes): 2 | Tổng số ảnh: 0
2026-08-25 09:43:51 [INFO] Dataset: NEU-DET_surface-dec | Số nhãn (classes): 6 | Tổng số ảnh: 1800
2026-08-25 09:43:51 [INFO] Dữ liệu đã chia -> Train (70%): 1260 | Val (15%): 270 | Test (15%): 270
2026-08-25 09:43:51 [INFO] 
🔍 Kiểm tra phân bố class trong batch:
2026-08-25 09:43:53 [INFO]   Batch 0: 6 classes (first 5: [0, 1, 2, 3, 4])
2026-08-25 09:43:53 [INFO]   Batch 1: 6 classes (first 5: [0, 1, 2, 3, 4])
2026-08-25 09:43:53 [INFO]   Batch 2: 6 classes (first 5: [0, 1, 2, 3, 4])
2026-08-25 09:43:53 [INFO]   Batch 3: 6 classes (first 5: [0, 1, 2, 3, 4])
2026-08-25 09:43:53 [INFO]   Batch 4: 6 classes (first 5: [0, 1, 2, 3, 4])
2026-08-25 09:43:53 [WARNING] ⚠️ WARNING: Trung bình 6.0 classes/batch - Dữ liệu chưa được trộn đều!
2026-08-25 09:43:53 [INFO] ============================================================
2026-08-25 09:43:53 [INFO] Starting training: LIGHT_HYBRIC_MAMBA
2026-08-25 09:43:53 [INFO] Dataset: NEU-DET_surface-dec | Path: /home/biu-linux/DeepLearning_Projects/DoAnNganh/data/NEU-DET
2026-08-25 09:43:53 [INFO] Device: cuda
2026-08-25 09:43:53 [INFO] GPU: NVIDIA GeForce RTX 3050 Laptop GPU
2026-08-25 09:43:53 [INFO] ============================================================
2026-08-25 09:43:56 [INFO] Epoch 000 | Train Loss: 2.6812 | Train Acc: 0.3254 | Val Loss: 1.6417 | Val Acc: 0.2963
2026-08-25 09:43:56 [INFO] ✓ Saved best model: Val Acc=0.2963 at epoch 0
2026-08-25 09:43:57 [INFO] Epoch 001 | Train Loss: 2.2895 | Train Acc: 0.4881 | Val Loss: 1.2687 | Val Acc: 0.5296
2026-08-25 09:43:57 [INFO] ✓ Saved best model: Val Acc=0.5296 at epoch 1
2026-08-25 09:43:58 [INFO] Epoch 002 | Train Loss: 2.0728 | Train Acc: 0.5167 | Val Loss: 1.0205 | Val Acc: 0.6370
2026-08-25 09:43:58 [INFO] ✓ Saved best model: Val Acc=0.6370 at epoch 2
2026-08-25 09:43:58 [INFO] Epoch 003 | Train Loss: 1.8809 | Train Acc: 0.5706 | Val Loss: 0.9882 | Val Acc: 0.6407
2026-08-25 09:43:58 [INFO] ✓ Saved best model: Val Acc=0.6407 at epoch 3
2026-08-25 09:43:59 [INFO] Epoch 004 | Train Loss: 1.8532 | Train Acc: 0.5849 | Val Loss: 0.8544 | Val Acc: 0.7148
2026-08-25 09:43:59 [INFO] ✓ Saved best model: Val Acc=0.7148 at epoch 4
2026-08-25 09:44:00 [INFO] Epoch 005 | Train Loss: 1.6773 | Train Acc: 0.6413 | Val Loss: 0.7778 | Val Acc: 0.7630
2026-08-25 09:44:00 [INFO] ✓ Saved best model: Val Acc=0.7630 at epoch 5
2026-08-25 09:44:01 [INFO] Epoch 006 | Train Loss: 1.5809 | Train Acc: 0.6706 | Val Loss: 0.7081 | Val Acc: 0.7333
2026-08-25 09:44:02 [INFO] Epoch 007 | Train Loss: 1.4594 | Train Acc: 0.6865 | Val Loss: 0.6937 | Val Acc: 0.7667
2026-08-25 09:44:02 [INFO] ✓ Saved best model: Val Acc=0.7667 at epoch 7
2026-08-25 09:44:02 [INFO] Epoch 008 | Train Loss: 1.3639 | Train Acc: 0.7341 | Val Loss: 0.5722 | Val Acc: 0.8333
2026-08-25 09:44:02 [INFO] ✓ Saved best model: Val Acc=0.8333 at epoch 8
2026-08-25 09:44:03 [INFO] Epoch 009 | Train Loss: 1.2978 | Train Acc: 0.7302 | Val Loss: 0.5542 | Val Acc: 0.8259
2026-08-25 09:44:04 [INFO] Epoch 010 | Train Loss: 1.2523 | Train Acc: 0.7508 | Val Loss: 0.5099 | Val Acc: 0.8296
2026-08-25 09:44:04 [INFO] Epoch 011 | Train Loss: 1.1905 | Train Acc: 0.7690 | Val Loss: 0.5130 | Val Acc: 0.8407
2026-08-25 09:44:04 [INFO] ✓ Saved best model: Val Acc=0.8407 at epoch 11
2026-08-25 09:44:05 [INFO] Epoch 012 | Train Loss: 1.1027 | Train Acc: 0.7937 | Val Loss: 0.4804 | Val Acc: 0.8741
2026-08-25 09:44:05 [INFO] ✓ Saved best model: Val Acc=0.8741 at epoch 12
2026-08-25 09:44:06 [INFO] Epoch 013 | Train Loss: 1.0816 | Train Acc: 0.7873 | Val Loss: 0.5066 | Val Acc: 0.8481
2026-08-25 09:44:07 [INFO] Epoch 014 | Train Loss: 1.0563 | Train Acc: 0.7810 | Val Loss: 0.4542 | Val Acc: 0.8815
2026-08-25 09:44:07 [INFO] ✓ Saved best model: Val Acc=0.8815 at epoch 14
2026-08-25 09:44:07 [INFO] Epoch 015 | Train Loss: 0.9668 | Train Acc: 0.8040 | Val Loss: 0.4408 | Val Acc: 0.8741
2026-08-25 09:44:08 [INFO] Epoch 016 | Train Loss: 0.9398 | Train Acc: 0.8198 | Val Loss: 0.4254 | Val Acc: 0.8519
2026-08-25 09:44:09 [INFO] Epoch 017 | Train Loss: 0.9195 | Train Acc: 0.8151 | Val Loss: 0.4390 | Val Acc: 0.8704
2026-08-25 09:44:09 [INFO] Epoch 018 | Train Loss: 0.9244 | Train Acc: 0.8222 | Val Loss: 0.4526 | Val Acc: 0.8519
2026-08-25 09:44:10 [INFO] Epoch 019 | Train Loss: 0.8984 | Train Acc: 0.8270 | Val Loss: 0.4181 | Val Acc: 0.8741
2026-08-25 09:44:11 [INFO] Epoch 020 | Train Loss: 0.8547 | Train Acc: 0.8270 | Val Loss: 0.4352 | Val Acc: 0.8370
2026-08-25 09:44:12 [INFO] Epoch 021 | Train Loss: 0.8876 | Train Acc: 0.8230 | Val Loss: 0.3960 | Val Acc: 0.8778
2026-08-25 09:44:12 [INFO] Epoch 022 | Train Loss: 0.8404 | Train Acc: 0.8286 | Val Loss: 0.3543 | Val Acc: 0.8963
2026-08-25 09:44:12 [INFO] ✓ Saved best model: Val Acc=0.8963 at epoch 22
2026-08-25 09:44:13 [INFO] Epoch 023 | Train Loss: 0.7210 | Train Acc: 0.8611 | Val Loss: 0.4176 | Val Acc: 0.8667
2026-08-25 09:44:14 [INFO] Epoch 024 | Train Loss: 0.7253 | Train Acc: 0.8611 | Val Loss: 0.3314 | Val Acc: 0.9037
2026-08-25 09:44:14 [INFO] ✓ Saved best model: Val Acc=0.9037 at epoch 24
2026-08-25 09:44:14 [INFO] Epoch 025 | Train Loss: 0.7494 | Train Acc: 0.8595 | Val Loss: 0.3277 | Val Acc: 0.8963
2026-08-25 09:44:15 [INFO] Epoch 026 | Train Loss: 0.6563 | Train Acc: 0.8825 | Val Loss: 0.2971 | Val Acc: 0.8926
2026-08-25 09:44:16 [INFO] Epoch 027 | Train Loss: 0.6981 | Train Acc: 0.8722 | Val Loss: 0.3255 | Val Acc: 0.8815
2026-08-25 09:44:17 [INFO] Epoch 028 | Train Loss: 0.6165 | Train Acc: 0.8738 | Val Loss: 0.3460 | Val Acc: 0.8852
2026-08-25 09:44:17 [INFO] Epoch 029 | Train Loss: 0.6193 | Train Acc: 0.8849 | Val Loss: 0.3074 | Val Acc: 0.9074
2026-08-25 09:44:17 [INFO] ✓ Saved best model: Val Acc=0.9074 at epoch 29
2026-08-25 09:44:18 [INFO] Epoch 030 | Train Loss: 0.6508 | Train Acc: 0.8706 | Val Loss: 0.3498 | Val Acc: 0.8593
2026-08-25 09:44:19 [INFO] Epoch 031 | Train Loss: 0.6069 | Train Acc: 0.8905 | Val Loss: 0.2409 | Val Acc: 0.9185
2026-08-25 09:44:19 [INFO] ✓ Saved best model: Val Acc=0.9185 at epoch 31
2026-08-25 09:44:19 [INFO] Epoch 032 | Train Loss: 0.5802 | Train Acc: 0.8849 | Val Loss: 0.2777 | Val Acc: 0.9148
2026-08-25 09:44:20 [INFO] Epoch 033 | Train Loss: 0.5510 | Train Acc: 0.9056 | Val Loss: 0.3538 | Val Acc: 0.8667
2026-08-25 09:44:21 [INFO] Epoch 034 | Train Loss: 0.5631 | Train Acc: 0.8960 | Val Loss: 0.4815 | Val Acc: 0.8000
2026-08-25 09:44:21 [INFO] Epoch 035 | Train Loss: 0.5307 | Train Acc: 0.8952 | Val Loss: 0.4740 | Val Acc: 0.8556
2026-08-25 09:44:22 [INFO] Epoch 036 | Train Loss: 0.5507 | Train Acc: 0.8984 | Val Loss: 0.2744 | Val Acc: 0.9074
2026-08-25 09:44:23 [INFO] Epoch 037 | Train Loss: 0.5293 | Train Acc: 0.9079 | Val Loss: 0.2621 | Val Acc: 0.9111
2026-08-25 09:44:24 [INFO] Epoch 038 | Train Loss: 0.5366 | Train Acc: 0.9008 | Val Loss: 0.2795 | Val Acc: 0.8926
2026-08-25 09:44:24 [INFO] Epoch 039 | Train Loss: 0.5045 | Train Acc: 0.9008 | Val Loss: 0.3294 | Val Acc: 0.8926
2026-08-25 09:44:25 [INFO] Epoch 040 | Train Loss: 0.4695 | Train Acc: 0.9175 | Val Loss: 0.2750 | Val Acc: 0.9000
2026-08-25 09:44:26 [INFO] Epoch 041 | Train Loss: 0.4288 | Train Acc: 0.9230 | Val Loss: 0.2727 | Val Acc: 0.9074
2026-08-25 09:44:26 [INFO] Epoch 042 | Train Loss: 0.4178 | Train Acc: 0.9270 | Val Loss: 0.2597 | Val Acc: 0.9259
2026-08-25 09:44:26 [INFO] ✓ Saved best model: Val Acc=0.9259 at epoch 42
2026-08-25 09:44:27 [INFO] Epoch 043 | Train Loss: 0.4467 | Train Acc: 0.9119 | Val Loss: 0.2331 | Val Acc: 0.9296
2026-08-25 09:44:27 [INFO] ✓ Saved best model: Val Acc=0.9296 at epoch 43
2026-08-25 09:44:28 [INFO] Epoch 044 | Train Loss: 0.4072 | Train Acc: 0.9278 | Val Loss: 0.2325 | Val Acc: 0.9296
2026-08-25 09:44:28 [INFO] Epoch 045 | Train Loss: 0.4153 | Train Acc: 0.9246 | Val Loss: 0.2369 | Val Acc: 0.9296
2026-08-25 09:44:29 [INFO] Epoch 046 | Train Loss: 0.4263 | Train Acc: 0.9222 | Val Loss: 0.2133 | Val Acc: 0.9370
2026-08-25 09:44:29 [INFO] ✓ Saved best model: Val Acc=0.9370 at epoch 46
2026-08-25 09:44:30 [INFO] Epoch 047 | Train Loss: 0.4194 | Train Acc: 0.9278 | Val Loss: 0.2622 | Val Acc: 0.9111
2026-08-25 09:44:31 [INFO] Epoch 048 | Train Loss: 0.3828 | Train Acc: 0.9341 | Val Loss: 0.2352 | Val Acc: 0.9259
2026-08-25 09:44:32 [INFO] Epoch 049 | Train Loss: 0.4388 | Train Acc: 0.9214 | Val Loss: 0.2386 | Val Acc: 0.9148
2026-08-25 09:44:32 [INFO] Epoch 050 | Train Loss: 0.4399 | Train Acc: 0.9183 | Val Loss: 0.2322 | Val Acc: 0.9259
2026-08-25 09:44:33 [INFO] Epoch 051 | Train Loss: 0.4426 | Train Acc: 0.9183 | Val Loss: 0.2393 | Val Acc: 0.9185
2026-08-25 09:44:34 [INFO] Epoch 052 | Train Loss: 0.4332 | Train Acc: 0.9198 | Val Loss: 0.2285 | Val Acc: 0.9259
2026-08-25 09:44:34 [INFO] Epoch 053 | Train Loss: 0.4080 | Train Acc: 0.9230 | Val Loss: 0.2276 | Val Acc: 0.9259
2026-08-25 09:44:35 [INFO] Epoch 054 | Train Loss: 0.4150 | Train Acc: 0.9222 | Val Loss: 0.2345 | Val Acc: 0.9185
2026-08-25 09:44:36 [INFO] Epoch 055 | Train Loss: 0.4091 | Train Acc: 0.9294 | Val Loss: 0.2372 | Val Acc: 0.9222
2026-08-25 09:44:36 [INFO] Epoch 056 | Train Loss: 0.3898 | Train Acc: 0.9349 | Val Loss: 0.2231 | Val Acc: 0.9296
2026-08-25 09:44:37 [INFO] Epoch 057 | Train Loss: 0.4223 | Train Acc: 0.9246 | Val Loss: 0.2336 | Val Acc: 0.9222
2026-08-25 09:44:38 [INFO] Epoch 058 | Train Loss: 0.3852 | Train Acc: 0.9373 | Val Loss: 0.2258 | Val Acc: 0.9296
2026-08-25 09:44:38 [INFO] Epoch 059 | Train Loss: 0.3966 | Train Acc: 0.9325 | Val Loss: 0.2084 | Val Acc: 0.9333
2026-08-25 09:44:39 [INFO] Epoch 060 | Train Loss: 0.3846 | Train Acc: 0.9325 | Val Loss: 0.2156 | Val Acc: 0.9259
2026-08-25 09:44:40 [INFO] Epoch 061 | Train Loss: 0.4002 | Train Acc: 0.9183 | Val Loss: 0.2343 | Val Acc: 0.9222
2026-08-25 09:44:41 [INFO] Epoch 062 | Train Loss: 0.4142 | Train Acc: 0.9286 | Val Loss: 0.2309 | Val Acc: 0.9148
2026-08-25 09:44:41 [INFO] Epoch 063 | Train Loss: 0.4118 | Train Acc: 0.9246 | Val Loss: 0.2351 | Val Acc: 0.9222
2026-08-25 09:44:42 [INFO] Epoch 064 | Train Loss: 0.3700 | Train Acc: 0.9325 | Val Loss: 0.2261 | Val Acc: 0.9259
2026-08-25 09:44:43 [INFO] Epoch 065 | Train Loss: 0.3757 | Train Acc: 0.9365 | Val Loss: 0.2273 | Val Acc: 0.9259
2026-08-25 09:44:44 [INFO] Epoch 066 | Train Loss: 0.3825 | Train Acc: 0.9310 | Val Loss: 0.2280 | Val Acc: 0.9185
2026-08-25 09:44:44 [INFO] Epoch 067 | Train Loss: 0.3838 | Train Acc: 0.9302 | Val Loss: 0.2165 | Val Acc: 0.9259
2026-08-25 09:44:45 [INFO] Epoch 068 | Train Loss: 0.4081 | Train Acc: 0.9254 | Val Loss: 0.2165 | Val Acc: 0.9259
2026-08-25 09:44:46 [INFO] Epoch 069 | Train Loss: 0.3736 | Train Acc: 0.9349 | Val Loss: 0.2227 | Val Acc: 0.9185
2026-08-25 09:44:46 [INFO] Epoch 070 | Train Loss: 0.3860 | Train Acc: 0.9349 | Val Loss: 0.2217 | Val Acc: 0.9222
2026-08-25 09:44:47 [INFO] Epoch 071 | Train Loss: 0.4081 | Train Acc: 0.9214 | Val Loss: 0.2196 | Val Acc: 0.9222
2026-08-25 09:44:48 [INFO] Epoch 072 | Train Loss: 0.4136 | Train Acc: 0.9222 | Val Loss: 0.2245 | Val Acc: 0.9185
2026-08-25 09:44:49 [INFO] Epoch 073 | Train Loss: 0.3871 | Train Acc: 0.9365 | Val Loss: 0.2222 | Val Acc: 0.9222
2026-08-25 09:44:49 [INFO] Epoch 074 | Train Loss: 0.3705 | Train Acc: 0.9357 | Val Loss: 0.2202 | Val Acc: 0.9222
2026-08-25 09:45:36 [INFO] Dataset: NEU-DET_surface-dec | Số nhãn (classes): 6 | Tổng số ảnh: 1800
2026-08-25 09:45:36 [INFO] Dữ liệu đã chia -> Train (70%): 1260 | Val (15%): 270 | Test (15%): 270
2026-08-25 09:45:36 [INFO] 
🔍 Kiểm tra phân bố class trong batch:
2026-08-25 09:45:38 [INFO]   Batch 0: 6 classes (first 5: [0, 1, 2, 3, 4])
2026-08-25 09:45:38 [INFO]   Batch 1: 6 classes (first 5: [0, 1, 2, 3, 4])
2026-08-25 09:45:38 [INFO]   Batch 2: 6 classes (first 5: [0, 1, 2, 3, 4])
2026-08-25 09:45:38 [INFO]   Batch 3: 6 classes (first 5: [0, 1, 2, 3, 4])
2026-08-25 09:45:38 [INFO]   Batch 4: 6 classes (first 5: [0, 1, 2, 3, 4])
2026-08-25 09:45:38 [WARNING] ⚠️ WARNING: Trung bình 6.0 classes/batch - Dữ liệu chưa được trộn đều!
2026-08-25 09:45:38 [INFO] ============================================================
2026-08-25 09:45:38 [INFO] Starting training: LIGHT_HYBRIC_MAMBA
2026-08-25 09:45:38 [INFO] Dataset: NEU-DET_surface-dec | Path: /home/biu-linux/DeepLearning_Projects/DoAnNganh/data/NEU-DET
2026-08-25 09:45:38 [INFO] Device: cuda
2026-08-25 09:45:38 [INFO] GPU: NVIDIA GeForce RTX 3050 Laptop GPU
2026-08-25 09:45:38 [INFO] ============================================================
2026-08-25 09:45:41 [INFO] Epoch 000 | Train Loss: 2.6523 | Train Acc: 0.3397 | Val Loss: 1.6509 | Val Acc: 0.2926
2026-08-25 09:45:41 [INFO] ✓ Saved best model: Val Acc=0.2926 at epoch 0
2026-08-25 09:45:42 [INFO] Epoch 001 | Train Loss: 2.2780 | Train Acc: 0.5103 | Val Loss: 1.3686 | Val Acc: 0.4852
2026-08-25 09:45:42 [INFO] ✓ Saved best model: Val Acc=0.4852 at epoch 1
2026-08-25 09:45:43 [INFO] Epoch 002 | Train Loss: 1.9827 | Train Acc: 0.5873 | Val Loss: 0.9315 | Val Acc: 0.7111
2026-08-25 09:45:43 [INFO] ✓ Saved best model: Val Acc=0.7111 at epoch 2
2026-08-25 09:45:44 [INFO] Epoch 003 | Train Loss: 1.7405 | Train Acc: 0.6246 | Val Loss: 0.7712 | Val Acc: 0.7704
2026-08-25 09:45:44 [INFO] ✓ Saved best model: Val Acc=0.7704 at epoch 3
2026-08-25 09:45:44 [INFO] Epoch 004 | Train Loss: 1.5833 | Train Acc: 0.6794 | Val Loss: 0.6916 | Val Acc: 0.7926
2026-08-25 09:45:44 [INFO] ✓ Saved best model: Val Acc=0.7926 at epoch 4
2026-08-25 09:45:45 [INFO] Epoch 005 | Train Loss: 1.4866 | Train Acc: 0.7087 | Val Loss: 0.6295 | Val Acc: 0.8074
2026-08-25 09:45:45 [INFO] ✓ Saved best model: Val Acc=0.8074 at epoch 5
2026-08-25 09:45:46 [INFO] Epoch 006 | Train Loss: 1.3909 | Train Acc: 0.7206 | Val Loss: 0.4957 | Val Acc: 0.8519
2026-08-25 09:45:46 [INFO] ✓ Saved best model: Val Acc=0.8519 at epoch 6
2026-08-25 09:45:46 [INFO] Epoch 007 | Train Loss: 1.2940 | Train Acc: 0.7325 | Val Loss: 0.5091 | Val Acc: 0.8556
2026-08-25 09:45:46 [INFO] ✓ Saved best model: Val Acc=0.8556 at epoch 7
2026-08-25 09:45:47 [INFO] Epoch 008 | Train Loss: 1.2671 | Train Acc: 0.7548 | Val Loss: 0.4723 | Val Acc: 0.8630
2026-08-25 09:45:47 [INFO] ✓ Saved best model: Val Acc=0.8630 at epoch 8
2026-08-25 09:45:48 [INFO] Epoch 009 | Train Loss: 1.1724 | Train Acc: 0.7690 | Val Loss: 0.4222 | Val Acc: 0.8963
2026-08-25 09:45:48 [INFO] ✓ Saved best model: Val Acc=0.8963 at epoch 9
2026-08-25 09:45:50 [INFO] Epoch 010 | Train Loss: 1.1591 | Train Acc: 0.7706 | Val Loss: 0.4243 | Val Acc: 0.8667
2026-08-25 09:45:51 [INFO] Epoch 011 | Train Loss: 1.0580 | Train Acc: 0.7968 | Val Loss: 0.3840 | Val Acc: 0.8667
2026-08-25 09:45:52 [INFO] Epoch 012 | Train Loss: 1.0297 | Train Acc: 0.7889 | Val Loss: 0.3657 | Val Acc: 0.8889
2026-08-25 09:45:53 [INFO] Epoch 013 | Train Loss: 0.9787 | Train Acc: 0.8190 | Val Loss: 0.3479 | Val Acc: 0.8778
2026-08-25 09:45:53 [INFO] Epoch 014 | Train Loss: 0.9604 | Train Acc: 0.8127 | Val Loss: 0.3600 | Val Acc: 0.8815
2026-08-25 09:45:54 [INFO] Epoch 015 | Train Loss: 0.8854 | Train Acc: 0.8397 | Val Loss: 0.3730 | Val Acc: 0.9000
2026-08-25 09:45:54 [INFO] ✓ Saved best model: Val Acc=0.9000 at epoch 15
2026-08-25 09:45:55 [INFO] Epoch 016 | Train Loss: 0.8717 | Train Acc: 0.8262 | Val Loss: 0.2618 | Val Acc: 0.9259
2026-08-25 09:45:55 [INFO] ✓ Saved best model: Val Acc=0.9259 at epoch 16
2026-08-25 09:45:56 [INFO] Epoch 017 | Train Loss: 0.8380 | Train Acc: 0.8492 | Val Loss: 0.3336 | Val Acc: 0.9037
2026-08-25 09:45:56 [INFO] Epoch 018 | Train Loss: 0.7801 | Train Acc: 0.8532 | Val Loss: 0.2698 | Val Acc: 0.9333
2026-08-25 09:45:56 [INFO] ✓ Saved best model: Val Acc=0.9333 at epoch 18
2026-08-25 09:45:57 [INFO] Epoch 019 | Train Loss: 0.7506 | Train Acc: 0.8635 | Val Loss: 0.2569 | Val Acc: 0.9296
2026-08-25 09:45:58 [INFO] Epoch 020 | Train Loss: 0.7441 | Train Acc: 0.8683 | Val Loss: 0.2783 | Val Acc: 0.9185
2026-08-25 09:45:58 [INFO] Epoch 021 | Train Loss: 0.6997 | Train Acc: 0.8579 | Val Loss: 0.2752 | Val Acc: 0.9185
2026-08-25 09:45:59 [INFO] Epoch 022 | Train Loss: 0.7089 | Train Acc: 0.8603 | Val Loss: 0.2034 | Val Acc: 0.9444
2026-08-25 09:45:59 [INFO] ✓ Saved best model: Val Acc=0.9444 at epoch 22
2026-08-25 09:46:00 [INFO] Epoch 023 | Train Loss: 0.7047 | Train Acc: 0.8587 | Val Loss: 0.2086 | Val Acc: 0.9259
2026-08-25 09:46:01 [INFO] Epoch 024 | Train Loss: 0.6217 | Train Acc: 0.8762 | Val Loss: 0.1949 | Val Acc: 0.9407
2026-08-25 09:46:01 [INFO] Epoch 025 | Train Loss: 0.6428 | Train Acc: 0.8817 | Val Loss: 0.2417 | Val Acc: 0.9037
2026-08-25 09:46:02 [INFO] Epoch 026 | Train Loss: 0.5939 | Train Acc: 0.8762 | Val Loss: 0.1870 | Val Acc: 0.9444
2026-08-25 09:46:03 [INFO] Epoch 027 | Train Loss: 0.5773 | Train Acc: 0.8913 | Val Loss: 0.2005 | Val Acc: 0.9333
2026-08-25 09:46:04 [INFO] Epoch 028 | Train Loss: 0.5750 | Train Acc: 0.8857 | Val Loss: 0.1813 | Val Acc: 0.9407
2026-08-25 09:46:06 [INFO] Epoch 029 | Train Loss: 0.5631 | Train Acc: 0.8897 | Val Loss: 0.1803 | Val Acc: 0.9370
2026-08-25 09:46:07 [INFO] Epoch 030 | Train Loss: 0.5646 | Train Acc: 0.8960 | Val Loss: 0.1697 | Val Acc: 0.9296
2026-08-25 09:46:07 [INFO] Epoch 031 | Train Loss: 0.5473 | Train Acc: 0.8944 | Val Loss: 0.1543 | Val Acc: 0.9481
2026-08-25 09:46:07 [INFO] ✓ Saved best model: Val Acc=0.9481 at epoch 31
2026-08-25 09:46:08 [INFO] Epoch 032 | Train Loss: 0.5050 | Train Acc: 0.9000 | Val Loss: 0.1535 | Val Acc: 0.9519
2026-08-25 09:46:08 [INFO] ✓ Saved best model: Val Acc=0.9519 at epoch 32
2026-08-25 09:46:09 [INFO] Epoch 033 | Train Loss: 0.4961 | Train Acc: 0.8984 | Val Loss: 0.1293 | Val Acc: 0.9556
2026-08-25 09:46:09 [INFO] ✓ Saved best model: Val Acc=0.9556 at epoch 33
2026-08-25 09:46:09 [INFO] Epoch 034 | Train Loss: 0.5349 | Train Acc: 0.9016 | Val Loss: 0.1709 | Val Acc: 0.9333
2026-08-25 09:46:10 [INFO] Epoch 035 | Train Loss: 0.5137 | Train Acc: 0.9048 | Val Loss: 0.1291 | Val Acc: 0.9481
2026-08-25 09:46:11 [INFO] Epoch 036 | Train Loss: 0.4707 | Train Acc: 0.9103 | Val Loss: 0.1480 | Val Acc: 0.9444
2026-08-25 09:46:12 [INFO] Epoch 037 | Train Loss: 0.4943 | Train Acc: 0.9048 | Val Loss: 0.2310 | Val Acc: 0.9296
2026-08-25 09:46:12 [INFO] Epoch 038 | Train Loss: 0.4969 | Train Acc: 0.8976 | Val Loss: 0.1637 | Val Acc: 0.9333
2026-08-25 09:46:13 [INFO] Epoch 039 | Train Loss: 0.4518 | Train Acc: 0.9167 | Val Loss: 0.1264 | Val Acc: 0.9667
2026-08-25 09:46:13 [INFO] ✓ Saved best model: Val Acc=0.9667 at epoch 39
2026-08-25 09:46:14 [INFO] Epoch 040 | Train Loss: 0.4514 | Train Acc: 0.9167 | Val Loss: 0.1956 | Val Acc: 0.9148
2026-08-25 09:46:14 [INFO] Epoch 041 | Train Loss: 0.4448 | Train Acc: 0.9167 | Val Loss: 0.1068 | Val Acc: 0.9667
2026-08-25 09:46:15 [INFO] Epoch 042 | Train Loss: 0.3957 | Train Acc: 0.9270 | Val Loss: 0.1331 | Val Acc: 0.9593
2026-08-25 09:46:16 [INFO] Epoch 043 | Train Loss: 0.4051 | Train Acc: 0.9310 | Val Loss: 0.1339 | Val Acc: 0.9519
2026-08-25 09:46:17 [INFO] Epoch 044 | Train Loss: 0.4202 | Train Acc: 0.9087 | Val Loss: 0.1428 | Val Acc: 0.9593
2026-08-25 09:46:17 [INFO] Epoch 045 | Train Loss: 0.4044 | Train Acc: 0.9246 | Val Loss: 0.1320 | Val Acc: 0.9444
2026-08-25 09:46:18 [INFO] Epoch 046 | Train Loss: 0.3947 | Train Acc: 0.9238 | Val Loss: 0.1140 | Val Acc: 0.9556
2026-08-25 09:46:20 [INFO] Epoch 047 | Train Loss: 0.3846 | Train Acc: 0.9278 | Val Loss: 0.1061 | Val Acc: 0.9630
2026-08-25 09:46:22 [INFO] Epoch 048 | Train Loss: 0.3773 | Train Acc: 0.9341 | Val Loss: 0.1618 | Val Acc: 0.9333
2026-08-25 09:46:22 [INFO] Epoch 049 | Train Loss: 0.3925 | Train Acc: 0.9103 | Val Loss: 0.1455 | Val Acc: 0.9630
2026-08-25 09:46:23 [INFO] Epoch 050 | Train Loss: 0.3862 | Train Acc: 0.9230 | Val Loss: 0.1106 | Val Acc: 0.9556
2026-08-25 09:46:24 [INFO] Epoch 051 | Train Loss: 0.3234 | Train Acc: 0.9444 | Val Loss: 0.0994 | Val Acc: 0.9630
2026-08-25 09:46:24 [INFO] Epoch 052 | Train Loss: 0.3122 | Train Acc: 0.9373 | Val Loss: 0.1010 | Val Acc: 0.9630
2026-08-25 09:46:25 [INFO] Epoch 053 | Train Loss: 0.3415 | Train Acc: 0.9373 | Val Loss: 0.0931 | Val Acc: 0.9667
2026-08-25 09:46:26 [INFO] Epoch 054 | Train Loss: 0.3332 | Train Acc: 0.9357 | Val Loss: 0.1055 | Val Acc: 0.9630
2026-08-25 09:46:27 [INFO] Epoch 055 | Train Loss: 0.3402 | Train Acc: 0.9373 | Val Loss: 0.1011 | Val Acc: 0.9704
2026-08-25 09:46:27 [INFO] ✓ Saved best model: Val Acc=0.9704 at epoch 55
2026-08-25 09:46:27 [INFO] Epoch 056 | Train Loss: 0.3136 | Train Acc: 0.9476 | Val Loss: 0.0908 | Val Acc: 0.9630
2026-08-25 09:46:28 [INFO] Epoch 057 | Train Loss: 0.3201 | Train Acc: 0.9460 | Val Loss: 0.0984 | Val Acc: 0.9630
2026-08-25 09:46:29 [INFO] Epoch 058 | Train Loss: 0.3255 | Train Acc: 0.9381 | Val Loss: 0.0816 | Val Acc: 0.9704
2026-08-25 09:46:29 [INFO] Epoch 059 | Train Loss: 0.3093 | Train Acc: 0.9492 | Val Loss: 0.0865 | Val Acc: 0.9741
2026-08-25 09:46:29 [INFO] ✓ Saved best model: Val Acc=0.9741 at epoch 59
2026-08-25 09:46:30 [INFO] Epoch 060 | Train Loss: 0.3131 | Train Acc: 0.9476 | Val Loss: 0.0978 | Val Acc: 0.9667
2026-08-25 09:46:31 [INFO] Epoch 061 | Train Loss: 0.3039 | Train Acc: 0.9492 | Val Loss: 0.0873 | Val Acc: 0.9704
2026-08-25 09:46:32 [INFO] Epoch 062 | Train Loss: 0.3198 | Train Acc: 0.9365 | Val Loss: 0.0955 | Val Acc: 0.9704
2026-08-25 09:46:32 [INFO] Epoch 063 | Train Loss: 0.3289 | Train Acc: 0.9365 | Val Loss: 0.1013 | Val Acc: 0.9741
2026-08-25 09:46:34 [INFO] Epoch 064 | Train Loss: 0.3152 | Train Acc: 0.9444 | Val Loss: 0.1033 | Val Acc: 0.9741
2026-08-25 09:46:35 [INFO] Epoch 065 | Train Loss: 0.3069 | Train Acc: 0.9405 | Val Loss: 0.0965 | Val Acc: 0.9741
2026-08-25 09:46:36 [INFO] Epoch 066 | Train Loss: 0.3093 | Train Acc: 0.9460 | Val Loss: 0.0860 | Val Acc: 0.9704
2026-08-25 09:46:37 [INFO] Epoch 067 | Train Loss: 0.2817 | Train Acc: 0.9595 | Val Loss: 0.0919 | Val Acc: 0.9741
2026-08-25 09:46:38 [INFO] Epoch 068 | Train Loss: 0.2849 | Train Acc: 0.9468 | Val Loss: 0.0818 | Val Acc: 0.9741
2026-08-25 09:46:38 [INFO] Epoch 069 | Train Loss: 0.3143 | Train Acc: 0.9413 | Val Loss: 0.0872 | Val Acc: 0.9741
2026-08-25 09:46:39 [INFO] Epoch 070 | Train Loss: 0.2693 | Train Acc: 0.9540 | Val Loss: 0.0878 | Val Acc: 0.9704
2026-08-25 09:46:40 [INFO] Epoch 071 | Train Loss: 0.3393 | Train Acc: 0.9397 | Val Loss: 0.0952 | Val Acc: 0.9630
2026-08-25 09:46:41 [INFO] Epoch 072 | Train Loss: 0.2921 | Train Acc: 0.9492 | Val Loss: 0.0912 | Val Acc: 0.9741
2026-08-25 09:46:41 [INFO] Epoch 073 | Train Loss: 0.2913 | Train Acc: 0.9484 | Val Loss: 0.1170 | Val Acc: 0.9704
2026-08-25 09:46:42 [INFO] Epoch 074 | Train Loss: 0.3173 | Train Acc: 0.9373 | Val Loss: 0.0930 | Val Acc: 0.9667
2026-08-25 09:46:43 [INFO] Epoch 075 | Train Loss: 0.3262 | Train Acc: 0.9349 | Val Loss: 0.0961 | Val Acc: 0.9704
2026-08-25 09:46:43 [INFO] Epoch 076 | Train Loss: 0.3176 | Train Acc: 0.9421 | Val Loss: 0.0804 | Val Acc: 0.9741
2026-08-25 09:46:44 [INFO] Epoch 077 | Train Loss: 0.2718 | Train Acc: 0.9508 | Val Loss: 0.0821 | Val Acc: 0.9741
2026-08-25 09:46:45 [INFO] Epoch 078 | Train Loss: 0.3085 | Train Acc: 0.9468 | Val Loss: 0.0843 | Val Acc: 0.9741
2026-08-25 09:46:45 [INFO] Epoch 079 | Train Loss: 0.3073 | Train Acc: 0.9397 | Val Loss: 0.0855 | Val Acc: 0.9704
2026-08-25 09:46:46 [INFO] Epoch 080 | Train Loss: 0.2774 | Train Acc: 0.9508 | Val Loss: 0.0891 | Val Acc: 0.9704
2026-08-25 09:46:47 [INFO] Epoch 081 | Train Loss: 0.3042 | Train Acc: 0.9516 | Val Loss: 0.0840 | Val Acc: 0.9704
2026-08-25 09:46:48 [INFO] Epoch 082 | Train Loss: 0.3019 | Train Acc: 0.9516 | Val Loss: 0.0912 | Val Acc: 0.9704
2026-08-25 09:46:49 [INFO] Epoch 083 | Train Loss: 0.3116 | Train Acc: 0.9437 | Val Loss: 0.0913 | Val Acc: 0.9704
2026-08-25 09:46:51 [INFO] Epoch 084 | Train Loss: 0.2860 | Train Acc: 0.9437 | Val Loss: 0.0785 | Val Acc: 0.9704
2026-08-25 09:46:52 [INFO] Epoch 085 | Train Loss: 0.2798 | Train Acc: 0.9516 | Val Loss: 0.0846 | Val Acc: 0.9704
2026-08-25 09:46:53 [INFO] Epoch 086 | Train Loss: 0.2918 | Train Acc: 0.9492 | Val Loss: 0.0879 | Val Acc: 0.9704
2026-08-25 09:46:53 [INFO] Epoch 087 | Train Loss: 0.3186 | Train Acc: 0.9381 | Val Loss: 0.0870 | Val Acc: 0.9704
2026-08-25 09:46:54 [INFO] Epoch 088 | Train Loss: 0.2981 | Train Acc: 0.9397 | Val Loss: 0.0875 | Val Acc: 0.9704
2026-08-25 09:46:55 [INFO] Epoch 089 | Train Loss: 0.2902 | Train Acc: 0.9421 | Val Loss: 0.0862 | Val Acc: 0.9741
2026-08-25 09:46:55 [INFO] Epoch 090 | Train Loss: 0.2827 | Train Acc: 0.9548 | Val Loss: 0.0828 | Val Acc: 0.9741
2026-08-25 09:46:56 [INFO] Epoch 091 | Train Loss: 0.2717 | Train Acc: 0.9548 | Val Loss: 0.0882 | Val Acc: 0.9704
2026-08-25 09:46:57 [INFO] Epoch 092 | Train Loss: 0.2994 | Train Acc: 0.9452 | Val Loss: 0.0829 | Val Acc: 0.9741
2026-08-25 09:46:58 [INFO] Epoch 093 | Train Loss: 0.2722 | Train Acc: 0.9532 | Val Loss: 0.0878 | Val Acc: 0.9704
2026-08-25 09:46:58 [INFO] Epoch 094 | Train Loss: 0.2891 | Train Acc: 0.9468 | Val Loss: 0.0849 | Val Acc: 0.9704
2026-08-25 09:46:59 [INFO] Epoch 095 | Train Loss: 0.2913 | Train Acc: 0.9492 | Val Loss: 0.0916 | Val Acc: 0.9741
2026-08-25 09:47:00 [INFO] Epoch 096 | Train Loss: 0.2907 | Train Acc: 0.9571 | Val Loss: 0.0865 | Val Acc: 0.9741
2026-08-25 09:47:00 [INFO] Epoch 097 | Train Loss: 0.2871 | Train Acc: 0.9484 | Val Loss: 0.0951 | Val Acc: 0.9741
2026-08-25 09:47:01 [INFO] Epoch 098 | Train Loss: 0.3091 | Train Acc: 0.9444 | Val Loss: 0.0869 | Val Acc: 0.9741
2026-08-25 09:47:02 [INFO] Epoch 099 | Train Loss: 0.2857 | Train Acc: 0.9437 | Val Loss: 0.0825 | Val Acc: 0.9741
2026-08-25 09:47:03 [INFO] Epoch 100 | Train Loss: 0.2905 | Train Acc: 0.9516 | Val Loss: 0.0842 | Val Acc: 0.9704
2026-08-25 09:47:04 [INFO] Epoch 101 | Train Loss: 0.2722 | Train Acc: 0.9556 | Val Loss: 0.0848 | Val Acc: 0.9704
2026-08-25 09:47:06 [INFO] Epoch 102 | Train Loss: 0.3148 | Train Acc: 0.9460 | Val Loss: 0.0846 | Val Acc: 0.9667
2026-08-25 09:47:07 [INFO] Epoch 103 | Train Loss: 0.2969 | Train Acc: 0.9500 | Val Loss: 0.0855 | Val Acc: 0.9704
2026-08-25 09:47:07 [INFO] Epoch 104 | Train Loss: 0.2779 | Train Acc: 0.9540 | Val Loss: 0.0863 | Val Acc: 0.9741
2026-08-25 09:47:08 [INFO] Epoch 105 | Train Loss: 0.2757 | Train Acc: 0.9516 | Val Loss: 0.0859 | Val Acc: 0.9741
2026-08-25 09:47:09 [INFO] Epoch 106 | Train Loss: 0.3083 | Train Acc: 0.9405 | Val Loss: 0.0859 | Val Acc: 0.9741
2026-08-25 09:47:10 [INFO] Epoch 107 | Train Loss: 0.2945 | Train Acc: 0.9484 | Val Loss: 0.0892 | Val Acc: 0.9741
2026-08-25 09:47:10 [INFO] Epoch 108 | Train Loss: 0.2838 | Train Acc: 0.9484 | Val Loss: 0.0860 | Val Acc: 0.9704
2026-08-25 09:47:11 [INFO] Epoch 109 | Train Loss: 0.2903 | Train Acc: 0.9516 | Val Loss: 0.0807 | Val Acc: 0.9741
2026-08-25 09:47:12 [INFO] Epoch 110 | Train Loss: 0.3005 | Train Acc: 0.9452 | Val Loss: 0.0851 | Val Acc: 0.9741
2026-08-25 09:47:12 [INFO] Epoch 111 | Train Loss: 0.2889 | Train Acc: 0.9516 | Val Loss: 0.0877 | Val Acc: 0.9704
2026-08-25 09:47:13 [INFO] Epoch 112 | Train Loss: 0.2798 | Train Acc: 0.9468 | Val Loss: 0.0863 | Val Acc: 0.9704
2026-08-25 09:47:14 [INFO] Epoch 113 | Train Loss: 0.3262 | Train Acc: 0.9373 | Val Loss: 0.0871 | Val Acc: 0.9704
2026-08-25 09:47:15 [INFO] Epoch 114 | Train Loss: 0.2910 | Train Acc: 0.9484 | Val Loss: 0.0832 | Val Acc: 0.9741
2026-08-25 09:47:15 [INFO] Epoch 115 | Train Loss: 0.3424 | Train Acc: 0.9341 | Val Loss: 0.0887 | Val Acc: 0.9741
2026-08-25 09:47:16 [INFO] Epoch 116 | Train Loss: 0.3235 | Train Acc: 0.9452 | Val Loss: 0.0836 | Val Acc: 0.9741
2026-08-25 09:47:17 [INFO] Epoch 117 | Train Loss: 0.2762 | Train Acc: 0.9532 | Val Loss: 0.0903 | Val Acc: 0.9741
2026-08-25 09:47:17 [INFO] Epoch 118 | Train Loss: 0.2822 | Train Acc: 0.9421 | Val Loss: 0.0824 | Val Acc: 0.9741
2026-08-25 09:47:19 [INFO] Epoch 119 | Train Loss: 0.3045 | Train Acc: 0.9444 | Val Loss: 0.0900 | Val Acc: 0.9704
2026-08-25 09:47:21 [INFO] Epoch 120 | Train Loss: 0.2787 | Train Acc: 0.9500 | Val Loss: 0.0804 | Val Acc: 0.9741
2026-08-25 09:47:22 [INFO] Epoch 121 | Train Loss: 0.2916 | Train Acc: 0.9516 | Val Loss: 0.0806 | Val Acc: 0.9741
2026-08-25 09:47:22 [INFO] Epoch 122 | Train Loss: 0.2907 | Train Acc: 0.9524 | Val Loss: 0.0822 | Val Acc: 0.9741
2026-08-25 09:47:23 [INFO] Epoch 123 | Train Loss: 0.2992 | Train Acc: 0.9452 | Val Loss: 0.0869 | Val Acc: 0.9741
2026-08-25 09:47:24 [INFO] Epoch 124 | Train Loss: 0.2865 | Train Acc: 0.9484 | Val Loss: 0.0851 | Val Acc: 0.9741
2026-08-25 09:47:24 [INFO] Epoch 125 | Train Loss: 0.3135 | Train Acc: 0.9452 | Val Loss: 0.0865 | Val Acc: 0.9704
2026-08-25 09:47:25 [INFO] Epoch 126 | Train Loss: 0.2920 | Train Acc: 0.9556 | Val Loss: 0.0871 | Val Acc: 0.9704
2026-08-25 09:47:26 [INFO] Epoch 127 | Train Loss: 0.2826 | Train Acc: 0.9524 | Val Loss: 0.0824 | Val Acc: 0.97412026-09-07 16:34:31 [INFO] Dataset: DCID | Số nhãn (classes): 35 | Tổng số ảnh: 35000
2026-09-07 16:34:31 [INFO] Dữ liệu đã chia -> Train (70%): 19250 | Val (15%): 6300 | Test (15%): 9450
2026-09-07 16:34:31 [INFO] 
🔍 Kiểm tra phân bố class trong batch:
2026-09-07 16:34:33 [INFO]   Batch 0: 30 classes (first 5: [0, 1, 2, 5, 6])
2026-09-07 16:34:33 [INFO]   Batch 1: 29 classes (first 5: [1, 3, 4, 5, 6])
2026-09-07 16:34:33 [INFO]   Batch 2: 26 classes (first 5: [2, 3, 4, 5, 8])
2026-09-07 16:34:33 [INFO]   Batch 3: 27 classes (first 5: [0, 2, 3, 6, 7])
2026-09-07 16:34:33 [INFO]   Batch 4: 31 classes (first 5: [0, 1, 2, 3, 4])
2026-09-07 16:34:33 [INFO] ✅ Shuffle tốt! Trung bình 28.6 classes/batch
2026-09-07 16:34:33 [INFO] ============================================================
2026-09-07 16:34:33 [INFO] Starting training: LIGHT_HYBRIC_MAMBA
2026-09-07 16:34:33 [INFO] Dataset: DCID | Path: /home/biu-linux/DeepLearning_Projects/DoAnNganh/data/DCID/DCID-512-35
2026-09-07 16:34:33 [INFO] Device: cuda
2026-09-07 16:34:33 [INFO] GPU: NVIDIA GeForce RTX 3050 Laptop GPU
2026-09-07 16:34:33 [INFO] ============================================================
2026-09-07 16:34:33 [INFO] 
[RESUME] Đang nạp checkpoint từ: /home/biu-linux/DeepLearning_Projects/DoAnNganh/HybricMamba/Ressult/TFJ/LIGHT_HYBRIC_MAMBA/DCID/LIGHT_HYBRIC_MAMBA_best.pth
2026-09-07 16:35:36 [INFO] Dataset: DCID | Số nhãn (classes): 35 | Tổng số ảnh: 35000
2026-09-07 16:35:36 [INFO] Dữ liệu đã chia -> Train (70%): 19250 | Val (15%): 6300 | Test (15%): 9450
2026-09-07 16:35:36 [INFO] 
🔍 Kiểm tra phân bố class trong batch:
2026-09-07 16:35:38 [INFO]   Batch 0: 18 classes (first 5: [0, 1, 3, 4, 5])
2026-09-07 16:35:38 [INFO]   Batch 1: 22 classes (first 5: [0, 1, 2, 3, 5])
2026-09-07 16:35:38 [INFO]   Batch 2: 22 classes (first 5: [1, 2, 5, 6, 9])
2026-09-07 16:35:38 [INFO]   Batch 3: 19 classes (first 5: [4, 6, 7, 8, 9])
2026-09-07 16:35:38 [INFO]   Batch 4: 18 classes (first 5: [2, 3, 4, 5, 6])
2026-09-07 16:35:38 [INFO] ✅ Shuffle tốt! Trung bình 19.8 classes/batch
2026-09-07 16:35:38 [INFO] ============================================================
2026-09-07 16:35:38 [INFO] Starting training: LIGHT_HYBRIC_MAMBA
2026-09-07 16:35:38 [INFO] Dataset: DCID | Path: /home/biu-linux/DeepLearning_Projects/DoAnNganh/data/DCID/DCID-512-35
2026-09-07 16:35:38 [INFO] Device: cuda
2026-09-07 16:35:38 [INFO] GPU: NVIDIA GeForce RTX 3050 Laptop GPU
2026-09-07 16:35:38 [INFO] ============================================================
2026-09-07 16:36:11 [INFO] Dataset: DCID | Số nhãn (classes): 35 | Tổng số ảnh: 35000
2026-09-07 16:36:11 [INFO] Dữ liệu đã chia -> Train (70%): 19250 | Val (15%): 6300 | Test (15%): 9450
2026-09-07 16:36:11 [INFO] 
🔍 Kiểm tra phân bố class trong batch:
2026-09-07 16:36:13 [INFO]   Batch 0: 20 classes (first 5: [0, 1, 4, 6, 8])
2026-09-07 16:36:13 [INFO]   Batch 1: 19 classes (first 5: [2, 3, 4, 5, 6])
2026-09-07 16:36:13 [INFO]   Batch 2: 22 classes (first 5: [0, 1, 5, 6, 7])
2026-09-07 16:36:13 [INFO]   Batch 3: 22 classes (first 5: [0, 1, 8, 9, 11])
2026-09-07 16:36:13 [INFO]   Batch 4: 21 classes (first 5: [0, 1, 2, 4, 5])
2026-09-07 16:36:13 [INFO] ✅ Shuffle tốt! Trung bình 20.8 classes/batch
2026-09-07 16:36:13 [INFO] ============================================================
2026-09-07 16:36:13 [INFO] Starting training: LIGHT_HYBRIC_MAMBA
2026-09-07 16:36:13 [INFO] Dataset: DCID | Path: /home/biu-linux/DeepLearning_Projects/DoAnNganh/data/DCID/DCID-512-35
2026-09-07 16:36:13 [INFO] Device: cuda
2026-09-07 16:36:13 [INFO] GPU: NVIDIA GeForce RTX 3050 Laptop GPU
2026-09-07 16:36:13 [INFO] ============================================================
2026-09-07 16:36:33 [INFO] Epoch 000 | Train Loss: 4.1066 | Train Acc: 0.2911 | Val Loss: 1.4586 | Val Acc: 0.6421
2026-09-07 16:36:33 [INFO] ✓ Saved best model: Val Acc=0.6421 at epoch 0
2026-09-07 16:36:50 [INFO] Epoch 001 | Train Loss: 2.6165 | Train Acc: 0.5021 | Val Loss: 0.7577 | Val Acc: 0.8125
2026-09-07 16:36:50 [INFO] ✓ Saved best model: Val Acc=0.8125 at epoch 1
2026-09-07 16:37:08 [INFO] Epoch 002 | Train Loss: 1.8291 | Train Acc: 0.6654 | Val Loss: 0.4219 | Val Acc: 0.8959
2026-09-07 16:37:08 [INFO] ✓ Saved best model: Val Acc=0.8959 at epoch 2
2026-09-07 16:37:31 [INFO] Dataset: DCID | Số nhãn (classes): 35 | Tổng số ảnh: 35000
2026-09-07 16:37:31 [INFO] Dữ liệu đã chia -> Train (70%): 19250 | Val (15%): 6300 | Test (15%): 9450
2026-09-07 16:37:31 [INFO] 
🔍 Kiểm tra phân bố class trong batch:
2026-09-07 16:37:33 [INFO]   Batch 0: 20 classes (first 5: [1, 2, 4, 6, 8])
2026-09-07 16:37:33 [INFO]   Batch 1: 23 classes (first 5: [1, 2, 3, 5, 7])
2026-09-07 16:37:33 [INFO]   Batch 2: 23 classes (first 5: [1, 4, 5, 6, 9])
2026-09-07 16:37:33 [INFO]   Batch 3: 19 classes (first 5: [1, 2, 3, 6, 11])
2026-09-07 16:37:33 [INFO]   Batch 4: 21 classes (first 5: [0, 4, 5, 8, 10])
2026-09-07 16:37:33 [INFO] ✅ Shuffle tốt! Trung bình 21.2 classes/batch
2026-09-07 16:37:33 [INFO] ============================================================
2026-09-07 16:37:33 [INFO] Starting training: LIGHT_HYBRIC_MAMBA
2026-09-07 16:37:33 [INFO] Dataset: DCID | Path: /home/biu-linux/DeepLearning_Projects/DoAnNganh/data/DCID/DCID-512-35
2026-09-07 16:37:33 [INFO] Device: cuda
2026-09-07 16:37:33 [INFO] GPU: NVIDIA GeForce RTX 3050 Laptop GPU
2026-09-07 16:37:33 [INFO] ============================================================
2026-09-07 16:37:33 [INFO] 
[RESUME] Đang nạp checkpoint từ: /home/biu-linux/DeepLearning_Projects/DoAnNganh/HybricMamba/Ressult/TFJ/LIGHT_HYBRIC_MAMBA/DCID/LIGHT_HYBRIC_MAMBA_best.pth
2026-09-07 16:37:53 [INFO] Epoch 003 | Train Loss: 1.4088 | Train Acc: 0.7444 | Val Loss: 0.3101 | Val Acc: 0.9067
2026-09-07 16:37:53 [INFO] ✓ Saved best model: Val Acc=0.9067 at epoch 3
2026-09-07 16:38:08 [INFO] Epoch 004 | Train Loss: 1.2083 | Train Acc: 0.7772 | Val Loss: 0.3352 | Val Acc: 0.8830
2026-09-07 16:38:28 [INFO] Epoch 005 | Train Loss: 1.0129 | Train Acc: 0.8149 | Val Loss: 0.3802 | Val Acc: 0.8710
2026-09-07 16:38:46 [INFO] Epoch 006 | Train Loss: 0.8882 | Train Acc: 0.8388 | Val Loss: 0.2353 | Val Acc: 0.9173
2026-09-07 16:38:46 [INFO] ✓ Saved best model: Val Acc=0.9173 at epoch 6
2026-09-07 16:39:03 [INFO] Epoch 007 | Train Loss: 0.7965 | Train Acc: 0.8525 | Val Loss: 0.2632 | Val Acc: 0.9143
2026-09-07 16:39:21 [INFO] Epoch 008 | Train Loss: 0.7196 | Train Acc: 0.8676 | Val Loss: 0.2002 | Val Acc: 0.9344
2026-09-07 16:39:21 [INFO] ✓ Saved best model: Val Acc=0.9344 at epoch 8
2026-09-07 16:39:39 [INFO] Epoch 009 | Train Loss: 0.6576 | Train Acc: 0.8820 | Val Loss: 0.2467 | Val Acc: 0.9202
2026-09-07 16:39:53 [INFO] Epoch 010 | Train Loss: 0.5990 | Train Acc: 0.8898 | Val Loss: 0.2911 | Val Acc: 0.8987
2026-09-07 16:40:13 [INFO] Epoch 011 | Train Loss: 0.5659 | Train Acc: 0.8961 | Val Loss: 0.1759 | Val Acc: 0.9400
2026-09-07 16:40:13 [INFO] ✓ Saved best model: Val Acc=0.9400 at epoch 11
2026-09-07 16:40:31 [INFO] Epoch 012 | Train Loss: 0.5335 | Train Acc: 0.9023 | Val Loss: 0.1565 | Val Acc: 0.9451
2026-09-07 16:40:31 [INFO] ✓ Saved best model: Val Acc=0.9451 at epoch 12
2026-09-07 16:40:49 [INFO] Epoch 013 | Train Loss: 0.4998 | Train Acc: 0.9100 | Val Loss: 0.1864 | Val Acc: 0.9373
2026-09-07 16:41:07 [INFO] Epoch 014 | Train Loss: 0.4806 | Train Acc: 0.9136 | Val Loss: 0.1436 | Val Acc: 0.9478
2026-09-07 16:41:07 [INFO] ✓ Saved best model: Val Acc=0.9478 at epoch 14
2026-09-07 16:41:22 [INFO] Epoch 015 | Train Loss: 0.4548 | Train Acc: 0.9180 | Val Loss: 0.1360 | Val Acc: 0.9522
2026-09-07 16:41:22 [INFO] ✓ Saved best model: Val Acc=0.9522 at epoch 15
2026-09-07 16:41:40 [INFO] Epoch 016 | Train Loss: 0.4305 | Train Acc: 0.9199 | Val Loss: 0.1789 | Val Acc: 0.9413
2026-09-07 16:41:58 [INFO] Epoch 017 | Train Loss: 0.4365 | Train Acc: 0.9216 | Val Loss: 0.1169 | Val Acc: 0.9598
2026-09-07 16:41:58 [INFO] ✓ Saved best model: Val Acc=0.9598 at epoch 17
2026-09-07 16:42:16 [INFO] Epoch 018 | Train Loss: 0.4030 | Train Acc: 0.9264 | Val Loss: 0.1345 | Val Acc: 0.9543
2026-09-07 16:42:34 [INFO] Epoch 019 | Train Loss: 0.3945 | Train Acc: 0.9298 | Val Loss: 0.0942 | Val Acc: 0.9676
2026-09-07 16:42:34 [INFO] ✓ Saved best model: Val Acc=0.9676 at epoch 19
2026-09-07 16:42:53 [INFO] Epoch 020 | Train Loss: 0.3987 | Train Acc: 0.9295 | Val Loss: 0.1061 | Val Acc: 0.9619
2026-09-07 16:43:09 [INFO] Epoch 021 | Train Loss: 0.3632 | Train Acc: 0.9364 | Val Loss: 0.0878 | Val Acc: 0.9702
2026-09-07 16:43:09 [INFO] ✓ Saved best model: Val Acc=0.9702 at epoch 21
2026-09-07 16:43:28 [INFO] Epoch 022 | Train Loss: 0.3572 | Train Acc: 0.9384 | Val Loss: 0.1531 | Val Acc: 0.9444
2026-09-07 16:43:46 [INFO] Epoch 023 | Train Loss: 0.3398 | Train Acc: 0.9394 | Val Loss: 0.1130 | Val Acc: 0.9613
2026-09-07 16:44:05 [INFO] Epoch 024 | Train Loss: 0.3407 | Train Acc: 0.9391 | Val Loss: 0.1352 | Val Acc: 0.9549
2026-09-07 16:44:23 [INFO] Epoch 025 | Train Loss: 0.3139 | Train Acc: 0.9449 | Val Loss: 0.0996 | Val Acc: 0.9652
2026-09-07 16:44:37 [INFO] Epoch 026 | Train Loss: 0.3284 | Train Acc: 0.9416 | Val Loss: 0.1069 | Val Acc: 0.9632
2026-09-07 16:44:56 [INFO] Epoch 027 | Train Loss: 0.3158 | Train Acc: 0.9468 | Val Loss: 0.0811 | Val Acc: 0.9708
2026-09-07 16:44:56 [INFO] ✓ Saved best model: Val Acc=0.9708 at epoch 27
2026-09-07 16:45:13 [INFO] Epoch 028 | Train Loss: 0.2971 | Train Acc: 0.9470 | Val Loss: 0.0690 | Val Acc: 0.9756
2026-09-07 16:45:13 [INFO] ✓ Saved best model: Val Acc=0.9756 at epoch 28
2026-09-07 16:45:31 [INFO] Epoch 029 | Train Loss: 0.2946 | Train Acc: 0.9482 | Val Loss: 0.0794 | Val Acc: 0.9717
2026-09-07 16:45:49 [INFO] Epoch 030 | Train Loss: 0.2874 | Train Acc: 0.9506 | Val Loss: 0.0921 | Val Acc: 0.9660
2026-09-07 16:46:07 [INFO] Epoch 031 | Train Loss: 0.2705 | Train Acc: 0.9544 | Val Loss: 0.0960 | Val Acc: 0.9651
2026-09-07 16:46:26 [INFO] Epoch 032 | Train Loss: 0.2644 | Train Acc: 0.9558 | Val Loss: 0.0609 | Val Acc: 0.9806
2026-09-07 16:46:26 [INFO] ✓ Saved best model: Val Acc=0.9806 at epoch 32
2026-09-07 16:46:43 [INFO] Epoch 033 | Train Loss: 0.2623 | Train Acc: 0.9545 | Val Loss: 0.0836 | Val Acc: 0.9725
2026-09-07 16:47:02 [INFO] Epoch 034 | Train Loss: 0.2516 | Train Acc: 0.9572 | Val Loss: 0.0746 | Val Acc: 0.9754
2026-09-07 16:47:20 [INFO] Epoch 035 | Train Loss: 0.2577 | Train Acc: 0.9566 | Val Loss: 0.0676 | Val Acc: 0.9762
2026-09-07 16:47:38 [INFO] Epoch 036 | Train Loss: 0.2383 | Train Acc: 0.9570 | Val Loss: 0.0736 | Val Acc: 0.9729
2026-09-07 16:47:53 [INFO] Epoch 037 | Train Loss: 0.2417 | Train Acc: 0.9595 | Val Loss: 0.0701 | Val Acc: 0.9743
2026-09-07 16:48:14 [INFO] Epoch 038 | Train Loss: 0.2357 | Train Acc: 0.9592 | Val Loss: 0.0578 | Val Acc: 0.9808
2026-09-07 16:48:14 [INFO] ✓ Saved best model: Val Acc=0.9808 at epoch 38
2026-09-07 16:48:33 [INFO] Epoch 039 | Train Loss: 0.2275 | Train Acc: 0.9596 | Val Loss: 0.0491 | Val Acc: 0.9833
2026-09-07 16:48:33 [INFO] ✓ Saved best model: Val Acc=0.9833 at epoch 39
2026-09-07 16:48:50 [INFO] Epoch 040 | Train Loss: 0.2183 | Train Acc: 0.9635 | Val Loss: 0.0590 | Val Acc: 0.9800
2026-09-07 16:49:10 [INFO] Epoch 041 | Train Loss: 0.2138 | Train Acc: 0.9628 | Val Loss: 0.0646 | Val Acc: 0.9773
2026-09-07 16:50:21 [INFO] Dataset: DCID | Số nhãn (classes): 35 | Tổng số ảnh: 35000
2026-09-07 16:50:21 [INFO] Dữ liệu đã chia -> Train (70%): 19250 | Val (15%): 9450 | Test (15%): 6300
2026-09-07 16:50:21 [INFO] 
🔍 Kiểm tra phân bố class trong batch:
2026-09-07 16:50:23 [INFO]   Batch 0: 22 classes (first 5: [2, 3, 4, 5, 6])
2026-09-07 16:50:23 [INFO]   Batch 1: 21 classes (first 5: [1, 4, 6, 7, 8])
2026-09-07 16:50:23 [INFO]   Batch 2: 19 classes (first 5: [1, 2, 4, 5, 6])
2026-09-07 16:50:23 [INFO]   Batch 3: 22 classes (first 5: [3, 4, 5, 7, 9])
2026-09-07 16:50:23 [INFO]   Batch 4: 15 classes (first 5: [2, 4, 5, 6, 7])
2026-09-07 16:50:23 [INFO] ✅ Shuffle tốt! Trung bình 19.8 classes/batch
2026-09-07 16:50:24 [INFO] ============================================================
2026-09-07 16:50:24 [INFO] Starting training: LIGHT_HYBRIC_MAMBA
2026-09-07 16:50:24 [INFO] Dataset: DCID | Path: /home/biu-linux/DeepLearning_Projects/DoAnNganh/data/DCID/DCID-512-35
2026-09-07 16:50:24 [INFO] Device: cuda
2026-09-07 16:50:24 [INFO] GPU: NVIDIA GeForce RTX 3050 Laptop GPU
2026-09-07 16:50:24 [INFO] ============================================================
2026-09-07 16:50:24 [INFO] 
[RESUME] Đang nạp checkpoint từ: /home/biu-linux/DeepLearning_Projects/DoAnNganh/HybricMamba/Ressult/TFJ/LIGHT_HYBRIC_MAMBA/DCID/LIGHT_HYBRIC_MAMBA_best.pth
2026-09-07 16:50:44 [INFO] Epoch 040 | Train Loss: 0.2408 | Train Acc: 0.9562 | Val Loss: 0.0538 | Val Acc: 0.9828
2026-09-07 16:51:03 [INFO] Epoch 041 | Train Loss: 0.2288 | Train Acc: 0.9603 | Val Loss: 0.0517 | Val Acc: 0.9834
2026-09-07 16:51:03 [INFO] ✓ Saved best model: Val Acc=0.9834 at epoch 41
2026-09-07 16:51:19 [INFO] Epoch 042 | Train Loss: 0.2232 | Train Acc: 0.9609 | Val Loss: 0.0446 | Val Acc: 0.9849
2026-09-07 16:51:19 [INFO] ✓ Saved best model: Val Acc=0.9849 at epoch 42
2026-09-07 16:51:40 [INFO] Epoch 043 | Train Loss: 0.2234 | Train Acc: 0.9611 | Val Loss: 0.0497 | Val Acc: 0.9837
2026-09-07 16:51:59 [INFO] Epoch 044 | Train Loss: 0.2111 | Train Acc: 0.9626 | Val Loss: 0.0567 | Val Acc: 0.9817
2026-09-07 16:52:17 [INFO] Epoch 045 | Train Loss: 0.2072 | Train Acc: 0.9644 | Val Loss: 0.0416 | Val Acc: 0.9855
2026-09-07 16:52:17 [INFO] ✓ Saved best model: Val Acc=0.9855 at epoch 45
2026-09-07 16:52:35 [INFO] Epoch 046 | Train Loss: 0.2039 | Train Acc: 0.9662 | Val Loss: 0.0513 | Val Acc: 0.9837
2026-09-07 16:52:54 [INFO] Epoch 047 | Train Loss: 0.1932 | Train Acc: 0.9662 | Val Loss: 0.0539 | Val Acc: 0.9817
2026-09-07 16:53:13 [INFO] Epoch 048 | Train Loss: 0.1981 | Train Acc: 0.9660 | Val Loss: 0.0498 | Val Acc: 0.9826
2026-09-07 16:53:31 [INFO] Epoch 049 | Train Loss: 0.1862 | Train Acc: 0.9694 | Val Loss: 0.0405 | Val Acc: 0.9862
2026-09-07 16:53:31 [INFO] ✓ Saved best model: Val Acc=0.9862 at epoch 49
2026-09-07 16:53:49 [INFO] Epoch 050 | Train Loss: 0.1915 | Train Acc: 0.9669 | Val Loss: 0.0434 | Val Acc: 0.9855
2026-09-07 16:54:08 [INFO] Epoch 051 | Train Loss: 0.1780 | Train Acc: 0.9702 | Val Loss: 0.0380 | Val Acc: 0.9870
2026-09-07 16:54:08 [INFO] ✓ Saved best model: Val Acc=0.9870 at epoch 51
2026-09-07 16:54:27 [INFO] Epoch 052 | Train Loss: 0.1744 | Train Acc: 0.9710 | Val Loss: 0.0422 | Val Acc: 0.9862
2026-09-07 16:54:46 [INFO] Epoch 053 | Train Loss: 0.1699 | Train Acc: 0.9722 | Val Loss: 0.0348 | Val Acc: 0.9896
2026-09-07 16:54:46 [INFO] ✓ Saved best model: Val Acc=0.9896 at epoch 53
2026-09-07 16:55:05 [INFO] Epoch 054 | Train Loss: 0.1666 | Train Acc: 0.9728 | Val Loss: 0.0394 | Val Acc: 0.9866
2026-09-07 16:55:24 [INFO] Epoch 055 | Train Loss: 0.1591 | Train Acc: 0.9742 | Val Loss: 0.0371 | Val Acc: 0.9874
2026-09-07 16:55:43 [INFO] Epoch 056 | Train Loss: 0.1531 | Train Acc: 0.9752 | Val Loss: 0.0333 | Val Acc: 0.9890
2026-09-07 16:56:02 [INFO] Epoch 057 | Train Loss: 0.1643 | Train Acc: 0.9729 | Val Loss: 0.0384 | Val Acc: 0.9872
2026-09-07 16:56:21 [INFO] Epoch 058 | Train Loss: 0.1534 | Train Acc: 0.9745 | Val Loss: 0.0332 | Val Acc: 0.9885
2026-09-07 16:56:39 [INFO] Epoch 059 | Train Loss: 0.1604 | Train Acc: 0.9737 | Val Loss: 0.0354 | Val Acc: 0.9884
2026-09-07 16:56:59 [INFO] Epoch 060 | Train Loss: 0.1527 | Train Acc: 0.9754 | Val Loss: 0.0333 | Val Acc: 0.9892
2026-09-07 16:57:18 [INFO] Epoch 061 | Train Loss: 0.1478 | Train Acc: 0.9771 | Val Loss: 0.0350 | Val Acc: 0.9883
2026-09-07 16:57:35 [INFO] Epoch 062 | Train Loss: 0.1426 | Train Acc: 0.9775 | Val Loss: 0.0358 | Val Acc: 0.9892
2026-09-07 16:57:55 [INFO] Epoch 063 | Train Loss: 0.1497 | Train Acc: 0.9744 | Val Loss: 0.0328 | Val Acc: 0.9898
2026-09-07 16:57:55 [INFO] ✓ Saved best model: Val Acc=0.9898 at epoch 63
2026-09-07 16:58:14 [INFO] Epoch 064 | Train Loss: 0.1393 | Train Acc: 0.9781 | Val Loss: 0.0388 | Val Acc: 0.9868
2026-09-07 16:58:33 [INFO] Epoch 065 | Train Loss: 0.1422 | Train Acc: 0.9781 | Val Loss: 0.0297 | Val Acc: 0.9903
2026-09-07 16:58:33 [INFO] ✓ Saved best model: Val Acc=0.9903 at epoch 65
2026-09-07 16:58:50 [INFO] Epoch 066 | Train Loss: 0.1422 | Train Acc: 0.9783 | Val Loss: 0.0346 | Val Acc: 0.9888
2026-09-07 16:59:10 [INFO] Epoch 067 | Train Loss: 0.1339 | Train Acc: 0.9797 | Val Loss: 0.0331 | Val Acc: 0.9893
2026-09-07 16:59:30 [INFO] Epoch 068 | Train Loss: 0.1353 | Train Acc: 0.9789 | Val Loss: 0.0322 | Val Acc: 0.9891
2026-09-07 16:59:49 [INFO] Epoch 069 | Train Loss: 0.1331 | Train Acc: 0.9775 | Val Loss: 0.0326 | Val Acc: 0.9893
2026-09-07 17:00:08 [INFO] Epoch 070 | Train Loss: 0.1340 | Train Acc: 0.9795 | Val Loss: 0.0305 | Val Acc: 0.9899
2026-09-07 17:00:27 [INFO] Epoch 071 | Train Loss: 0.1275 | Train Acc: 0.9808 | Val Loss: 0.0307 | Val Acc: 0.9898
2026-09-07 17:00:46 [INFO] Epoch 072 | Train Loss: 0.1298 | Train Acc: 0.9801 | Val Loss: 0.0317 | Val Acc: 0.9888
2026-09-07 17:01:06 [INFO] Epoch 073 | Train Loss: 0.1325 | Train Acc: 0.9805 | Val Loss: 0.0305 | Val Acc: 0.9901
2026-09-07 17:01:24 [INFO] Epoch 074 | Train Loss: 0.1282 | Train Acc: 0.9805 | Val Loss: 0.0321 | Val Acc: 0.9893
2026-09-07 17:01:43 [INFO] Epoch 075 | Train Loss: 0.1301 | Train Acc: 0.9801 | Val Loss: 0.0307 | Val Acc: 0.9896
2026-09-07 17:02:03 [INFO] Epoch 076 | Train Loss: 0.1285 | Train Acc: 0.9802 | Val Loss: 0.0324 | Val Acc: 0.9899
2026-09-07 17:02:20 [INFO] Epoch 077 | Train Loss: 0.1255 | Train Acc: 0.9820 | Val Loss: 0.0303 | Val Acc: 0.9899
2026-09-07 17:02:40 [INFO] Epoch 078 | Train Loss: 0.1273 | Train Acc: 0.9806 | Val Loss: 0.0297 | Val Acc: 0.9896
2026-09-07 17:51:15 [INFO] Dataset: DCID | Số nhãn (classes): 35 | Tổng số ảnh: 35000
2026-09-07 17:51:15 [INFO] Dữ liệu đã chia -> Train (70%): 19250 | Val (15%): 9450 | Test (15%): 6300
2026-09-07 17:51:15 [INFO] 
🔍 Kiểm tra phân bố class trong batch:
2026-09-07 17:51:16 [INFO]   Batch 0: 23 classes (first 5: [0, 2, 3, 8, 10])
2026-09-07 17:51:16 [INFO]   Batch 1: 24 classes (first 5: [0, 2, 3, 4, 7])
2026-09-07 17:51:16 [INFO]   Batch 2: 24 classes (first 5: [1, 2, 3, 4, 5])
2026-09-07 17:51:16 [INFO]   Batch 3: 21 classes (first 5: [0, 2, 3, 4, 6])
2026-09-07 17:51:16 [INFO]   Batch 4: 25 classes (first 5: [2, 3, 4, 5, 6])
2026-09-07 17:51:16 [INFO] ✅ Shuffle tốt! Trung bình 23.4 classes/batch
2026-09-07 17:51:16 [INFO] ============================================================
2026-09-07 17:51:16 [INFO] Starting training: LIGHT_HYBRIC_MAMBA
2026-09-07 17:51:16 [INFO] Dataset: DCID | Path: /home/biu-linux/DeepLearning_Projects/DoAnNganh/data/DCID/DCID-512-35
2026-09-07 17:51:16 [INFO] Device: cuda
2026-09-07 17:51:16 [INFO] GPU: NVIDIA GeForce RTX 3050 Laptop GPU
2026-09-07 17:51:16 [INFO] ============================================================
2026-09-07 17:51:16 [INFO] 
[RESUME] Đang nạp checkpoint từ: /home/biu-linux/DeepLearning_Projects/DoAnNganh/HybricMamba/Ressult/TFJ/LIGHT_HYBRIC_MAMBA/DCID/LIGHT_HYBRIC_MAMBA_best.pth
2026-09-07 17:51:16 [INFO] Evaluating Best Model on TEST Set...
2026-09-07 17:51:16 [INFO] 
[RESUME] Đang nạp checkpoint từ: /home/biu-linux/DeepLearning_Projects/DoAnNganh/HybricMamba/Ressult/TFJ/LIGHT_HYBRIC_MAMBA/DCID/LIGHT_HYBRIC_MAMBA_best.pth
2026-09-07 17:51:19 [INFO] 🎯 [TEST RESULT] Test Acc: 0.9930 | F1-Macro: 0.9930 | F1-Weighted: 0.9930
2026-08-25 09:47:27 [INFO] Epoch 128 | Train Loss: 0.3075 | Train Acc: 0.9405 | Val Loss: 0.0845 | Val Acc: 0.9741
2026-08-25 09:47:27 [INFO] Epoch 129 | Train Loss: 0.3179 | Train Acc: 0.9437 | Val Loss: 0.0846 | Val Acc: 0.9741
2026-08-25 09:47:27 [INFO] Evaluating Best Model on TEST Set...
2026-08-25 09:47:27 [INFO] 
[RESUME] Đang nạp checkpoint từ: /home/biu-linux/DeepLearning_Projects/DoAnNganh/HybricMamba/Ressult/TFJ/LIGHT_HYBRIC_MAMBA/NEU-DET_surface-dec/LIGHT_HYBRIC_MAMBA_best.pth
2026-08-25 09:47:28 [INFO] 🎯 [TEST RESULT] Test Acc: 0.9444 | F1-Macro: 0.9444 | F1-Weighted: 0.9444
2026-08-25 10:34:08 [INFO] Dataset: NEU-DET_surface-dec | Số nhãn (classes): 6 | Tổng số ảnh: 1800
2026-08-25 10:34:08 [INFO] Dữ liệu đã chia -> Train (70%): 1260 | Val (15%): 270 | Test (15%): 270
2026-08-25 10:34:08 [INFO] 
🔍 Kiểm tra phân bố class trong batch:
2026-08-25 10:34:10 [INFO]   Batch 0: 3 classes (first 5: [0, 2, 3])
2026-08-25 10:34:10 [INFO]   Batch 1: 4 classes (first 5: [1, 2, 3, 4])
2026-08-25 10:34:10 [INFO]   Batch 2: 2 classes (first 5: [1, 3])
2026-08-25 10:34:10 [INFO]   Batch 3: 3 classes (first 5: [2, 3, 4])
2026-08-25 10:34:10 [INFO]   Batch 4: 2 classes (first 5: [4, 5])
2026-08-25 10:34:10 [WARNING] ⚠️ WARNING: Trung bình 2.8 classes/batch - Dữ liệu chưa được trộn đều!
2026-08-25 10:34:10 [INFO] ============================================================
2026-08-25 10:34:10 [INFO] Starting training: LIGHT_HYBRIC_MAMBA
2026-08-25 10:34:10 [INFO] Dataset: NEU-DET_surface-dec | Path: /home/biu-linux/DeepLearning_Projects/DoAnNganh/data/NEU-DET
2026-08-25 10:34:10 [INFO] Device: cuda
2026-08-25 10:34:10 [INFO] GPU: NVIDIA GeForce RTX 3050 Laptop GPU
2026-08-25 10:34:10 [INFO] ============================================================
2026-08-25 10:34:17 [INFO] Epoch 000 | Train Loss: 2.5119 | Train Acc: 0.3587 | Val Loss: 1.2521 | Val Acc: 0.5037
2026-08-25 10:34:17 [INFO] ✓ Saved best model: Val Acc=0.5037 at epoch 0
2026-08-25 10:34:37 [INFO] Dataset: NEU-DET_surface-dec | Số nhãn (classes): 6 | Tổng số ảnh: 1800
2026-08-25 10:34:37 [INFO] Dữ liệu đã chia -> Train (70%): 1260 | Val (15%): 270 | Test (15%): 270
2026-08-25 10:34:37 [INFO] 
🔍 Kiểm tra phân bố class trong batch:
2026-08-25 10:34:38 [INFO]   Batch 0: 6 classes (first 5: [0, 1, 2, 3, 4])
2026-08-25 10:34:39 [INFO]   Batch 1: 6 classes (first 5: [0, 1, 2, 3, 4])
2026-08-25 10:34:39 [INFO]   Batch 2: 6 classes (first 5: [0, 1, 2, 3, 4])
2026-08-25 10:34:39 [INFO]   Batch 3: 6 classes (first 5: [0, 1, 2, 3, 4])
2026-08-25 10:34:39 [INFO]   Batch 4: 6 classes (first 5: [0, 1, 2, 3, 4])
2026-08-25 10:34:39 [WARNING] ⚠️ WARNING: Trung bình 6.0 classes/batch - Dữ liệu chưa được trộn đều!
2026-08-25 10:34:39 [INFO] ============================================================
2026-08-25 10:34:39 [INFO] Starting training: LIGHT_HYBRIC_MAMBA
2026-08-25 10:34:39 [INFO] Dataset: NEU-DET_surface-dec | Path: /home/biu-linux/DeepLearning_Projects/DoAnNganh/data/NEU-DET
2026-08-25 10:34:39 [INFO] Device: cuda
2026-08-25 10:34:39 [INFO] GPU: NVIDIA GeForce RTX 3050 Laptop GPU
2026-08-25 10:34:39 [INFO] ============================================================
2026-08-25 10:34:42 [INFO] Epoch 000 | Train Loss: 2.6207 | Train Acc: 0.3452 | Val Loss: 1.6644 | Val Acc: 0.2704
2026-08-25 10:34:42 [INFO] ✓ Saved best model: Val Acc=0.2704 at epoch 0
2026-08-25 10:34:43 [INFO] Epoch 001 | Train Loss: 2.2329 | Train Acc: 0.4968 | Val Loss: 1.2875 | Val Acc: 0.4815
2026-08-25 10:34:43 [INFO] ✓ Saved best model: Val Acc=0.4815 at epoch 1
2026-08-25 10:34:44 [INFO] Epoch 002 | Train Loss: 1.9230 | Train Acc: 0.5992 | Val Loss: 0.9239 | Val Acc: 0.7000
2026-08-25 10:34:44 [INFO] ✓ Saved best model: Val Acc=0.7000 at epoch 2
2026-08-25 10:34:44 [INFO] Epoch 003 | Train Loss: 1.7827 | Train Acc: 0.6167 | Val Loss: 0.8773 | Val Acc: 0.6889
2026-08-25 10:34:45 [INFO] Epoch 004 | Train Loss: 1.6437 | Train Acc: 0.6437 | Val Loss: 0.7626 | Val Acc: 0.7370
2026-08-25 10:34:45 [INFO] ✓ Saved best model: Val Acc=0.7370 at epoch 4
2026-08-25 10:34:46 [INFO] Epoch 005 | Train Loss: 1.5521 | Train Acc: 0.6667 | Val Loss: 0.7053 | Val Acc: 0.7593
2026-08-25 10:34:46 [INFO] ✓ Saved best model: Val Acc=0.7593 at epoch 5
2026-08-25 10:34:46 [INFO] Epoch 006 | Train Loss: 1.4225 | Train Acc: 0.7071 | Val Loss: 0.5917 | Val Acc: 0.8000
2026-08-25 10:34:46 [INFO] ✓ Saved best model: Val Acc=0.8000 at epoch 6
2026-08-25 10:34:47 [INFO] Epoch 007 | Train Loss: 1.3684 | Train Acc: 0.7111 | Val Loss: 0.5632 | Val Acc: 0.8296
2026-08-25 10:34:47 [INFO] ✓ Saved best model: Val Acc=0.8296 at epoch 7
2026-08-25 10:34:48 [INFO] Epoch 008 | Train Loss: 1.2757 | Train Acc: 0.7444 | Val Loss: 0.5310 | Val Acc: 0.8296
2026-08-25 10:34:48 [INFO] Epoch 009 | Train Loss: 1.1962 | Train Acc: 0.7675 | Val Loss: 0.5293 | Val Acc: 0.8630
2026-08-25 10:34:48 [INFO] ✓ Saved best model: Val Acc=0.8630 at epoch 9
2026-08-25 10:34:49 [INFO] Epoch 010 | Train Loss: 1.1425 | Train Acc: 0.7746 | Val Loss: 0.5047 | Val Acc: 0.8370
2026-08-25 10:34:51 [INFO] Epoch 011 | Train Loss: 1.0903 | Train Acc: 0.7952 | Val Loss: 0.4601 | Val Acc: 0.8593
2026-08-25 10:34:52 [INFO] Epoch 012 | Train Loss: 1.0734 | Train Acc: 0.7913 | Val Loss: 0.4349 | Val Acc: 0.8481
2026-08-25 10:34:53 [INFO] Epoch 013 | Train Loss: 1.0321 | Train Acc: 0.7857 | Val Loss: 0.4722 | Val Acc: 0.8296
2026-08-25 10:34:54 [INFO] Epoch 014 | Train Loss: 0.9778 | Train Acc: 0.8071 | Val Loss: 0.4086 | Val Acc: 0.8630
2026-08-25 10:34:54 [INFO] Epoch 015 | Train Loss: 0.9653 | Train Acc: 0.8024 | Val Loss: 0.4170 | Val Acc: 0.8667
2026-08-25 10:34:55 [INFO] ✓ Saved best model: Val Acc=0.8667 at epoch 15
2026-08-25 10:34:55 [INFO] Epoch 016 | Train Loss: 0.9016 | Train Acc: 0.8278 | Val Loss: 0.3679 | Val Acc: 0.8926
2026-08-25 10:34:55 [INFO] ✓ Saved best model: Val Acc=0.8926 at epoch 16
2026-08-25 10:34:56 [INFO] Epoch 017 | Train Loss: 0.9084 | Train Acc: 0.8143 | Val Loss: 0.3799 | Val Acc: 0.8630
2026-08-25 10:34:57 [INFO] Epoch 018 | Train Loss: 0.8499 | Train Acc: 0.8333 | Val Loss: 0.3567 | Val Acc: 0.8778
2026-08-25 10:34:57 [INFO] Epoch 019 | Train Loss: 0.7975 | Train Acc: 0.8452 | Val Loss: 0.3337 | Val Acc: 0.8815
2026-08-25 10:34:58 [INFO] Epoch 020 | Train Loss: 0.8511 | Train Acc: 0.8302 | Val Loss: 0.3427 | Val Acc: 0.8815
2026-08-25 10:34:59 [INFO] Epoch 021 | Train Loss: 0.7756 | Train Acc: 0.8468 | Val Loss: 0.3144 | Val Acc: 0.9000
2026-08-25 10:34:59 [INFO] ✓ Saved best model: Val Acc=0.9000 at epoch 21
2026-08-25 10:34:59 [INFO] Epoch 022 | Train Loss: 0.8190 | Train Acc: 0.8373 | Val Loss: 0.2922 | Val Acc: 0.9000
2026-08-25 10:35:00 [INFO] Epoch 023 | Train Loss: 0.7680 | Train Acc: 0.8548 | Val Loss: 0.2809 | Val Acc: 0.9111
2026-08-25 10:35:00 [INFO] ✓ Saved best model: Val Acc=0.9111 at epoch 23
2026-08-25 10:35:01 [INFO] Epoch 024 | Train Loss: 0.7827 | Train Acc: 0.8444 | Val Loss: 0.2626 | Val Acc: 0.9259
2026-08-25 10:35:01 [INFO] ✓ Saved best model: Val Acc=0.9259 at epoch 24
2026-08-25 10:35:01 [INFO] Epoch 025 | Train Loss: 0.6997 | Train Acc: 0.8722 | Val Loss: 0.2878 | Val Acc: 0.8963
2026-08-25 10:35:02 [INFO] Epoch 026 | Train Loss: 0.7043 | Train Acc: 0.8635 | Val Loss: 0.2577 | Val Acc: 0.8963
2026-08-25 10:35:03 [INFO] Epoch 027 | Train Loss: 0.6988 | Train Acc: 0.8714 | Val Loss: 0.2407 | Val Acc: 0.9037
2026-08-25 10:35:03 [INFO] Epoch 028 | Train Loss: 0.6604 | Train Acc: 0.8722 | Val Loss: 0.2505 | Val Acc: 0.9259
2026-08-25 10:35:04 [INFO] Epoch 029 | Train Loss: 0.6645 | Train Acc: 0.8802 | Val Loss: 0.1997 | Val Acc: 0.9296
2026-08-25 10:35:04 [INFO] ✓ Saved best model: Val Acc=0.9296 at epoch 29
2026-08-25 10:35:06 [INFO] Epoch 030 | Train Loss: 0.6058 | Train Acc: 0.8841 | Val Loss: 0.2071 | Val Acc: 0.9259
2026-08-25 10:35:07 [INFO] Epoch 031 | Train Loss: 0.6443 | Train Acc: 0.8746 | Val Loss: 0.2129 | Val Acc: 0.9148
2026-08-25 10:35:08 [INFO] Epoch 032 | Train Loss: 0.6429 | Train Acc: 0.8722 | Val Loss: 0.2497 | Val Acc: 0.9000
2026-08-25 10:35:09 [INFO] Epoch 033 | Train Loss: 0.5885 | Train Acc: 0.8897 | Val Loss: 0.2024 | Val Acc: 0.9259
2026-08-25 10:35:09 [INFO] Epoch 034 | Train Loss: 0.6104 | Train Acc: 0.8817 | Val Loss: 0.2209 | Val Acc: 0.9000
2026-08-25 10:35:10 [INFO] Epoch 035 | Train Loss: 0.5710 | Train Acc: 0.8849 | Val Loss: 0.1892 | Val Acc: 0.9370
2026-08-25 10:35:10 [INFO] ✓ Saved best model: Val Acc=0.9370 at epoch 35
2026-08-25 10:35:11 [INFO] Epoch 036 | Train Loss: 0.5787 | Train Acc: 0.8944 | Val Loss: 0.2027 | Val Acc: 0.9370
2026-08-25 10:35:11 [INFO] Epoch 037 | Train Loss: 0.5476 | Train Acc: 0.8889 | Val Loss: 0.1723 | Val Acc: 0.9222
2026-08-25 10:35:12 [INFO] Epoch 038 | Train Loss: 0.5399 | Train Acc: 0.9032 | Val Loss: 0.1625 | Val Acc: 0.9370
2026-08-25 10:35:13 [INFO] Epoch 039 | Train Loss: 0.5619 | Train Acc: 0.8992 | Val Loss: 0.3138 | Val Acc: 0.8778
2026-08-25 10:35:13 [INFO] Epoch 040 | Train Loss: 0.5379 | Train Acc: 0.9032 | Val Loss: 0.1850 | Val Acc: 0.9370
2026-08-25 10:35:14 [INFO] Epoch 041 | Train Loss: 0.5286 | Train Acc: 0.8897 | Val Loss: 0.1612 | Val Acc: 0.9444
2026-08-25 10:35:14 [INFO] ✓ Saved best model: Val Acc=0.9444 at epoch 41
2026-08-25 10:35:15 [INFO] Epoch 042 | Train Loss: 0.5397 | Train Acc: 0.8921 | Val Loss: 0.2249 | Val Acc: 0.9259
2026-08-25 10:35:15 [INFO] Epoch 043 | Train Loss: 0.4872 | Train Acc: 0.9063 | Val Loss: 0.1791 | Val Acc: 0.9444
2026-08-25 10:35:16 [INFO] Epoch 044 | Train Loss: 0.4406 | Train Acc: 0.9206 | Val Loss: 0.1522 | Val Acc: 0.9519
2026-08-25 10:35:16 [INFO] ✓ Saved best model: Val Acc=0.9519 at epoch 44
2026-08-25 10:35:17 [INFO] Epoch 045 | Train Loss: 0.4850 | Train Acc: 0.9103 | Val Loss: 0.1630 | Val Acc: 0.9519
2026-08-25 10:35:17 [INFO] Epoch 046 | Train Loss: 0.4735 | Train Acc: 0.9087 | Val Loss: 0.1577 | Val Acc: 0.9481
2026-08-25 10:35:18 [INFO] Epoch 047 | Train Loss: 0.5204 | Train Acc: 0.8960 | Val Loss: 0.1739 | Val Acc: 0.9222
2026-08-25 10:35:19 [INFO] Epoch 048 | Train Loss: 0.4682 | Train Acc: 0.9238 | Val Loss: 0.1665 | Val Acc: 0.9407
2026-08-25 10:35:20 [INFO] Epoch 049 | Train Loss: 0.4832 | Train Acc: 0.9048 | Val Loss: 0.1763 | Val Acc: 0.9519
2026-08-25 10:35:22 [INFO] Epoch 050 | Train Loss: 0.4574 | Train Acc: 0.9214 | Val Loss: 0.1564 | Val Acc: 0.9556
2026-08-25 10:35:22 [INFO] ✓ Saved best model: Val Acc=0.9556 at epoch 50
2026-08-25 10:35:23 [INFO] Epoch 051 | Train Loss: 0.3852 | Train Acc: 0.9286 | Val Loss: 0.1491 | Val Acc: 0.9593
2026-08-25 10:35:23 [INFO] ✓ Saved best model: Val Acc=0.9593 at epoch 51
2026-08-25 10:35:24 [INFO] Epoch 052 | Train Loss: 0.4174 | Train Acc: 0.9254 | Val Loss: 0.1546 | Val Acc: 0.9556
2026-08-25 10:35:24 [INFO] Epoch 053 | Train Loss: 0.3921 | Train Acc: 0.9278 | Val Loss: 0.1565 | Val Acc: 0.9556
2026-08-25 10:35:25 [INFO] Epoch 054 | Train Loss: 0.4138 | Train Acc: 0.9230 | Val Loss: 0.1518 | Val Acc: 0.9593
2026-08-25 10:35:26 [INFO] Epoch 055 | Train Loss: 0.3912 | Train Acc: 0.9317 | Val Loss: 0.1502 | Val Acc: 0.9593
2026-08-25 10:35:26 [INFO] Epoch 056 | Train Loss: 0.3977 | Train Acc: 0.9270 | Val Loss: 0.1606 | Val Acc: 0.9556
2026-08-25 10:35:27 [INFO] Epoch 057 | Train Loss: 0.3953 | Train Acc: 0.9270 | Val Loss: 0.1580 | Val Acc: 0.9593
2026-08-25 10:35:28 [INFO] Epoch 058 | Train Loss: 0.4124 | Train Acc: 0.9262 | Val Loss: 0.1530 | Val Acc: 0.9593
2026-08-25 10:35:28 [INFO] Epoch 059 | Train Loss: 0.3941 | Train Acc: 0.9294 | Val Loss: 0.1586 | Val Acc: 0.9556
2026-08-25 10:35:29 [INFO] Epoch 060 | Train Loss: 0.3772 | Train Acc: 0.9302 | Val Loss: 0.1444 | Val Acc: 0.9556
2026-08-25 10:35:30 [INFO] Epoch 061 | Train Loss: 0.3813 | Train Acc: 0.9349 | Val Loss: 0.1509 | Val Acc: 0.9630
2026-08-25 10:35:30 [INFO] ✓ Saved best model: Val Acc=0.9630 at epoch 61
2026-08-25 10:35:30 [INFO] Epoch 062 | Train Loss: 0.3602 | Train Acc: 0.9373 | Val Loss: 0.1497 | Val Acc: 0.9556
2026-08-25 10:35:31 [INFO] Epoch 063 | Train Loss: 0.3695 | Train Acc: 0.9294 | Val Loss: 0.1552 | Val Acc: 0.9630
2026-08-25 10:35:32 [INFO] Epoch 064 | Train Loss: 0.3797 | Train Acc: 0.9278 | Val Loss: 0.1618 | Val Acc: 0.9593
2026-08-25 10:35:32 [INFO] Epoch 065 | Train Loss: 0.3830 | Train Acc: 0.9381 | Val Loss: 0.1547 | Val Acc: 0.9593
2026-08-25 10:35:33 [INFO] Epoch 066 | Train Loss: 0.3656 | Train Acc: 0.9397 | Val Loss: 0.1480 | Val Acc: 0.9593
2026-08-25 10:35:34 [INFO] Epoch 067 | Train Loss: 0.3732 | Train Acc: 0.9405 | Val Loss: 0.1403 | Val Acc: 0.9556
2026-08-25 10:35:35 [INFO] Epoch 068 | Train Loss: 0.3736 | Train Acc: 0.9341 | Val Loss: 0.1508 | Val Acc: 0.9593
2026-08-25 10:35:37 [INFO] Epoch 069 | Train Loss: 0.3521 | Train Acc: 0.9373 | Val Loss: 0.1449 | Val Acc: 0.9556
2026-08-25 10:35:38 [INFO] Epoch 070 | Train Loss: 0.3416 | Train Acc: 0.9460 | Val Loss: 0.1463 | Val Acc: 0.9519
2026-08-25 10:35:39 [INFO] Epoch 071 | Train Loss: 0.3860 | Train Acc: 0.9349 | Val Loss: 0.1471 | Val Acc: 0.9593
2026-08-25 10:35:39 [INFO] Epoch 072 | Train Loss: 0.3562 | Train Acc: 0.9437 | Val Loss: 0.1412 | Val Acc: 0.9556
2026-08-25 10:35:40 [INFO] Epoch 073 | Train Loss: 0.3503 | Train Acc: 0.9397 | Val Loss: 0.1436 | Val Acc: 0.9556
2026-08-25 10:35:41 [INFO] Epoch 074 | Train Loss: 0.3490 | Train Acc: 0.9397 | Val Loss: 0.1413 | Val Acc: 0.9593
2026-08-25 10:35:41 [INFO] Epoch 075 | Train Loss: 0.3397 | Train Acc: 0.9500 | Val Loss: 0.1475 | Val Acc: 0.9593
2026-08-25 10:35:42 [INFO] Epoch 076 | Train Loss: 0.3577 | Train Acc: 0.9317 | Val Loss: 0.1411 | Val Acc: 0.9630
2026-08-25 10:35:43 [INFO] Epoch 077 | Train Loss: 0.3424 | Train Acc: 0.9437 | Val Loss: 0.1461 | Val Acc: 0.9630
2026-08-25 10:35:43 [INFO] Epoch 078 | Train Loss: 0.3866 | Train Acc: 0.9373 | Val Loss: 0.1523 | Val Acc: 0.9630
2026-08-25 10:35:44 [INFO] Epoch 079 | Train Loss: 0.3667 | Train Acc: 0.9317 | Val Loss: 0.1522 | Val Acc: 0.9593
2026-08-25 10:35:45 [INFO] Epoch 080 | Train Loss: 0.3742 | Train Acc: 0.9302 | Val Loss: 0.1511 | Val Acc: 0.9593
2026-08-25 10:35:45 [INFO] Epoch 081 | Train Loss: 0.3566 | Train Acc: 0.9444 | Val Loss: 0.1591 | Val Acc: 0.9593
2026-08-25 10:35:45 [INFO] ⏹ Early stopping tại epoch 81 (không cải thiện sau 20 epoch, best=0.9630)
2026-08-25 10:35:45 [INFO] Evaluating Best Model on TEST Set...
2026-08-25 10:35:45 [INFO] 
[RESUME] Đang nạp checkpoint từ: /home/biu-linux/DeepLearning_Projects/DoAnNganh/HybricMamba/Ressult/TFJ/LIGHT_HYBRIC_MAMBA/NEU-DET_surface-dec/LIGHT_HYBRIC_MAMBA_best.pth
2026-08-25 10:35:45 [INFO] 🎯 [TEST RESULT] Test Acc: 0.9481 | F1-Macro: 0.9477 | F1-Weighted: 0.9477
2026-08-25 10:37:17 [INFO] Dataset: NEU-DET_surface-dec | Số nhãn (classes): 6 | Tổng số ảnh: 1800
2026-08-25 10:37:17 [INFO] Dữ liệu đã chia -> Train (70%): 1260 | Val (15%): 270 | Test (15%): 270
2026-08-25 10:37:17 [INFO] 
🔍 Kiểm tra phân bố class trong batch:
2026-08-25 10:37:19 [INFO]   Batch 0: 6 classes (first 5: [0, 1, 2, 3, 4])
2026-08-25 10:37:19 [INFO]   Batch 1: 6 classes (first 5: [0, 1, 2, 3, 4])
2026-08-25 10:37:19 [INFO]   Batch 2: 6 classes (first 5: [0, 1, 2, 3, 4])
2026-08-25 10:37:19 [INFO]   Batch 3: 6 classes (first 5: [0, 1, 2, 3, 4])
2026-08-25 10:37:19 [INFO]   Batch 4: 6 classes (first 5: [0, 1, 2, 3, 4])
2026-08-25 10:37:19 [WARNING] ⚠️ WARNING: Trung bình 6.0 classes/batch - Dữ liệu chưa được trộn đều!
2026-08-25 10:37:19 [INFO] ============================================================
2026-08-25 10:37:19 [INFO] Starting training: LIGHT_HYBRIC_MAMBA
2026-08-25 10:37:19 [INFO] Dataset: NEU-DET_surface-dec | Path: /home/biu-linux/DeepLearning_Projects/DoAnNganh/data/NEU-DET
2026-08-25 10:37:19 [INFO] Device: cuda
2026-08-25 10:37:19 [INFO] GPU: NVIDIA GeForce RTX 3050 Laptop GPU
2026-08-25 10:37:19 [INFO] ============================================================
2026-08-25 10:37:23 [INFO] Epoch 000 | Train Loss: 2.6662 | Train Acc: 0.3325 | Val Loss: 1.7568 | Val Acc: 0.2370
2026-08-25 10:37:23 [INFO] ✓ Saved best model: Val Acc=0.2370 at epoch 0
2026-08-25 10:37:23 [INFO] Epoch 001 | Train Loss: 2.2929 | Train Acc: 0.4722 | Val Loss: 1.3750 | Val Acc: 0.4667
2026-08-25 10:37:23 [INFO] ✓ Saved best model: Val Acc=0.4667 at epoch 1
2026-08-25 10:37:24 [INFO] Epoch 002 | Train Loss: 2.0240 | Train Acc: 0.5659 | Val Loss: 0.9302 | Val Acc: 0.6778
2026-08-25 10:37:24 [INFO] ✓ Saved best model: Val Acc=0.6778 at epoch 2
2026-08-25 10:37:25 [INFO] Epoch 003 | Train Loss: 1.7464 | Train Acc: 0.6341 | Val Loss: 0.7631 | Val Acc: 0.7370
2026-08-25 10:37:25 [INFO] ✓ Saved best model: Val Acc=0.7370 at epoch 3
2026-08-25 10:37:26 [INFO] Epoch 004 | Train Loss: 1.5867 | Train Acc: 0.6675 | Val Loss: 0.7367 | Val Acc: 0.7074
2026-08-25 10:37:26 [INFO] Epoch 005 | Train Loss: 1.3864 | Train Acc: 0.7214 | Val Loss: 0.6149 | Val Acc: 0.7296
2026-08-25 10:37:27 [INFO] Epoch 006 | Train Loss: 1.3236 | Train Acc: 0.7333 | Val Loss: 0.7882 | Val Acc: 0.7444
2026-08-25 10:37:27 [INFO] ✓ Saved best model: Val Acc=0.7444 at epoch 6
2026-08-25 10:37:28 [INFO] Epoch 007 | Train Loss: 1.2372 | Train Acc: 0.7484 | Val Loss: 0.5434 | Val Acc: 0.8037
2026-08-25 10:37:28 [INFO] ✓ Saved best model: Val Acc=0.8037 at epoch 7
2026-08-25 10:37:28 [INFO] Epoch 008 | Train Loss: 1.1502 | Train Acc: 0.7714 | Val Loss: 0.4840 | Val Acc: 0.8185
2026-08-25 10:37:28 [INFO] ✓ Saved best model: Val Acc=0.8185 at epoch 8
2026-08-25 10:37:29 [INFO] Epoch 009 | Train Loss: 1.0935 | Train Acc: 0.7810 | Val Loss: 0.4588 | Val Acc: 0.8556
2026-08-25 10:37:29 [INFO] ✓ Saved best model: Val Acc=0.8556 at epoch 9
2026-08-25 10:37:30 [INFO] Epoch 010 | Train Loss: 1.0441 | Train Acc: 0.7794 | Val Loss: 0.4235 | Val Acc: 0.8667
2026-08-25 10:37:30 [INFO] ✓ Saved best model: Val Acc=0.8667 at epoch 10
2026-08-25 10:37:32 [INFO] Epoch 011 | Train Loss: 0.9640 | Train Acc: 0.7905 | Val Loss: 0.4760 | Val Acc: 0.7778
2026-08-25 10:37:33 [INFO] Epoch 012 | Train Loss: 0.8984 | Train Acc: 0.8175 | Val Loss: 0.4026 | Val Acc: 0.8630
2026-08-25 10:37:34 [INFO] Epoch 013 | Train Loss: 0.9472 | Train Acc: 0.7937 | Val Loss: 0.3924 | Val Acc: 0.8556
2026-08-25 10:37:35 [INFO] Epoch 014 | Train Loss: 0.8807 | Train Acc: 0.8246 | Val Loss: 0.3928 | Val Acc: 0.8370
2026-08-25 10:37:35 [INFO] Epoch 015 | Train Loss: 0.8595 | Train Acc: 0.8119 | Val Loss: 0.3664 | Val Acc: 0.8519
2026-08-25 10:37:36 [INFO] Epoch 016 | Train Loss: 0.8284 | Train Acc: 0.8230 | Val Loss: 0.3259 | Val Acc: 0.9000
2026-08-25 10:37:36 [INFO] ✓ Saved best model: Val Acc=0.9000 at epoch 16
2026-08-25 10:37:37 [INFO] Epoch 017 | Train Loss: 0.8160 | Train Acc: 0.8317 | Val Loss: 0.4232 | Val Acc: 0.8185
2026-08-25 10:37:37 [INFO] Epoch 018 | Train Loss: 0.7351 | Train Acc: 0.8563 | Val Loss: 0.3432 | Val Acc: 0.8630
2026-08-25 10:37:38 [INFO] Epoch 019 | Train Loss: 0.6688 | Train Acc: 0.8706 | Val Loss: 0.2997 | Val Acc: 0.8852
2026-08-25 10:37:39 [INFO] Epoch 020 | Train Loss: 0.6786 | Train Acc: 0.8595 | Val Loss: 0.4652 | Val Acc: 0.7852
2026-08-25 10:37:39 [INFO] Epoch 021 | Train Loss: 0.6772 | Train Acc: 0.8556 | Val Loss: 0.2783 | Val Acc: 0.8889
2026-08-25 10:37:40 [INFO] Epoch 022 | Train Loss: 0.6551 | Train Acc: 0.8738 | Val Loss: 0.2763 | Val Acc: 0.9037
2026-08-25 10:37:40 [INFO] ✓ Saved best model: Val Acc=0.9037 at epoch 22
2026-08-25 10:37:41 [INFO] Epoch 023 | Train Loss: 0.6416 | Train Acc: 0.8722 | Val Loss: 0.3189 | Val Acc: 0.8815
2026-08-25 10:37:42 [INFO] Epoch 024 | Train Loss: 0.5724 | Train Acc: 0.8897 | Val Loss: 0.3780 | Val Acc: 0.8630
2026-08-25 10:37:42 [INFO] Epoch 025 | Train Loss: 0.6031 | Train Acc: 0.8698 | Val Loss: 0.2623 | Val Acc: 0.9000
2026-08-25 10:37:43 [INFO] Epoch 026 | Train Loss: 0.5677 | Train Acc: 0.8873 | Val Loss: 0.2710 | Val Acc: 0.9000
2026-08-25 10:37:44 [INFO] Epoch 027 | Train Loss: 0.5740 | Train Acc: 0.8825 | Val Loss: 0.2736 | Val Acc: 0.8889
2026-08-25 10:37:44 [INFO] Epoch 028 | Train Loss: 0.5469 | Train Acc: 0.8905 | Val Loss: 0.2343 | Val Acc: 0.8963
2026-08-25 10:37:46 [INFO] Epoch 029 | Train Loss: 0.5155 | Train Acc: 0.9000 | Val Loss: 0.2624 | Val Acc: 0.8889
2026-08-25 10:37:48 [INFO] Epoch 030 | Train Loss: 0.5542 | Train Acc: 0.8841 | Val Loss: 0.2953 | Val Acc: 0.8926
2026-08-25 10:37:49 [INFO] Epoch 031 | Train Loss: 0.5523 | Train Acc: 0.8873 | Val Loss: 0.3540 | Val Acc: 0.8852
2026-08-25 10:37:49 [INFO] Epoch 032 | Train Loss: 0.5103 | Train Acc: 0.9048 | Val Loss: 0.2542 | Val Acc: 0.9074
2026-08-25 10:37:49 [INFO] ✓ Saved best model: Val Acc=0.9074 at epoch 32
2026-08-25 10:37:50 [INFO] Epoch 033 | Train Loss: 0.4591 | Train Acc: 0.9167 | Val Loss: 0.2327 | Val Acc: 0.9111
2026-08-25 10:37:50 [INFO] ✓ Saved best model: Val Acc=0.9111 at epoch 33
2026-08-25 10:37:51 [INFO] Epoch 034 | Train Loss: 0.4862 | Train Acc: 0.8952 | Val Loss: 0.2611 | Val Acc: 0.8963
2026-08-25 10:37:51 [INFO] Epoch 035 | Train Loss: 0.4839 | Train Acc: 0.8944 | Val Loss: 0.2585 | Val Acc: 0.9074
2026-08-25 10:37:52 [INFO] Epoch 036 | Train Loss: 0.4579 | Train Acc: 0.9032 | Val Loss: 0.2562 | Val Acc: 0.9074
2026-08-25 10:37:53 [INFO] Epoch 037 | Train Loss: 0.4378 | Train Acc: 0.9127 | Val Loss: 0.3846 | Val Acc: 0.8815
2026-08-25 10:37:53 [INFO] Epoch 038 | Train Loss: 0.3832 | Train Acc: 0.9270 | Val Loss: 0.3190 | Val Acc: 0.8852
2026-08-25 10:37:54 [INFO] Epoch 039 | Train Loss: 0.4501 | Train Acc: 0.9119 | Val Loss: 0.2127 | Val Acc: 0.9259
2026-08-25 10:37:54 [INFO] ✓ Saved best model: Val Acc=0.9259 at epoch 39
2026-08-25 10:37:55 [INFO] Epoch 040 | Train Loss: 0.4290 | Train Acc: 0.9206 | Val Loss: 0.2694 | Val Acc: 0.9037
2026-08-25 10:37:56 [INFO] Epoch 041 | Train Loss: 0.4029 | Train Acc: 0.9262 | Val Loss: 0.3698 | Val Acc: 0.8593
2026-08-25 10:37:56 [INFO] Epoch 042 | Train Loss: 0.4460 | Train Acc: 0.9095 | Val Loss: 0.2730 | Val Acc: 0.8852
2026-08-25 10:37:57 [INFO] Epoch 043 | Train Loss: 0.3647 | Train Acc: 0.9310 | Val Loss: 0.1937 | Val Acc: 0.9296
2026-08-25 10:37:57 [INFO] ✓ Saved best model: Val Acc=0.9296 at epoch 43
2026-08-25 10:37:58 [INFO] Epoch 044 | Train Loss: 0.3742 | Train Acc: 0.9341 | Val Loss: 0.1984 | Val Acc: 0.9333
2026-08-25 10:37:58 [INFO] ✓ Saved best model: Val Acc=0.9333 at epoch 44
2026-08-25 10:37:58 [INFO] Epoch 045 | Train Loss: 0.3598 | Train Acc: 0.9325 | Val Loss: 0.2561 | Val Acc: 0.9037
2026-08-25 10:37:59 [INFO] Epoch 046 | Train Loss: 0.4294 | Train Acc: 0.9111 | Val Loss: 0.1906 | Val Acc: 0.9148
2026-08-25 10:38:01 [INFO] Epoch 047 | Train Loss: 0.3762 | Train Acc: 0.9325 | Val Loss: 0.1827 | Val Acc: 0.9296
2026-08-25 10:38:03 [INFO] Epoch 048 | Train Loss: 0.4235 | Train Acc: 0.9238 | Val Loss: 0.2910 | Val Acc: 0.8778
2026-08-25 10:38:04 [INFO] Epoch 049 | Train Loss: 0.3914 | Train Acc: 0.9222 | Val Loss: 0.2315 | Val Acc: 0.9185
2026-08-25 10:38:04 [INFO] Epoch 050 | Train Loss: 0.3400 | Train Acc: 0.9397 | Val Loss: 0.2164 | Val Acc: 0.9148
2026-08-25 10:38:05 [INFO] Epoch 051 | Train Loss: 0.3177 | Train Acc: 0.9429 | Val Loss: 0.1805 | Val Acc: 0.9333
2026-08-25 10:38:06 [INFO] Epoch 052 | Train Loss: 0.3129 | Train Acc: 0.9429 | Val Loss: 0.1875 | Val Acc: 0.9296
2026-08-25 10:38:06 [INFO] Epoch 053 | Train Loss: 0.2870 | Train Acc: 0.9492 | Val Loss: 0.1855 | Val Acc: 0.9222
2026-08-25 10:38:07 [INFO] Epoch 054 | Train Loss: 0.2871 | Train Acc: 0.9500 | Val Loss: 0.1798 | Val Acc: 0.9296
2026-08-25 10:38:08 [INFO] Epoch 055 | Train Loss: 0.2764 | Train Acc: 0.9492 | Val Loss: 0.1769 | Val Acc: 0.9296
2026-08-25 10:38:08 [INFO] Epoch 056 | Train Loss: 0.2839 | Train Acc: 0.9468 | Val Loss: 0.1875 | Val Acc: 0.9222
2026-08-25 10:38:09 [INFO] Epoch 057 | Train Loss: 0.2979 | Train Acc: 0.9484 | Val Loss: 0.1922 | Val Acc: 0.9222
2026-08-25 10:38:10 [INFO] Epoch 058 | Train Loss: 0.3090 | Train Acc: 0.9421 | Val Loss: 0.1886 | Val Acc: 0.9222
2026-08-25 10:38:11 [INFO] Epoch 059 | Train Loss: 0.2926 | Train Acc: 0.9468 | Val Loss: 0.1982 | Val Acc: 0.9185
2026-08-25 10:38:11 [INFO] Epoch 060 | Train Loss: 0.2799 | Train Acc: 0.9532 | Val Loss: 0.1936 | Val Acc: 0.9222
2026-08-25 10:38:12 [INFO] Epoch 061 | Train Loss: 0.3190 | Train Acc: 0.9349 | Val Loss: 0.1877 | Val Acc: 0.9259
2026-08-25 10:38:13 [INFO] Epoch 062 | Train Loss: 0.2911 | Train Acc: 0.9484 | Val Loss: 0.1930 | Val Acc: 0.9222
2026-08-25 10:38:13 [INFO] Epoch 063 | Train Loss: 0.2874 | Train Acc: 0.9540 | Val Loss: 0.2091 | Val Acc: 0.9185
2026-08-25 10:38:14 [INFO] Epoch 064 | Train Loss: 0.3058 | Train Acc: 0.9444 | Val Loss: 0.1945 | Val Acc: 0.9222
2026-08-25 10:38:16 [INFO] Epoch 065 | Train Loss: 0.2783 | Train Acc: 0.9587 | Val Loss: 0.1931 | Val Acc: 0.9259
2026-08-25 10:38:17 [INFO] Epoch 066 | Train Loss: 0.3066 | Train Acc: 0.9452 | Val Loss: 0.1801 | Val Acc: 0.9259
2026-08-25 10:38:18 [INFO] Epoch 067 | Train Loss: 0.3214 | Train Acc: 0.9349 | Val Loss: 0.1708 | Val Acc: 0.9444
2026-08-25 10:38:18 [INFO] ✓ Saved best model: Val Acc=0.9444 at epoch 67
2026-08-25 10:38:19 [INFO] Epoch 068 | Train Loss: 0.2773 | Train Acc: 0.9508 | Val Loss: 0.1819 | Val Acc: 0.9222
2026-08-25 10:38:20 [INFO] Epoch 069 | Train Loss: 0.2812 | Train Acc: 0.9524 | Val Loss: 0.1789 | Val Acc: 0.9222
2026-08-25 10:38:20 [INFO] Epoch 070 | Train Loss: 0.2780 | Train Acc: 0.9548 | Val Loss: 0.1934 | Val Acc: 0.9259
2026-08-25 10:38:21 [INFO] Epoch 071 | Train Loss: 0.2858 | Train Acc: 0.9500 | Val Loss: 0.1967 | Val Acc: 0.9222
2026-08-25 10:38:22 [INFO] Epoch 072 | Train Loss: 0.3433 | Train Acc: 0.9365 | Val Loss: 0.1851 | Val Acc: 0.9259
2026-08-25 10:38:23 [INFO] Epoch 073 | Train Loss: 0.2899 | Train Acc: 0.9508 | Val Loss: 0.1773 | Val Acc: 0.9222
2026-08-25 10:38:23 [INFO] Epoch 074 | Train Loss: 0.2940 | Train Acc: 0.9460 | Val Loss: 0.1924 | Val Acc: 0.9185
2026-08-25 10:38:24 [INFO] Epoch 075 | Train Loss: 0.2931 | Train Acc: 0.9468 | Val Loss: 0.1898 | Val Acc: 0.9148
2026-08-25 10:38:25 [INFO] Epoch 076 | Train Loss: 0.2560 | Train Acc: 0.9579 | Val Loss: 0.1816 | Val Acc: 0.9259
2026-08-25 10:38:25 [INFO] Epoch 077 | Train Loss: 0.2572 | Train Acc: 0.9643 | Val Loss: 0.1708 | Val Acc: 0.9333
2026-08-25 10:38:26 [INFO] Epoch 078 | Train Loss: 0.2674 | Train Acc: 0.9548 | Val Loss: 0.1852 | Val Acc: 0.9259
2026-08-25 10:38:27 [INFO] Epoch 079 | Train Loss: 0.2989 | Train Acc: 0.9397 | Val Loss: 0.1893 | Val Acc: 0.9185
2026-08-25 10:38:28 [INFO] Epoch 080 | Train Loss: 0.2586 | Train Acc: 0.9532 | Val Loss: 0.1937 | Val Acc: 0.9222
2026-08-25 10:38:28 [INFO] Epoch 081 | Train Loss: 0.2661 | Train Acc: 0.9540 | Val Loss: 0.1812 | Val Acc: 0.9259
2026-08-25 10:38:29 [INFO] Epoch 082 | Train Loss: 0.2624 | Train Acc: 0.9524 | Val Loss: 0.1759 | Val Acc: 0.9222
2026-08-25 10:38:30 [INFO] Epoch 083 | Train Loss: 0.2797 | Train Acc: 0.9508 | Val Loss: 0.1782 | Val Acc: 0.9222
2026-08-25 10:38:32 [INFO] Epoch 084 | Train Loss: 0.2692 | Train Acc: 0.9532 | Val Loss: 0.1787 | Val Acc: 0.9259
2026-08-25 10:38:33 [INFO] Epoch 085 | Train Loss: 0.2549 | Train Acc: 0.9611 | Val Loss: 0.1679 | Val Acc: 0.9296
2026-08-25 10:38:34 [INFO] Epoch 086 | Train Loss: 0.2716 | Train Acc: 0.9563 | Val Loss: 0.1826 | Val Acc: 0.9185
2026-08-25 10:38:35 [INFO] Epoch 087 | Train Loss: 0.2809 | Train Acc: 0.9460 | Val Loss: 0.1739 | Val Acc: 0.9259
2026-08-25 10:38:35 [INFO] Epoch 088 | Train Loss: 0.2735 | Train Acc: 0.9595 | Val Loss: 0.1662 | Val Acc: 0.9407
2026-08-25 10:38:36 [INFO] Epoch 089 | Train Loss: 0.2920 | Train Acc: 0.9452 | Val Loss: 0.1735 | Val Acc: 0.9333
2026-08-25 10:38:37 [INFO] Epoch 090 | Train Loss: 0.2639 | Train Acc: 0.9587 | Val Loss: 0.1776 | Val Acc: 0.9259
2026-08-25 10:38:38 [INFO] Epoch 091 | Train Loss: 0.2687 | Train Acc: 0.9548 | Val Loss: 0.1769 | Val Acc: 0.9259
2026-08-25 10:38:38 [INFO] Epoch 092 | Train Loss: 0.2757 | Train Acc: 0.9476 | Val Loss: 0.1670 | Val Acc: 0.9333
2026-08-25 10:38:38 [INFO] ⏹ Early stopping tại epoch 92 (không cải thiện sau 25 epoch, best=0.9444)
2026-08-25 10:38:38 [INFO] Evaluating Best Model on TEST Set...
2026-08-25 10:38:38 [INFO] 
[RESUME] Đang nạp checkpoint từ: /home/biu-linux/DeepLearning_Projects/DoAnNganh/HybricMamba/Ressult/TFJ/LIGHT_HYBRIC_MAMBA/NEU-DET_surface-dec/LIGHT_HYBRIC_MAMBA_best.pth
2026-08-25 10:38:38 [INFO] 🎯 [TEST RESULT] Test Acc: 0.9519 | F1-Macro: 0.9517 | F1-Weighted: 0.9517
2026-08-25 10:44:32 [INFO] Dataset: NEU-DET_surface-dec | Số nhãn (classes): 6 | Tổng số ảnh: 1800
2026-08-25 10:44:32 [INFO] Dữ liệu đã chia -> Train (70%): 1260 | Val (15%): 270 | Test (15%): 270
2026-08-25 10:44:32 [INFO] 
🔍 Kiểm tra phân bố class trong batch:
2026-08-25 10:44:32 [INFO]   Batch 0: 6 classes (first 5: [0, 1, 2, 3, 4])
2026-08-25 10:44:32 [INFO]   Batch 1: 6 classes (first 5: [0, 1, 2, 3, 4])
2026-08-25 10:44:32 [INFO]   Batch 2: 6 classes (first 5: [0, 1, 2, 3, 4])
2026-08-25 10:44:32 [INFO]   Batch 3: 6 classes (first 5: [0, 1, 2, 3, 4])
2026-08-25 10:44:32 [INFO]   Batch 4: 6 classes (first 5: [0, 1, 2, 3, 4])
2026-08-25 10:44:32 [WARNING] ⚠️ WARNING: Trung bình 6.0 classes/batch - Dữ liệu chưa được trộn đều!
2026-08-25 10:44:32 [INFO] ============================================================
2026-08-25 10:44:32 [INFO] Starting training: LIGHT_HYBRIC_MAMBA
2026-08-25 10:44:32 [INFO] Dataset: NEU-DET_surface-dec | Path: /home/biu-linux/DeepLearning_Projects/DoAnNganh/data/NEU-DET
2026-08-25 10:44:32 [INFO] Device: cuda
2026-08-25 10:44:32 [INFO] GPU: NVIDIA GeForce RTX 3050 Laptop GPU
2026-08-25 10:44:32 [INFO] ============================================================
2026-08-25 10:44:37 [INFO] Epoch 000 | Train Loss: 2.8588 | Train Acc: 0.1992 | Val Loss: 1.7596 | Val Acc: 0.2000
2026-08-25 10:44:37 [INFO] ✓ Saved best model: Val Acc=0.2000 at epoch 0
2026-08-25 10:44:38 [INFO] Epoch 001 | Train Loss: 2.6730 | Train Acc: 0.3540 | Val Loss: 1.5498 | Val Acc: 0.4370
2026-08-25 10:44:39 [INFO] ✓ Saved best model: Val Acc=0.4370 at epoch 1
2026-08-25 10:44:39 [INFO] Epoch 002 | Train Loss: 2.4005 | Train Acc: 0.4706 | Val Loss: 1.3227 | Val Acc: 0.5889
2026-08-25 10:44:39 [INFO] ✓ Saved best model: Val Acc=0.5889 at epoch 2
2026-08-25 10:44:40 [INFO] Epoch 003 | Train Loss: 2.1159 | Train Acc: 0.5214 | Val Loss: 1.1440 | Val Acc: 0.6370
2026-08-25 10:44:40 [INFO] ✓ Saved best model: Val Acc=0.6370 at epoch 3
2026-08-25 10:44:41 [INFO] Epoch 004 | Train Loss: 1.9005 | Train Acc: 0.5722 | Val Loss: 0.9693 | Val Acc: 0.6926
2026-08-25 10:44:41 [INFO] ✓ Saved best model: Val Acc=0.6926 at epoch 4
2026-08-25 10:44:41 [INFO] Epoch 005 | Train Loss: 1.7264 | Train Acc: 0.6310 | Val Loss: 0.8945 | Val Acc: 0.7111
2026-08-25 10:44:41 [INFO] ✓ Saved best model: Val Acc=0.7111 at epoch 5
2026-08-25 10:44:42 [INFO] Epoch 006 | Train Loss: 1.5095 | Train Acc: 0.6833 | Val Loss: 0.7196 | Val Acc: 0.7593
2026-08-25 10:44:42 [INFO] ✓ Saved best model: Val Acc=0.7593 at epoch 6
2026-08-25 10:44:43 [INFO] Epoch 007 | Train Loss: 1.3902 | Train Acc: 0.7198 | Val Loss: 0.6667 | Val Acc: 0.8037
2026-08-25 10:44:43 [INFO] ✓ Saved best model: Val Acc=0.8037 at epoch 7
2026-08-25 10:44:44 [INFO] Epoch 008 | Train Loss: 1.2362 | Train Acc: 0.7603 | Val Loss: 0.6411 | Val Acc: 0.7593
2026-08-25 10:44:44 [INFO] Epoch 009 | Train Loss: 1.2268 | Train Acc: 0.7579 | Val Loss: 0.6445 | Val Acc: 0.8037
2026-08-25 10:44:45 [INFO] Epoch 010 | Train Loss: 1.1382 | Train Acc: 0.7825 | Val Loss: 0.5373 | Val Acc: 0.8444
2026-08-25 10:44:45 [INFO] ✓ Saved best model: Val Acc=0.8444 at epoch 10
2026-08-25 10:44:46 [INFO] Epoch 011 | Train Loss: 1.0474 | Train Acc: 0.8167 | Val Loss: 0.4896 | Val Acc: 0.8222
2026-08-25 10:44:47 [INFO] Epoch 012 | Train Loss: 0.9731 | Train Acc: 0.8278 | Val Loss: 0.4449 | Val Acc: 0.8444
2026-08-25 10:44:47 [INFO] Epoch 013 | Train Loss: 0.9032 | Train Acc: 0.8429 | Val Loss: 0.4230 | Val Acc: 0.8333
2026-08-25 10:44:48 [INFO] Epoch 014 | Train Loss: 0.8601 | Train Acc: 0.8492 | Val Loss: 0.4014 | Val Acc: 0.8519
2026-08-25 10:44:48 [INFO] ✓ Saved best model: Val Acc=0.8519 at epoch 14
2026-08-25 10:44:49 [INFO] Epoch 015 | Train Loss: 0.8305 | Train Acc: 0.8516 | Val Loss: 0.3465 | Val Acc: 0.8667
2026-08-25 10:44:49 [INFO] ✓ Saved best model: Val Acc=0.8667 at epoch 15
2026-08-25 10:44:50 [INFO] Epoch 016 | Train Loss: 0.8552 | Train Acc: 0.8365 | Val Loss: 0.3954 | Val Acc: 0.8593
2026-08-25 10:44:51 [INFO] Epoch 017 | Train Loss: 0.7967 | Train Acc: 0.8476 | Val Loss: 0.3851 | Val Acc: 0.8667
2026-08-25 10:44:53 [INFO] Epoch 018 | Train Loss: 0.7512 | Train Acc: 0.8563 | Val Loss: 0.3097 | Val Acc: 0.8815
2026-08-25 10:44:53 [INFO] ✓ Saved best model: Val Acc=0.8815 at epoch 18
2026-08-25 10:44:54 [INFO] Epoch 019 | Train Loss: 0.7275 | Train Acc: 0.8698 | Val Loss: 0.3100 | Val Acc: 0.8926
2026-08-25 10:44:54 [INFO] ✓ Saved best model: Val Acc=0.8926 at epoch 19
2026-08-25 10:44:55 [INFO] Epoch 020 | Train Loss: 0.6288 | Train Acc: 0.9024 | Val Loss: 0.3106 | Val Acc: 0.8852
2026-08-25 10:44:56 [INFO] Epoch 021 | Train Loss: 0.6408 | Train Acc: 0.8802 | Val Loss: 0.2664 | Val Acc: 0.8889
2026-08-25 10:44:56 [INFO] Epoch 022 | Train Loss: 0.6437 | Train Acc: 0.8794 | Val Loss: 0.3278 | Val Acc: 0.8815
2026-08-25 10:44:57 [INFO] Epoch 023 | Train Loss: 0.6186 | Train Acc: 0.8857 | Val Loss: 0.2850 | Val Acc: 0.8926
2026-08-25 10:44:58 [INFO] Epoch 024 | Train Loss: 0.5907 | Train Acc: 0.8865 | Val Loss: 0.2814 | Val Acc: 0.8852
2026-08-25 10:44:58 [INFO] Epoch 025 | Train Loss: 0.5529 | Train Acc: 0.8952 | Val Loss: 0.3550 | Val Acc: 0.8704
2026-08-25 10:44:59 [INFO] Epoch 026 | Train Loss: 0.5777 | Train Acc: 0.8889 | Val Loss: 0.2671 | Val Acc: 0.8741
2026-08-25 10:45:00 [INFO] Epoch 027 | Train Loss: 0.5952 | Train Acc: 0.8921 | Val Loss: 0.2256 | Val Acc: 0.9222
2026-08-25 10:45:00 [INFO] ✓ Saved best model: Val Acc=0.9222 at epoch 27
2026-08-25 10:45:01 [INFO] Epoch 028 | Train Loss: 0.5283 | Train Acc: 0.9056 | Val Loss: 0.2639 | Val Acc: 0.8889
2026-08-25 10:45:01 [INFO] Epoch 029 | Train Loss: 0.5298 | Train Acc: 0.9048 | Val Loss: 0.2154 | Val Acc: 0.9222
2026-08-25 10:45:02 [INFO] Epoch 030 | Train Loss: 0.5434 | Train Acc: 0.8968 | Val Loss: 0.3033 | Val Acc: 0.8852
2026-08-25 10:45:03 [INFO] Epoch 031 | Train Loss: 0.4951 | Train Acc: 0.9183 | Val Loss: 0.2512 | Val Acc: 0.9000
2026-08-25 10:45:04 [INFO] Epoch 032 | Train Loss: 0.4847 | Train Acc: 0.9119 | Val Loss: 0.2292 | Val Acc: 0.9148
2026-08-25 10:45:04 [INFO] Epoch 033 | Train Loss: 0.4747 | Train Acc: 0.9119 | Val Loss: 0.2427 | Val Acc: 0.9000
2026-08-25 10:45:05 [INFO] Epoch 034 | Train Loss: 0.4832 | Train Acc: 0.9024 | Val Loss: 0.2374 | Val Acc: 0.9148
2026-08-25 10:45:08 [INFO] Epoch 035 | Train Loss: 0.4413 | Train Acc: 0.9198 | Val Loss: 0.1995 | Val Acc: 0.9259
2026-08-25 10:45:08 [INFO] ✓ Saved best model: Val Acc=0.9259 at epoch 35
2026-08-25 10:45:09 [INFO] Epoch 036 | Train Loss: 0.4025 | Train Acc: 0.9270 | Val Loss: 0.1922 | Val Acc: 0.9259
2026-08-25 10:45:10 [INFO] Epoch 037 | Train Loss: 0.4234 | Train Acc: 0.9230 | Val Loss: 0.1916 | Val Acc: 0.9259
2026-08-25 10:45:10 [INFO] Epoch 038 | Train Loss: 0.4071 | Train Acc: 0.9333 | Val Loss: 0.1814 | Val Acc: 0.9296
2026-08-25 10:45:10 [INFO] ✓ Saved best model: Val Acc=0.9296 at epoch 38
2026-08-25 10:45:11 [INFO] Epoch 039 | Train Loss: 0.3569 | Train Acc: 0.9405 | Val Loss: 0.1803 | Val Acc: 0.9259
2026-08-25 10:45:12 [INFO] Epoch 040 | Train Loss: 0.4038 | Train Acc: 0.9270 | Val Loss: 0.1818 | Val Acc: 0.9185
2026-08-25 10:45:13 [INFO] Epoch 041 | Train Loss: 0.3848 | Train Acc: 0.9302 | Val Loss: 0.1821 | Val Acc: 0.9259
2026-08-25 10:45:13 [INFO] Epoch 042 | Train Loss: 0.3762 | Train Acc: 0.9302 | Val Loss: 0.1775 | Val Acc: 0.9185
2026-08-25 10:45:14 [INFO] Epoch 043 | Train Loss: 0.3962 | Train Acc: 0.9286 | Val Loss: 0.1897 | Val Acc: 0.9074
2026-08-25 10:45:15 [INFO] Epoch 044 | Train Loss: 0.3776 | Train Acc: 0.9397 | Val Loss: 0.1792 | Val Acc: 0.9370
2026-08-25 10:45:15 [INFO] ✓ Saved best model: Val Acc=0.9370 at epoch 44
2026-08-25 10:45:16 [INFO] Epoch 045 | Train Loss: 0.3624 | Train Acc: 0.9397 | Val Loss: 0.1752 | Val Acc: 0.9407
2026-08-25 10:45:16 [INFO] ✓ Saved best model: Val Acc=0.9407 at epoch 45
2026-08-25 10:45:16 [INFO] Epoch 046 | Train Loss: 0.3871 | Train Acc: 0.9357 | Val Loss: 0.1752 | Val Acc: 0.9370
2026-08-25 10:45:17 [INFO] Epoch 047 | Train Loss: 0.4130 | Train Acc: 0.9246 | Val Loss: 0.1681 | Val Acc: 0.9444
2026-08-25 10:45:17 [INFO] ✓ Saved best model: Val Acc=0.9444 at epoch 47
2026-08-25 10:45:18 [INFO] Epoch 048 | Train Loss: 0.3851 | Train Acc: 0.9254 | Val Loss: 0.1830 | Val Acc: 0.9185
2026-08-25 10:45:19 [INFO] Epoch 049 | Train Loss: 0.3872 | Train Acc: 0.9325 | Val Loss: 0.1759 | Val Acc: 0.9259
2026-08-25 10:45:19 [INFO] Epoch 050 | Train Loss: 0.4014 | Train Acc: 0.9206 | Val Loss: 0.1778 | Val Acc: 0.9333
2026-08-25 10:45:20 [INFO] Epoch 051 | Train Loss: 0.3704 | Train Acc: 0.9349 | Val Loss: 0.1738 | Val Acc: 0.9222
2026-08-25 10:45:22 [INFO] Epoch 052 | Train Loss: 0.3807 | Train Acc: 0.9317 | Val Loss: 0.1754 | Val Acc: 0.9222
2026-08-25 10:45:24 [INFO] Epoch 053 | Train Loss: 0.3512 | Train Acc: 0.9452 | Val Loss: 0.1829 | Val Acc: 0.9296
2026-08-25 10:45:25 [INFO] Epoch 054 | Train Loss: 0.3481 | Train Acc: 0.9381 | Val Loss: 0.1713 | Val Acc: 0.9296
2026-08-25 10:45:25 [INFO] Epoch 055 | Train Loss: 0.3661 | Train Acc: 0.9357 | Val Loss: 0.1750 | Val Acc: 0.9259
2026-08-25 10:45:26 [INFO] Epoch 056 | Train Loss: 0.3455 | Train Acc: 0.9373 | Val Loss: 0.1799 | Val Acc: 0.9333
2026-08-25 10:45:27 [INFO] Epoch 057 | Train Loss: 0.3760 | Train Acc: 0.9333 | Val Loss: 0.1894 | Val Acc: 0.9222
2026-08-25 10:45:28 [INFO] Epoch 058 | Train Loss: 0.3504 | Train Acc: 0.9452 | Val Loss: 0.1757 | Val Acc: 0.9296
2026-08-25 10:45:28 [INFO] Epoch 059 | Train Loss: 0.3537 | Train Acc: 0.9325 | Val Loss: 0.1739 | Val Acc: 0.9370
2026-08-25 10:45:29 [INFO] Epoch 060 | Train Loss: 0.3484 | Train Acc: 0.9468 | Val Loss: 0.1808 | Val Acc: 0.9296
2026-08-25 10:45:30 [INFO] Epoch 061 | Train Loss: 0.3475 | Train Acc: 0.9397 | Val Loss: 0.1741 | Val Acc: 0.9259
2026-08-25 10:45:31 [INFO] Epoch 062 | Train Loss: 0.3506 | Train Acc: 0.9389 | Val Loss: 0.1809 | Val Acc: 0.9259
2026-08-25 10:45:31 [INFO] Epoch 063 | Train Loss: 0.3381 | Train Acc: 0.9381 | Val Loss: 0.1824 | Val Acc: 0.9333
2026-08-25 10:45:32 [INFO] Epoch 064 | Train Loss: 0.3548 | Train Acc: 0.9405 | Val Loss: 0.1745 | Val Acc: 0.9333
2026-08-25 10:45:33 [INFO] Epoch 065 | Train Loss: 0.3381 | Train Acc: 0.9357 | Val Loss: 0.1702 | Val Acc: 0.9370
2026-08-25 10:45:34 [INFO] Epoch 066 | Train Loss: 0.3655 | Train Acc: 0.9381 | Val Loss: 0.1639 | Val Acc: 0.9333
2026-08-25 10:45:34 [INFO] Epoch 067 | Train Loss: 0.3256 | Train Acc: 0.9476 | Val Loss: 0.1732 | Val Acc: 0.9407
2026-08-25 10:45:35 [INFO] Epoch 068 | Train Loss: 0.3304 | Train Acc: 0.9460 | Val Loss: 0.1803 | Val Acc: 0.9296
2026-08-25 10:45:37 [INFO] Epoch 069 | Train Loss: 0.3371 | Train Acc: 0.9476 | Val Loss: 0.1727 | Val Acc: 0.9333
2026-08-25 10:45:38 [INFO] Epoch 070 | Train Loss: 0.3443 | Train Acc: 0.9437 | Val Loss: 0.1735 | Val Acc: 0.9370
2026-08-25 10:45:39 [INFO] Epoch 071 | Train Loss: 0.3282 | Train Acc: 0.9484 | Val Loss: 0.1696 | Val Acc: 0.9370
2026-08-25 10:45:40 [INFO] Epoch 072 | Train Loss: 0.3299 | Train Acc: 0.9452 | Val Loss: 0.1747 | Val Acc: 0.9370
2026-08-25 10:45:40 [INFO] ⏹ Early stopping tại epoch 72 (không cải thiện sau 25 epoch, best=0.9444)
2026-08-25 10:45:40 [INFO] Evaluating Best Model on TEST Set...
2026-08-25 10:45:40 [INFO] 
[RESUME] Đang nạp checkpoint từ: /home/biu-linux/DeepLearning_Projects/DoAnNganh/HybricMamba/Ressult/TFJ/LIGHT_HYBRIC_MAMBA/NEU-DET_surface-dec/LIGHT_HYBRIC_MAMBA_best.pth
2026-08-25 10:45:40 [INFO] 🎯 [TEST RESULT] Test Acc: 0.9481 | F1-Macro: 0.9482 | F1-Weighted: 0.9482
2026-08-25 10:50:48 [INFO] Dataset: NEU-DET_surface-dec | Số nhãn (classes): 6 | Tổng số ảnh: 1800
2026-08-25 10:50:48 [INFO] Dữ liệu đã chia -> Train (70%): 1260 | Val (15%): 270 | Test (15%): 270
2026-08-25 10:50:48 [INFO] 
🔍 Kiểm tra phân bố class trong batch:
2026-08-25 10:50:48 [INFO]   Batch 0: 6 classes (first 5: [0, 1, 2, 3, 4])
2026-08-25 10:50:48 [INFO]   Batch 1: 6 classes (first 5: [0, 1, 2, 3, 4])
2026-08-25 10:50:48 [INFO]   Batch 2: 6 classes (first 5: [0, 1, 2, 3, 4])
2026-08-25 10:50:48 [INFO]   Batch 3: 6 classes (first 5: [0, 1, 2, 3, 4])
2026-08-25 10:50:48 [INFO]   Batch 4: 6 classes (first 5: [0, 1, 2, 3, 4])
2026-08-25 10:50:48 [WARNING] ⚠️ WARNING: Trung bình 6.0 classes/batch - Dữ liệu chưa được trộn đều!
2026-08-25 10:50:48 [INFO] ============================================================
2026-08-25 10:50:48 [INFO] Starting training: LIGHT_HYBRIC_MAMBA
2026-08-25 10:50:48 [INFO] Dataset: NEU-DET_surface-dec | Path: /home/biu-linux/DeepLearning_Projects/DoAnNganh/data/NEU-DET
2026-08-25 10:50:48 [INFO] Device: cuda
2026-08-25 10:50:48 [INFO] GPU: NVIDIA GeForce RTX 3050 Laptop GPU
2026-08-25 10:50:48 [INFO] ============================================================
2026-08-25 10:50:52 [INFO] Epoch 000 | Train Loss: 2.8148 | Train Acc: 0.2667 | Val Loss: 1.6650 | Val Acc: 0.2778
2026-08-25 10:50:52 [INFO] ✓ Saved best model: Val Acc=0.2778 at epoch 0
2026-08-25 10:50:53 [INFO] Epoch 001 | Train Loss: 2.6479 | Train Acc: 0.3817 | Val Loss: 1.4674 | Val Acc: 0.3815
2026-08-25 10:50:53 [INFO] ✓ Saved best model: Val Acc=0.3815 at epoch 1
2026-08-25 10:50:53 [INFO] Epoch 002 | Train Loss: 2.4340 | Train Acc: 0.4817 | Val Loss: 1.2511 | Val Acc: 0.5963
2026-08-25 10:50:53 [INFO] ✓ Saved best model: Val Acc=0.5963 at epoch 2
2026-08-25 10:50:54 [INFO] Epoch 003 | Train Loss: 2.2273 | Train Acc: 0.4849 | Val Loss: 1.0599 | Val Acc: 0.6519
2026-08-25 10:50:54 [INFO] ✓ Saved best model: Val Acc=0.6519 at epoch 3
2026-08-25 10:50:55 [INFO] Epoch 004 | Train Loss: 1.9618 | Train Acc: 0.5698 | Val Loss: 0.8155 | Val Acc: 0.7185
2026-08-25 10:50:55 [INFO] ✓ Saved best model: Val Acc=0.7185 at epoch 4
2026-08-25 10:50:56 [INFO] Epoch 005 | Train Loss: 1.7817 | Train Acc: 0.6206 | Val Loss: 0.7351 | Val Acc: 0.7630
2026-08-25 10:50:56 [INFO] ✓ Saved best model: Val Acc=0.7630 at epoch 5
2026-08-25 10:50:57 [INFO] Epoch 006 | Train Loss: 1.6509 | Train Acc: 0.6524 | Val Loss: 0.5769 | Val Acc: 0.8481
2026-08-25 10:50:57 [INFO] ✓ Saved best model: Val Acc=0.8481 at epoch 6
2026-08-25 10:50:59 [INFO] Epoch 007 | Train Loss: 1.4693 | Train Acc: 0.6984 | Val Loss: 0.5154 | Val Acc: 0.8704
2026-08-25 10:50:59 [INFO] ✓ Saved best model: Val Acc=0.8704 at epoch 7
2026-08-25 10:51:00 [INFO] Epoch 008 | Train Loss: 1.3679 | Train Acc: 0.7222 | Val Loss: 0.5323 | Val Acc: 0.8630
2026-08-25 10:51:01 [INFO] Epoch 009 | Train Loss: 1.2613 | Train Acc: 0.7524 | Val Loss: 0.6272 | Val Acc: 0.7704
2026-08-25 10:51:02 [INFO] Epoch 010 | Train Loss: 1.2478 | Train Acc: 0.7405 | Val Loss: 0.4293 | Val Acc: 0.8926
2026-08-25 10:51:02 [INFO] ✓ Saved best model: Val Acc=0.8926 at epoch 10
2026-08-25 10:51:03 [INFO] Epoch 011 | Train Loss: 1.1838 | Train Acc: 0.7786 | Val Loss: 0.3955 | Val Acc: 0.8889
2026-08-25 10:51:04 [INFO] Epoch 012 | Train Loss: 1.1209 | Train Acc: 0.7897 | Val Loss: 0.3644 | Val Acc: 0.9074
2026-08-25 10:51:04 [INFO] ✓ Saved best model: Val Acc=0.9074 at epoch 12
2026-08-25 10:51:04 [INFO] Epoch 013 | Train Loss: 1.1370 | Train Acc: 0.7706 | Val Loss: 0.4100 | Val Acc: 0.8704
2026-08-25 10:51:05 [INFO] Epoch 014 | Train Loss: 1.0553 | Train Acc: 0.8008 | Val Loss: 0.3665 | Val Acc: 0.9074
2026-08-25 10:51:06 [INFO] Epoch 015 | Train Loss: 1.0276 | Train Acc: 0.8087 | Val Loss: 0.3640 | Val Acc: 0.8926
2026-08-25 10:51:07 [INFO] Epoch 016 | Train Loss: 1.0067 | Train Acc: 0.8032 | Val Loss: 0.3368 | Val Acc: 0.8926
2026-08-25 10:51:08 [INFO] Epoch 017 | Train Loss: 0.9175 | Train Acc: 0.8230 | Val Loss: 0.3329 | Val Acc: 0.8926
2026-08-25 10:51:08 [INFO] Epoch 018 | Train Loss: 0.8948 | Train Acc: 0.8325 | Val Loss: 0.2964 | Val Acc: 0.9111
2026-08-25 10:51:08 [INFO] ✓ Saved best model: Val Acc=0.9111 at epoch 18
2026-08-25 10:51:09 [INFO] Epoch 019 | Train Loss: 0.8082 | Train Acc: 0.8460 | Val Loss: 0.2579 | Val Acc: 0.9185
2026-08-25 10:51:09 [INFO] ✓ Saved best model: Val Acc=0.9185 at epoch 19
2026-08-25 10:51:10 [INFO] Epoch 020 | Train Loss: 0.7892 | Train Acc: 0.8460 | Val Loss: 0.2291 | Val Acc: 0.9333
2026-08-25 10:51:10 [INFO] ✓ Saved best model: Val Acc=0.9333 at epoch 20
2026-08-25 10:51:11 [INFO] Epoch 021 | Train Loss: 0.8028 | Train Acc: 0.8500 | Val Loss: 0.2825 | Val Acc: 0.9000
2026-08-25 10:51:12 [INFO] Epoch 022 | Train Loss: 0.7670 | Train Acc: 0.8571 | Val Loss: 0.2560 | Val Acc: 0.9074
2026-08-25 10:51:14 [INFO] Epoch 023 | Train Loss: 0.7745 | Train Acc: 0.8500 | Val Loss: 0.2333 | Val Acc: 0.9185
2026-08-25 10:51:15 [INFO] Epoch 024 | Train Loss: 0.7204 | Train Acc: 0.8635 | Val Loss: 0.2046 | Val Acc: 0.9222
2026-08-25 10:51:16 [INFO] Epoch 025 | Train Loss: 0.7004 | Train Acc: 0.8698 | Val Loss: 0.1858 | Val Acc: 0.9333
2026-08-25 10:51:17 [INFO] Epoch 026 | Train Loss: 0.7030 | Train Acc: 0.8556 | Val Loss: 0.1963 | Val Acc: 0.9296
2026-08-25 10:51:18 [INFO] Epoch 027 | Train Loss: 0.6478 | Train Acc: 0.8690 | Val Loss: 0.1926 | Val Acc: 0.9333
2026-08-25 10:51:18 [INFO] Epoch 028 | Train Loss: 0.6358 | Train Acc: 0.8746 | Val Loss: 0.1647 | Val Acc: 0.9370
2026-08-25 10:51:18 [INFO] ✓ Saved best model: Val Acc=0.9370 at epoch 28
2026-08-25 10:51:19 [INFO] Epoch 029 | Train Loss: 0.6567 | Train Acc: 0.8770 | Val Loss: 0.1605 | Val Acc: 0.9519
2026-08-25 10:51:19 [INFO] ✓ Saved best model: Val Acc=0.9519 at epoch 29
2026-08-25 10:51:20 [INFO] Epoch 030 | Train Loss: 0.5450 | Train Acc: 0.8968 | Val Loss: 0.1592 | Val Acc: 0.9519
2026-08-25 10:51:21 [INFO] Epoch 031 | Train Loss: 0.5384 | Train Acc: 0.9000 | Val Loss: 0.1513 | Val Acc: 0.9556
2026-08-25 10:51:21 [INFO] ✓ Saved best model: Val Acc=0.9556 at epoch 31
2026-08-25 10:51:22 [INFO] Epoch 032 | Train Loss: 0.5894 | Train Acc: 0.8865 | Val Loss: 0.1497 | Val Acc: 0.9556
2026-08-25 10:51:22 [INFO] Epoch 033 | Train Loss: 0.5403 | Train Acc: 0.9063 | Val Loss: 0.1535 | Val Acc: 0.9444
2026-08-25 10:51:23 [INFO] Epoch 034 | Train Loss: 0.5375 | Train Acc: 0.9032 | Val Loss: 0.1526 | Val Acc: 0.9519
2026-08-25 10:51:24 [INFO] Epoch 035 | Train Loss: 0.5294 | Train Acc: 0.9040 | Val Loss: 0.1509 | Val Acc: 0.9481
2026-08-25 10:51:25 [INFO] Epoch 036 | Train Loss: 0.5299 | Train Acc: 0.9063 | Val Loss: 0.1509 | Val Acc: 0.9481
2026-08-25 10:51:25 [INFO] Epoch 037 | Train Loss: 0.5578 | Train Acc: 0.8944 | Val Loss: 0.1459 | Val Acc: 0.9519
2026-08-25 10:51:26 [INFO] Epoch 038 | Train Loss: 0.5184 | Train Acc: 0.9071 | Val Loss: 0.1476 | Val Acc: 0.9519
2026-08-25 10:51:28 [INFO] Epoch 039 | Train Loss: 0.5123 | Train Acc: 0.9135 | Val Loss: 0.1401 | Val Acc: 0.9519
2026-08-25 10:51:30 [INFO] Epoch 040 | Train Loss: 0.5592 | Train Acc: 0.8952 | Val Loss: 0.1373 | Val Acc: 0.9519
2026-08-25 10:51:31 [INFO] Epoch 041 | Train Loss: 0.5143 | Train Acc: 0.9143 | Val Loss: 0.1419 | Val Acc: 0.9481
2026-08-25 10:51:32 [INFO] Epoch 042 | Train Loss: 0.5235 | Train Acc: 0.9095 | Val Loss: 0.1450 | Val Acc: 0.9481
2026-08-25 10:51:32 [INFO] Epoch 043 | Train Loss: 0.4965 | Train Acc: 0.9087 | Val Loss: 0.1379 | Val Acc: 0.9519
2026-08-25 10:51:33 [INFO] Epoch 044 | Train Loss: 0.4913 | Train Acc: 0.9103 | Val Loss: 0.1413 | Val Acc: 0.9519
2026-08-25 10:51:34 [INFO] Epoch 045 | Train Loss: 0.4926 | Train Acc: 0.9111 | Val Loss: 0.1342 | Val Acc: 0.9556
2026-08-25 10:51:35 [INFO] Epoch 046 | Train Loss: 0.4980 | Train Acc: 0.9143 | Val Loss: 0.1359 | Val Acc: 0.9519
2026-08-25 10:51:36 [INFO] Epoch 047 | Train Loss: 0.4914 | Train Acc: 0.9056 | Val Loss: 0.1364 | Val Acc: 0.9519
2026-08-25 10:51:37 [INFO] Epoch 048 | Train Loss: 0.5324 | Train Acc: 0.9016 | Val Loss: 0.1324 | Val Acc: 0.9556
2026-08-25 10:51:37 [INFO] Epoch 049 | Train Loss: 0.4975 | Train Acc: 0.9087 | Val Loss: 0.1354 | Val Acc: 0.9519
2026-08-25 10:51:38 [INFO] Epoch 050 | Train Loss: 0.4644 | Train Acc: 0.9214 | Val Loss: 0.1435 | Val Acc: 0.9556
2026-08-25 10:51:39 [INFO] Epoch 051 | Train Loss: 0.4996 | Train Acc: 0.9087 | Val Loss: 0.1353 | Val Acc: 0.9556
2026-08-25 10:51:40 [INFO] Epoch 052 | Train Loss: 0.5062 | Train Acc: 0.9048 | Val Loss: 0.1362 | Val Acc: 0.9519
2026-08-25 10:51:41 [INFO] Epoch 053 | Train Loss: 0.5111 | Train Acc: 0.9087 | Val Loss: 0.1329 | Val Acc: 0.9519
2026-08-25 10:51:42 [INFO] Epoch 054 | Train Loss: 0.4759 | Train Acc: 0.9214 | Val Loss: 0.1384 | Val Acc: 0.9519
2026-08-25 10:51:44 [INFO] Epoch 055 | Train Loss: 0.4841 | Train Acc: 0.9206 | Val Loss: 0.1327 | Val Acc: 0.9519
2026-08-25 10:51:46 [INFO] Epoch 056 | Train Loss: 0.4838 | Train Acc: 0.9119 | Val Loss: 0.1335 | Val Acc: 0.9481
2026-08-25 10:51:46 [INFO] ⏹ Early stopping tại epoch 56 (không cải thiện sau 25 epoch, best=0.9556)
2026-08-25 10:51:46 [INFO] Evaluating Best Model on TEST Set...
2026-08-25 10:51:46 [INFO] 
[RESUME] Đang nạp checkpoint từ: /home/biu-linux/DeepLearning_Projects/DoAnNganh/HybricMamba/Ressult/TFJ/LIGHT_HYBRIC_MAMBA/NEU-DET_surface-dec/LIGHT_HYBRIC_MAMBA_best.pth
2026-08-25 10:51:46 [INFO] 🎯 [TEST RESULT] Test Acc: 0.9296 | F1-Macro: 0.9298 | F1-Weighted: 0.9298
2026-08-25 10:52:44 [INFO] Dataset: NEU-DET_surface-dec | Số nhãn (classes): 6 | Tổng số ảnh: 1800
2026-08-25 10:52:44 [INFO] Dữ liệu đã chia -> Train (70%): 1260 | Val (15%): 270 | Test (15%): 270
2026-08-25 10:52:44 [INFO] 
🔍 Kiểm tra phân bố class trong batch:
2026-08-25 10:52:44 [INFO]   Batch 0: 5 classes (first 5: [0, 1, 2, 3, 5])
2026-08-25 10:52:44 [INFO]   Batch 1: 6 classes (first 5: [0, 1, 2, 3, 4])
2026-08-25 10:52:44 [INFO]   Batch 2: 6 classes (first 5: [0, 1, 2, 3, 4])
2026-08-25 10:52:44 [INFO]   Batch 3: 6 classes (first 5: [0, 1, 2, 3, 4])
2026-08-25 10:52:44 [INFO]   Batch 4: 6 classes (first 5: [0, 1, 2, 3, 4])
2026-08-25 10:52:44 [WARNING] ⚠️ WARNING: Trung bình 5.8 classes/batch - Dữ liệu chưa được trộn đều!
2026-08-25 10:52:44 [INFO] ============================================================
2026-08-25 10:52:44 [INFO] Starting training: LIGHT_HYBRIC_MAMBA
2026-08-25 10:52:44 [INFO] Dataset: NEU-DET_surface-dec | Path: /home/biu-linux/DeepLearning_Projects/DoAnNganh/data/NEU-DET
2026-08-25 10:52:44 [INFO] Device: cuda
2026-08-25 10:52:44 [INFO] GPU: NVIDIA GeForce RTX 3050 Laptop GPU
2026-08-25 10:52:44 [INFO] ============================================================
2026-08-25 10:52:48 [INFO] Epoch 000 | Train Loss: 2.7592 | Train Acc: 0.3175 | Val Loss: 1.5412 | Val Acc: 0.4741
2026-08-25 10:52:48 [INFO] ✓ Saved best model: Val Acc=0.4741 at epoch 0
2026-08-25 10:52:50 [INFO] Epoch 001 | Train Loss: 2.4411 | Train Acc: 0.4508 | Val Loss: 1.1801 | Val Acc: 0.6556
2026-08-25 10:52:50 [INFO] ✓ Saved best model: Val Acc=0.6556 at epoch 1
2026-08-25 10:52:51 [INFO] Epoch 002 | Train Loss: 2.1355 | Train Acc: 0.4960 | Val Loss: 1.0577 | Val Acc: 0.6296
2026-08-25 10:52:53 [INFO] Epoch 003 | Train Loss: 1.8487 | Train Acc: 0.5921 | Val Loss: 0.7566 | Val Acc: 0.7926
2026-08-25 10:52:53 [INFO] ✓ Saved best model: Val Acc=0.7926 at epoch 3
2026-08-25 10:52:57 [INFO] Epoch 004 | Train Loss: 1.6558 | Train Acc: 0.6325 | Val Loss: 0.5876 | Val Acc: 0.7815
2026-08-25 10:52:58 [INFO] Epoch 005 | Train Loss: 1.5185 | Train Acc: 0.6643 | Val Loss: 0.5453 | Val Acc: 0.8148
2026-08-25 10:52:58 [INFO] ✓ Saved best model: Val Acc=0.8148 at epoch 5
2026-08-25 10:53:00 [INFO] Epoch 006 | Train Loss: 1.3796 | Train Acc: 0.6913 | Val Loss: 0.5298 | Val Acc: 0.8296
2026-08-25 10:53:00 [INFO] ✓ Saved best model: Val Acc=0.8296 at epoch 6
2026-08-25 10:53:01 [INFO] Epoch 007 | Train Loss: 1.2699 | Train Acc: 0.7103 | Val Loss: 0.4859 | Val Acc: 0.8481
2026-08-25 10:53:01 [INFO] ✓ Saved best model: Val Acc=0.8481 at epoch 7
2026-08-25 10:53:03 [INFO] Epoch 008 | Train Loss: 1.1467 | Train Acc: 0.7516 | Val Loss: 0.4449 | Val Acc: 0.8481
2026-08-25 10:53:04 [INFO] Epoch 009 | Train Loss: 1.1205 | Train Acc: 0.7452 | Val Loss: 0.4072 | Val Acc: 0.8889
2026-08-25 10:53:04 [INFO] ✓ Saved best model: Val Acc=0.8889 at epoch 9
2026-08-25 10:53:06 [INFO] Epoch 010 | Train Loss: 1.0310 | Train Acc: 0.7508 | Val Loss: 0.4062 | Val Acc: 0.8481
2026-08-25 10:53:08 [INFO] Epoch 011 | Train Loss: 1.0360 | Train Acc: 0.7667 | Val Loss: 0.3589 | Val Acc: 0.8778
2026-08-25 10:53:12 [INFO] Epoch 012 | Train Loss: 0.9571 | Train Acc: 0.7770 | Val Loss: 0.3732 | Val Acc: 0.8815
2026-08-25 10:53:13 [INFO] Epoch 013 | Train Loss: 0.9010 | Train Acc: 0.8040 | Val Loss: 0.3400 | Val Acc: 0.8889
2026-08-25 10:53:15 [INFO] Epoch 014 | Train Loss: 0.9144 | Train Acc: 0.7937 | Val Loss: 0.3330 | Val Acc: 0.8815
2026-08-25 10:53:16 [INFO] Epoch 015 | Train Loss: 0.8601 | Train Acc: 0.8111 | Val Loss: 0.3366 | Val Acc: 0.8963
2026-08-25 10:53:16 [INFO] ✓ Saved best model: Val Acc=0.8963 at epoch 15
2026-08-25 10:53:18 [INFO] Epoch 016 | Train Loss: 0.8075 | Train Acc: 0.8190 | Val Loss: 0.3103 | Val Acc: 0.8778
2026-08-25 10:53:19 [INFO] Epoch 017 | Train Loss: 0.7357 | Train Acc: 0.8452 | Val Loss: 0.3428 | Val Acc: 0.8667
2026-08-25 10:53:21 [INFO] Epoch 018 | Train Loss: 0.7612 | Train Acc: 0.8230 | Val Loss: 0.3132 | Val Acc: 0.8889
2026-08-25 10:53:22 [INFO] Epoch 019 | Train Loss: 0.7522 | Train Acc: 0.8317 | Val Loss: 0.3075 | Val Acc: 0.8963
2026-08-25 10:53:25 [INFO] Epoch 020 | Train Loss: 0.7016 | Train Acc: 0.8397 | Val Loss: 0.2588 | Val Acc: 0.9148
2026-08-25 10:53:26 [INFO] ✓ Saved best model: Val Acc=0.9148 at epoch 20
2026-08-25 10:53:27 [INFO] Epoch 021 | Train Loss: 0.7229 | Train Acc: 0.8484 | Val Loss: 0.2352 | Val Acc: 0.9296
2026-08-25 10:53:27 [INFO] ✓ Saved best model: Val Acc=0.9296 at epoch 21
2026-08-25 10:53:29 [INFO] Epoch 022 | Train Loss: 0.6515 | Train Acc: 0.8675 | Val Loss: 0.2663 | Val Acc: 0.9000
2026-08-25 10:53:30 [INFO] Epoch 023 | Train Loss: 0.6950 | Train Acc: 0.8556 | Val Loss: 0.2663 | Val Acc: 0.9111
2026-08-25 10:53:32 [INFO] Epoch 024 | Train Loss: 0.6247 | Train Acc: 0.8611 | Val Loss: 0.2472 | Val Acc: 0.9333
2026-08-25 10:53:32 [INFO] ✓ Saved best model: Val Acc=0.9333 at epoch 24
2026-08-25 10:53:34 [INFO] Epoch 025 | Train Loss: 0.6407 | Train Acc: 0.8532 | Val Loss: 0.3614 | Val Acc: 0.8630
2026-08-25 10:53:35 [INFO] Epoch 026 | Train Loss: 0.6305 | Train Acc: 0.8579 | Val Loss: 0.2294 | Val Acc: 0.9296
2026-08-25 10:53:37 [INFO] Epoch 027 | Train Loss: 0.6450 | Train Acc: 0.8603 | Val Loss: 0.2593 | Val Acc: 0.9111
2026-08-25 10:53:38 [INFO] Epoch 028 | Train Loss: 0.5930 | Train Acc: 0.8611 | Val Loss: 0.2742 | Val Acc: 0.8963
2026-08-25 10:53:42 [INFO] Epoch 029 | Train Loss: 0.5945 | Train Acc: 0.8675 | Val Loss: 0.2932 | Val Acc: 0.9000
2026-08-25 10:53:44 [INFO] Epoch 030 | Train Loss: 0.5343 | Train Acc: 0.8881 | Val Loss: 0.2420 | Val Acc: 0.9222
2026-08-25 10:53:45 [INFO] Epoch 031 | Train Loss: 0.5562 | Train Acc: 0.8786 | Val Loss: 0.2863 | Val Acc: 0.8926
2026-08-25 10:53:47 [INFO] Epoch 032 | Train Loss: 0.5519 | Train Acc: 0.8802 | Val Loss: 0.2194 | Val Acc: 0.9259
2026-08-25 10:53:48 [INFO] Epoch 033 | Train Loss: 0.5399 | Train Acc: 0.8730 | Val Loss: 0.1961 | Val Acc: 0.9407
2026-08-25 10:53:48 [INFO] ✓ Saved best model: Val Acc=0.9407 at epoch 33
2026-08-25 10:53:50 [INFO] Epoch 034 | Train Loss: 0.5613 | Train Acc: 0.8643 | Val Loss: 0.2027 | Val Acc: 0.9444
2026-08-25 10:53:50 [INFO] ✓ Saved best model: Val Acc=0.9444 at epoch 34
2026-08-25 10:53:51 [INFO] Epoch 035 | Train Loss: 0.5005 | Train Acc: 0.8897 | Val Loss: 0.1875 | Val Acc: 0.9333
2026-08-25 10:53:53 [INFO] Epoch 036 | Train Loss: 0.4785 | Train Acc: 0.9024 | Val Loss: 0.2226 | Val Acc: 0.9185
2026-08-25 10:53:57 [INFO] Epoch 037 | Train Loss: 0.5251 | Train Acc: 0.8849 | Val Loss: 0.1958 | Val Acc: 0.9407
2026-08-25 10:53:58 [INFO] Epoch 038 | Train Loss: 0.5226 | Train Acc: 0.8944 | Val Loss: 0.2010 | Val Acc: 0.9444
2026-08-25 10:54:00 [INFO] Epoch 039 | Train Loss: 0.4476 | Train Acc: 0.9111 | Val Loss: 0.1954 | Val Acc: 0.9370
2026-08-25 10:54:01 [INFO] Epoch 040 | Train Loss: 0.4099 | Train Acc: 0.9183 | Val Loss: 0.1834 | Val Acc: 0.9407
2026-08-25 10:54:03 [INFO] Epoch 041 | Train Loss: 0.3845 | Train Acc: 0.9190 | Val Loss: 0.1658 | Val Acc: 0.9481
2026-08-25 10:54:03 [INFO] ✓ Saved best model: Val Acc=0.9481 at epoch 41
2026-08-25 10:54:04 [INFO] Epoch 042 | Train Loss: 0.3546 | Train Acc: 0.9278 | Val Loss: 0.1712 | Val Acc: 0.9407
2026-08-25 10:54:06 [INFO] Epoch 043 | Train Loss: 0.3316 | Train Acc: 0.9325 | Val Loss: 0.1756 | Val Acc: 0.9407
2026-08-25 10:54:07 [INFO] Epoch 044 | Train Loss: 0.3899 | Train Acc: 0.9127 | Val Loss: 0.1766 | Val Acc: 0.9370
2026-08-25 10:54:10 [INFO] Epoch 045 | Train Loss: 0.3733 | Train Acc: 0.9198 | Val Loss: 0.1716 | Val Acc: 0.9481
2026-08-25 10:54:12 [INFO] Epoch 046 | Train Loss: 0.3864 | Train Acc: 0.9190 | Val Loss: 0.1708 | Val Acc: 0.9370
2026-08-25 10:54:14 [INFO] Epoch 047 | Train Loss: 0.3844 | Train Acc: 0.9175 | Val Loss: 0.1758 | Val Acc: 0.9370
2026-08-25 10:54:15 [INFO] Epoch 048 | Train Loss: 0.3671 | Train Acc: 0.9262 | Val Loss: 0.1751 | Val Acc: 0.9370
2026-08-25 10:54:17 [INFO] Epoch 049 | Train Loss: 0.3989 | Train Acc: 0.9143 | Val Loss: 0.1657 | Val Acc: 0.9481
2026-08-25 10:54:18 [INFO] Epoch 050 | Train Loss: 0.3397 | Train Acc: 0.9317 | Val Loss: 0.1694 | Val Acc: 0.9333
2026-08-25 10:54:20 [INFO] Epoch 051 | Train Loss: 0.3365 | Train Acc: 0.9246 | Val Loss: 0.1564 | Val Acc: 0.9481
2026-08-25 10:54:21 [INFO] Epoch 052 | Train Loss: 0.3394 | Train Acc: 0.9349 | Val Loss: 0.1557 | Val Acc: 0.9519
2026-08-25 10:54:21 [INFO] ✓ Saved best model: Val Acc=0.9519 at epoch 52
2026-08-25 10:54:23 [INFO] Epoch 053 | Train Loss: 0.3857 | Train Acc: 0.9198 | Val Loss: 0.1478 | Val Acc: 0.9481
2026-08-25 10:54:26 [INFO] Epoch 054 | Train Loss: 0.3749 | Train Acc: 0.9222 | Val Loss: 0.1546 | Val Acc: 0.9370
2026-08-25 10:54:28 [INFO] Epoch 055 | Train Loss: 0.3295 | Train Acc: 0.9325 | Val Loss: 0.1559 | Val Acc: 0.9407
2026-08-25 10:54:29 [INFO] Epoch 056 | Train Loss: 0.2995 | Train Acc: 0.9444 | Val Loss: 0.1634 | Val Acc: 0.9296
2026-08-25 10:54:31 [INFO] Epoch 057 | Train Loss: 0.3218 | Train Acc: 0.9317 | Val Loss: 0.1698 | Val Acc: 0.9296
2026-08-25 10:54:33 [INFO] Epoch 058 | Train Loss: 0.3012 | Train Acc: 0.9421 | Val Loss: 0.1633 | Val Acc: 0.9370
2026-08-25 10:54:34 [INFO] Epoch 059 | Train Loss: 0.3809 | Train Acc: 0.9238 | Val Loss: 0.1598 | Val Acc: 0.9333
2026-08-25 10:54:36 [INFO] Epoch 060 | Train Loss: 0.3967 | Train Acc: 0.9135 | Val Loss: 0.1550 | Val Acc: 0.9444
2026-08-25 10:54:37 [INFO] Epoch 061 | Train Loss: 0.3260 | Train Acc: 0.9365 | Val Loss: 0.1514 | Val Acc: 0.9370
2026-08-25 10:54:41 [INFO] Epoch 062 | Train Loss: 0.3090 | Train Acc: 0.9365 | Val Loss: 0.1556 | Val Acc: 0.9333
2026-08-25 10:54:43 [INFO] Epoch 063 | Train Loss: 0.3753 | Train Acc: 0.9278 | Val Loss: 0.1653 | Val Acc: 0.9370
2026-08-25 10:54:44 [INFO] Epoch 064 | Train Loss: 0.3501 | Train Acc: 0.9246 | Val Loss: 0.1668 | Val Acc: 0.9407
2026-08-25 10:54:46 [INFO] Epoch 065 | Train Loss: 0.3329 | Train Acc: 0.9302 | Val Loss: 0.1666 | Val Acc: 0.9370
2026-08-25 10:54:47 [INFO] Epoch 066 | Train Loss: 0.3255 | Train Acc: 0.9421 | Val Loss: 0.1589 | Val Acc: 0.9407
2026-08-25 10:54:49 [INFO] Epoch 067 | Train Loss: 0.3181 | Train Acc: 0.9317 | Val Loss: 0.1534 | Val Acc: 0.9407
2026-08-25 10:54:50 [INFO] Epoch 068 | Train Loss: 0.3417 | Train Acc: 0.9357 | Val Loss: 0.1479 | Val Acc: 0.9481
2026-08-25 10:54:52 [INFO] Epoch 069 | Train Loss: 0.3132 | Train Acc: 0.9397 | Val Loss: 0.1609 | Val Acc: 0.9370
2026-08-25 10:54:55 [INFO] Epoch 070 | Train Loss: 0.3049 | Train Acc: 0.9437 | Val Loss: 0.1517 | Val Acc: 0.9333
2026-08-25 10:54:57 [INFO] Epoch 071 | Train Loss: 0.3301 | Train Acc: 0.9294 | Val Loss: 0.1566 | Val Acc: 0.9370
2026-08-25 10:54:59 [INFO] Epoch 072 | Train Loss: 0.3166 | Train Acc: 0.9365 | Val Loss: 0.1620 | Val Acc: 0.9333
2026-08-25 10:55:00 [INFO] Epoch 073 | Train Loss: 0.3596 | Train Acc: 0.9262 | Val Loss: 0.1587 | Val Acc: 0.9370
2026-08-25 10:55:02 [INFO] Epoch 074 | Train Loss: 0.3228 | Train Acc: 0.9357 | Val Loss: 0.1478 | Val Acc: 0.9481
2026-08-25 10:55:03 [INFO] Epoch 075 | Train Loss: 0.3210 | Train Acc: 0.9365 | Val Loss: 0.1528 | Val Acc: 0.9370
2026-08-25 10:55:05 [INFO] Epoch 076 | Train Loss: 0.3155 | Train Acc: 0.9389 | Val Loss: 0.1483 | Val Acc: 0.9333
2026-08-25 10:55:06 [INFO] Epoch 077 | Train Loss: 0.3281 | Train Acc: 0.9325 | Val Loss: 0.1476 | Val Acc: 0.9370
2026-08-25 10:55:06 [INFO] ⏹ Early stopping tại epoch 77 (không cải thiện sau 25 epoch, best=0.9519)
2026-08-25 10:55:06 [INFO] Evaluating Best Model on TEST Set...
2026-08-25 10:55:06 [INFO] 
[RESUME] Đang nạp checkpoint từ: /home/biu-linux/DeepLearning_Projects/DoAnNganh/HybricMamba/Ressult/TFJ/LIGHT_HYBRIC_MAMBA/NEU-DET_surface-dec/LIGHT_HYBRIC_MAMBA_best.pth
2026-08-25 10:55:07 [INFO] 🎯 [TEST RESULT] Test Acc: 0.9630 | F1-Macro: 0.9628 | F1-Weighted: 0.9628
2026-08-25 11:36:12 [INFO] Dataset: NEU-DET_surface-dec | Số nhãn (classes): 6 | Tổng số ảnh: 1800
2026-08-25 11:36:12 [INFO] Dữ liệu đã chia -> Train (70%): 1260 | Val (15%): 270 | Test (15%): 270
2026-08-25 11:36:12 [INFO] 
🔍 Kiểm tra phân bố class trong batch:
2026-08-25 11:36:13 [INFO]   Batch 0: 6 classes (first 5: [0, 1, 2, 3, 4])
2026-08-25 11:36:13 [INFO]   Batch 1: 5 classes (first 5: [0, 1, 2, 3, 5])
2026-08-25 11:36:13 [INFO]   Batch 2: 6 classes (first 5: [0, 1, 2, 3, 4])
2026-08-25 11:36:13 [INFO]   Batch 3: 6 classes (first 5: [0, 1, 2, 3, 4])
2026-08-25 11:36:13 [INFO]   Batch 4: 6 classes (first 5: [0, 1, 2, 3, 4])
2026-08-25 11:36:14 [WARNING] ⚠️ WARNING: Trung bình 5.8 classes/batch - Dữ liệu chưa được trộn đều!
2026-08-25 11:36:14 [INFO] ============================================================
2026-08-25 11:36:14 [INFO] Starting training: LIGHT_HYBRIC_MAMBA
2026-08-25 11:36:14 [INFO] Dataset: NEU-DET_surface-dec | Path: /home/biu-linux/DeepLearning_Projects/DoAnNganh/data/NEU-DET
2026-08-25 11:36:14 [INFO] Device: cuda
2026-08-25 11:36:14 [INFO] GPU: NVIDIA GeForce RTX 3050 Laptop GPU
2026-08-25 11:36:14 [INFO] ============================================================
2026-08-25 11:36:18 [INFO] Epoch 000 | Train Loss: 2.7560 | Train Acc: 0.3024 | Val Loss: 1.4950 | Val Acc: 0.5444
2026-08-25 11:36:18 [INFO] ✓ Saved best model: Val Acc=0.5444 at epoch 0
2026-08-25 11:36:19 [INFO] Epoch 001 | Train Loss: 2.4245 | Train Acc: 0.4214 | Val Loss: 1.0898 | Val Acc: 0.6593
2026-08-25 11:36:19 [INFO] ✓ Saved best model: Val Acc=0.6593 at epoch 1
2026-08-25 11:36:23 [INFO] Epoch 002 | Train Loss: 2.1044 | Train Acc: 0.5127 | Val Loss: 0.8950 | Val Acc: 0.7296
2026-08-25 11:36:23 [INFO] ✓ Saved best model: Val Acc=0.7296 at epoch 2
2026-08-25 11:36:24 [INFO] Epoch 003 | Train Loss: 1.8335 | Train Acc: 0.5897 | Val Loss: 0.6678 | Val Acc: 0.8259
2026-08-25 11:36:25 [INFO] ✓ Saved best model: Val Acc=0.8259 at epoch 3
2026-08-25 11:36:26 [INFO] Epoch 004 | Train Loss: 1.6145 | Train Acc: 0.6429 | Val Loss: 0.6729 | Val Acc: 0.7889
2026-08-25 11:36:27 [INFO] Epoch 005 | Train Loss: 1.5102 | Train Acc: 0.6635 | Val Loss: 0.5215 | Val Acc: 0.8556
2026-08-25 11:36:28 [INFO] ✓ Saved best model: Val Acc=0.8556 at epoch 5
2026-08-25 11:36:29 [INFO] Epoch 006 | Train Loss: 1.4242 | Train Acc: 0.6762 | Val Loss: 0.5571 | Val Acc: 0.8037
2026-08-25 11:36:31 [INFO] Epoch 007 | Train Loss: 1.3133 | Train Acc: 0.7008 | Val Loss: 0.4424 | Val Acc: 0.8926
2026-08-25 11:36:31 [INFO] ✓ Saved best model: Val Acc=0.8926 at epoch 7
2026-08-25 11:36:32 [INFO] Epoch 008 | Train Loss: 1.2027 | Train Acc: 0.7175 | Val Loss: 0.3905 | Val Acc: 0.8815
2026-08-25 11:36:34 [INFO] Epoch 009 | Train Loss: 1.2368 | Train Acc: 0.7111 | Val Loss: 0.4439 | Val Acc: 0.8556
2026-08-25 11:36:36 [INFO] Epoch 010 | Train Loss: 1.1872 | Train Acc: 0.7222 | Val Loss: 0.4154 | Val Acc: 0.8704
2026-08-25 11:36:39 [INFO] Epoch 011 | Train Loss: 1.0673 | Train Acc: 0.7532 | Val Loss: 0.4697 | Val Acc: 0.8593
2026-08-25 11:36:40 [INFO] Epoch 012 | Train Loss: 1.0910 | Train Acc: 0.7635 | Val Loss: 0.3906 | Val Acc: 0.8481
2026-08-25 11:36:42 [INFO] Epoch 013 | Train Loss: 1.0219 | Train Acc: 0.7540 | Val Loss: 0.2921 | Val Acc: 0.9037
2026-08-25 11:36:42 [INFO] ✓ Saved best model: Val Acc=0.9037 at epoch 13
2026-08-25 11:36:43 [INFO] Epoch 014 | Train Loss: 1.0122 | Train Acc: 0.7730 | Val Loss: 0.3157 | Val Acc: 0.9000
2026-08-25 11:36:45 [INFO] Epoch 015 | Train Loss: 0.8899 | Train Acc: 0.8024 | Val Loss: 0.3048 | Val Acc: 0.9185
2026-08-25 11:36:45 [INFO] ✓ Saved best model: Val Acc=0.9185 at epoch 15
2026-08-25 11:36:46 [INFO] Epoch 016 | Train Loss: 0.9252 | Train Acc: 0.7841 | Val Loss: 0.3049 | Val Acc: 0.9111
2026-08-25 11:36:48 [INFO] Epoch 017 | Train Loss: 0.9175 | Train Acc: 0.7865 | Val Loss: 0.2928 | Val Acc: 0.9185
2026-08-25 11:36:49 [INFO] Epoch 018 | Train Loss: 0.9061 | Train Acc: 0.8063 | Val Loss: 0.3300 | Val Acc: 0.8889
2026-08-25 11:36:53 [INFO] Epoch 019 | Train Loss: 0.8968 | Train Acc: 0.7929 | Val Loss: 0.2682 | Val Acc: 0.9259
2026-08-25 11:36:53 [INFO] ✓ Saved best model: Val Acc=0.9259 at epoch 19
2026-08-25 11:36:54 [INFO] Epoch 020 | Train Loss: 0.8515 | Train Acc: 0.8103 | Val Loss: 0.2642 | Val Acc: 0.9148
2026-08-25 11:36:56 [INFO] Epoch 021 | Train Loss: 0.7467 | Train Acc: 0.8413 | Val Loss: 0.2301 | Val Acc: 0.9222
2026-08-25 11:36:57 [INFO] Epoch 022 | Train Loss: 0.7417 | Train Acc: 0.8373 | Val Loss: 0.1891 | Val Acc: 0.9407
2026-08-25 11:36:57 [INFO] ✓ Saved best model: Val Acc=0.9407 at epoch 22
2026-08-25 11:36:59 [INFO] Epoch 023 | Train Loss: 0.7446 | Train Acc: 0.8405 | Val Loss: 0.3129 | Val Acc: 0.9074
2026-08-25 11:37:00 [INFO] Epoch 024 | Train Loss: 0.7449 | Train Acc: 0.8460 | Val Loss: 0.2076 | Val Acc: 0.9222
2026-08-25 11:37:02 [INFO] Epoch 025 | Train Loss: 0.6967 | Train Acc: 0.8508 | Val Loss: 0.2499 | Val Acc: 0.9185
2026-08-25 11:37:03 [INFO] Epoch 026 | Train Loss: 0.6719 | Train Acc: 0.8563 | Val Loss: 0.1958 | Val Acc: 0.9259
2026-08-25 11:37:05 [INFO] Epoch 027 | Train Loss: 0.6247 | Train Acc: 0.8611 | Val Loss: 0.2100 | Val Acc: 0.9259
2026-08-25 11:37:08 [INFO] Epoch 028 | Train Loss: 0.7092 | Train Acc: 0.8508 | Val Loss: 0.2232 | Val Acc: 0.9259
2026-08-25 11:37:10 [INFO] Epoch 029 | Train Loss: 0.7067 | Train Acc: 0.8444 | Val Loss: 0.2204 | Val Acc: 0.9296
2026-08-25 11:37:11 [INFO] Epoch 030 | Train Loss: 0.6383 | Train Acc: 0.8659 | Val Loss: 0.1957 | Val Acc: 0.9259
2026-08-25 11:37:13 [INFO] Epoch 031 | Train Loss: 0.6288 | Train Acc: 0.8587 | Val Loss: 0.1928 | Val Acc: 0.9333
2026-08-25 11:37:14 [INFO] Epoch 032 | Train Loss: 0.5846 | Train Acc: 0.8659 | Val Loss: 0.1747 | Val Acc: 0.9444
2026-08-25 11:37:14 [INFO] ✓ Saved best model: Val Acc=0.9444 at epoch 32
2026-08-25 11:37:16 [INFO] Epoch 033 | Train Loss: 0.5532 | Train Acc: 0.8897 | Val Loss: 0.1865 | Val Acc: 0.9481
2026-08-25 11:37:16 [INFO] ✓ Saved best model: Val Acc=0.9481 at epoch 33
2026-08-25 11:37:18 [INFO] Epoch 034 | Train Loss: 0.6238 | Train Acc: 0.8643 | Val Loss: 0.2501 | Val Acc: 0.9222
2026-08-25 11:37:19 [INFO] Epoch 035 | Train Loss: 0.6381 | Train Acc: 0.8690 | Val Loss: 0.1731 | Val Acc: 0.9444
2026-08-25 11:37:23 [INFO] Epoch 036 | Train Loss: 0.5888 | Train Acc: 0.8683 | Val Loss: 0.1838 | Val Acc: 0.9370
2026-08-25 11:37:24 [INFO] Epoch 037 | Train Loss: 0.5839 | Train Acc: 0.8754 | Val Loss: 0.1945 | Val Acc: 0.9259
2026-08-25 11:37:26 [INFO] Epoch 038 | Train Loss: 0.5423 | Train Acc: 0.8849 | Val Loss: 0.1804 | Val Acc: 0.9407
2026-08-25 11:37:27 [INFO] Epoch 039 | Train Loss: 0.5673 | Train Acc: 0.8881 | Val Loss: 0.1390 | Val Acc: 0.9556
2026-08-25 11:37:27 [INFO] ✓ Saved best model: Val Acc=0.9556 at epoch 39
2026-08-25 11:37:29 [INFO] Epoch 040 | Train Loss: 0.4984 | Train Acc: 0.8921 | Val Loss: 0.1346 | Val Acc: 0.9481
2026-08-25 11:37:30 [INFO] Epoch 041 | Train Loss: 0.4310 | Train Acc: 0.9087 | Val Loss: 0.1361 | Val Acc: 0.9519
2026-08-25 11:37:32 [INFO] Epoch 042 | Train Loss: 0.4060 | Train Acc: 0.9167 | Val Loss: 0.1369 | Val Acc: 0.9556
2026-08-25 11:37:33 [INFO] Epoch 043 | Train Loss: 0.4633 | Train Acc: 0.9048 | Val Loss: 0.1242 | Val Acc: 0.9593
2026-08-25 11:37:33 [INFO] ✓ Saved best model: Val Acc=0.9593 at epoch 43
2026-08-25 11:37:35 [INFO] Epoch 044 | Train Loss: 0.4230 | Train Acc: 0.9119 | Val Loss: 0.1298 | Val Acc: 0.9630
2026-08-25 11:37:35 [INFO] ✓ Saved best model: Val Acc=0.9630 at epoch 44
2026-08-25 11:37:38 [INFO] Epoch 045 | Train Loss: 0.4485 | Train Acc: 0.9135 | Val Loss: 0.1399 | Val Acc: 0.9519
2026-08-25 11:37:40 [INFO] Epoch 046 | Train Loss: 0.4335 | Train Acc: 0.9079 | Val Loss: 0.1391 | Val Acc: 0.9519
2026-08-25 11:37:41 [INFO] Epoch 047 | Train Loss: 0.4287 | Train Acc: 0.9127 | Val Loss: 0.1232 | Val Acc: 0.9630
2026-08-25 11:37:43 [INFO] Epoch 048 | Train Loss: 0.4506 | Train Acc: 0.9095 | Val Loss: 0.1295 | Val Acc: 0.9630
2026-08-25 11:37:44 [INFO] Epoch 049 | Train Loss: 0.4108 | Train Acc: 0.9167 | Val Loss: 0.1290 | Val Acc: 0.9519
2026-08-25 11:37:46 [INFO] Epoch 050 | Train Loss: 0.4028 | Train Acc: 0.9175 | Val Loss: 0.1311 | Val Acc: 0.9593
2026-08-25 11:37:47 [INFO] Epoch 051 | Train Loss: 0.3979 | Train Acc: 0.9175 | Val Loss: 0.1260 | Val Acc: 0.9593
2026-08-25 11:37:49 [INFO] Epoch 052 | Train Loss: 0.4328 | Train Acc: 0.9103 | Val Loss: 0.1371 | Val Acc: 0.9593
2026-08-25 11:37:52 [INFO] Epoch 053 | Train Loss: 0.4118 | Train Acc: 0.9119 | Val Loss: 0.1239 | Val Acc: 0.9704
2026-08-25 11:37:52 [INFO] ✓ Saved best model: Val Acc=0.9704 at epoch 53
2026-08-25 11:37:54 [INFO] Epoch 054 | Train Loss: 0.3551 | Train Acc: 0.9341 | Val Loss: 0.1215 | Val Acc: 0.9704
2026-08-25 11:37:55 [INFO] Epoch 055 | Train Loss: 0.3567 | Train Acc: 0.9262 | Val Loss: 0.1318 | Val Acc: 0.9593
2026-08-25 11:37:57 [INFO] Epoch 056 | Train Loss: 0.3978 | Train Acc: 0.9254 | Val Loss: 0.1307 | Val Acc: 0.9630
2026-08-25 11:37:58 [INFO] Epoch 057 | Train Loss: 0.3724 | Train Acc: 0.9238 | Val Loss: 0.1369 | Val Acc: 0.9556
2026-08-25 11:38:00 [INFO] Epoch 058 | Train Loss: 0.4161 | Train Acc: 0.9175 | Val Loss: 0.1267 | Val Acc: 0.9593
2026-08-25 11:38:01 [INFO] Epoch 059 | Train Loss: 0.3870 | Train Acc: 0.9254 | Val Loss: 0.1314 | Val Acc: 0.9593
2026-08-25 11:38:03 [INFO] Epoch 060 | Train Loss: 0.4175 | Train Acc: 0.9127 | Val Loss: 0.1340 | Val Acc: 0.9519
2026-08-25 11:38:05 [INFO] Epoch 061 | Train Loss: 0.3890 | Train Acc: 0.9214 | Val Loss: 0.1350 | Val Acc: 0.9593
2026-08-25 11:38:08 [INFO] Epoch 062 | Train Loss: 0.3320 | Train Acc: 0.9341 | Val Loss: 0.1282 | Val Acc: 0.9593
2026-08-25 11:38:10 [INFO] Epoch 063 | Train Loss: 0.4186 | Train Acc: 0.9159 | Val Loss: 0.1316 | Val Acc: 0.9519
2026-08-25 11:38:11 [INFO] Epoch 064 | Train Loss: 0.3285 | Train Acc: 0.9325 | Val Loss: 0.1350 | Val Acc: 0.9519
2026-08-25 11:38:13 [INFO] Epoch 065 | Train Loss: 0.3858 | Train Acc: 0.9143 | Val Loss: 0.1322 | Val Acc: 0.9444
2026-08-25 11:38:14 [INFO] Epoch 066 | Train Loss: 0.3979 | Train Acc: 0.9167 | Val Loss: 0.1372 | Val Acc: 0.9556
2026-08-25 11:38:16 [INFO] Epoch 067 | Train Loss: 0.3872 | Train Acc: 0.9222 | Val Loss: 0.1358 | Val Acc: 0.9519
2026-08-25 11:38:17 [INFO] Epoch 068 | Train Loss: 0.4352 | Train Acc: 0.9079 | Val Loss: 0.1224 | Val Acc: 0.9630
2026-08-25 11:38:19 [INFO] Epoch 069 | Train Loss: 0.3597 | Train Acc: 0.9246 | Val Loss: 0.1250 | Val Acc: 0.9519
2026-08-25 11:38:21 [INFO] Epoch 070 | Train Loss: 0.3662 | Train Acc: 0.9317 | Val Loss: 0.1205 | Val Acc: 0.9593
2026-08-25 11:38:24 [INFO] Epoch 071 | Train Loss: 0.3789 | Train Acc: 0.9278 | Val Loss: 0.1231 | Val Acc: 0.9593
2026-08-25 11:38:25 [INFO] Epoch 072 | Train Loss: 0.3720 | Train Acc: 0.9302 | Val Loss: 0.1331 | Val Acc: 0.9556
2026-08-25 11:38:27 [INFO] Epoch 073 | Train Loss: 0.4112 | Train Acc: 0.9111 | Val Loss: 0.1265 | Val Acc: 0.9556
2026-08-25 11:38:28 [INFO] Epoch 074 | Train Loss: 0.3715 | Train Acc: 0.9286 | Val Loss: 0.1250 | Val Acc: 0.9630
2026-08-25 11:38:30 [INFO] Epoch 075 | Train Loss: 0.3822 | Train Acc: 0.9278 | Val Loss: 0.1216 | Val Acc: 0.9630
2026-08-25 11:38:31 [INFO] Epoch 076 | Train Loss: 0.3693 | Train Acc: 0.9310 | Val Loss: 0.1219 | Val Acc: 0.9593
2026-08-25 11:38:33 [INFO] Epoch 077 | Train Loss: 0.4041 | Train Acc: 0.9246 | Val Loss: 0.1237 | Val Acc: 0.9593
2026-08-25 11:38:34 [INFO] Epoch 078 | Train Loss: 0.3286 | Train Acc: 0.9294 | Val Loss: 0.1208 | Val Acc: 0.9630
2026-08-25 11:38:38 [INFO] Epoch 079 | Train Loss: 0.3501 | Train Acc: 0.9278 | Val Loss: 0.1193 | Val Acc: 0.9630
2026-08-25 11:38:39 [INFO] Epoch 080 | Train Loss: 0.3228 | Train Acc: 0.9389 | Val Loss: 0.1160 | Val Acc: 0.9630
2026-08-25 11:38:41 [INFO] Epoch 081 | Train Loss: 0.3502 | Train Acc: 0.9262 | Val Loss: 0.1245 | Val Acc: 0.9556
2026-08-25 11:38:42 [INFO] Epoch 082 | Train Loss: 0.3517 | Train Acc: 0.9341 | Val Loss: 0.1208 | Val Acc: 0.9593
2026-08-25 11:38:44 [INFO] Epoch 083 | Train Loss: 0.3594 | Train Acc: 0.9333 | Val Loss: 0.1234 | Val Acc: 0.9630
2026-08-25 11:38:44 [INFO] ⏹ Early stopping tại epoch 83 (không cải thiện sau 30 epoch, best=0.9704)
2026-08-25 11:38:44 [INFO] Evaluating Best Model on TEST Set...
2026-08-25 11:38:44 [INFO] 
[RESUME] Đang nạp checkpoint từ: /home/biu-linux/DeepLearning_Projects/DoAnNganh/HybricMamba/Ressult/TFJ/LIGHT_HYBRIC_MAMBA/NEU-DET_surface-dec/LIGHT_HYBRIC_MAMBA_best.pth
2026-08-25 11:38:44 [INFO] 🎯 [TEST RESULT] Test Acc: 0.9444 | F1-Macro: 0.9450 | F1-Weighted: 0.9450
2026-08-27 12:21:40 [INFO] Dataset: NEU-DET_surface-dec | Số nhãn (classes): 6 | Tổng số ảnh: 1800
2026-08-27 12:21:40 [INFO] Dữ liệu đã chia -> Train (70%): 1260 | Val (15%): 270 | Test (15%): 270
2026-08-27 12:21:40 [INFO] 
🔍 Kiểm tra phân bố class trong batch:
2026-08-27 12:21:42 [INFO]   Batch 0: 6 classes (first 5: [0, 1, 2, 3, 4])
2026-08-27 12:21:42 [INFO]   Batch 1: 6 classes (first 5: [0, 1, 2, 3, 4])
2026-08-27 12:21:42 [INFO]   Batch 2: 6 classes (first 5: [0, 1, 2, 3, 4])
2026-08-27 12:21:42 [INFO]   Batch 3: 6 classes (first 5: [0, 1, 2, 3, 4])
2026-08-27 12:21:42 [INFO]   Batch 4: 6 classes (first 5: [0, 1, 2, 3, 4])
2026-08-27 12:21:42 [WARNING] ⚠️ WARNING: Trung bình 6.0 classes/batch - Dữ liệu chưa được trộn đều!
2026-08-27 12:21:42 [INFO] ============================================================
2026-08-27 12:21:42 [INFO] Starting training: LIGHT_HYBRIC_MAMBA
2026-08-27 12:21:42 [INFO] Dataset: NEU-DET_surface-dec | Path: /home/biu-linux/DeepLearning_Projects/DoAnNganh/data/NEU-DET
2026-08-27 12:21:42 [INFO] Device: cuda
2026-08-27 12:21:42 [INFO] GPU: NVIDIA GeForce RTX 3050 Laptop GPU
2026-08-27 12:21:42 [INFO] ============================================================
2026-08-27 12:21:47 [INFO] Epoch 000 | Train Loss: 2.8195 | Train Acc: 0.1992 | Val Loss: 1.6153 | Val Acc: 0.3926
2026-08-27 12:21:47 [INFO] ✓ Saved best model: Val Acc=0.3926 at epoch 0
2026-08-27 12:21:48 [INFO] Epoch 001 | Train Loss: 2.5655 | Train Acc: 0.3952 | Val Loss: 1.2712 | Val Acc: 0.5667
2026-08-27 12:21:48 [INFO] ✓ Saved best model: Val Acc=0.5667 at epoch 1
2026-08-27 12:21:49 [INFO] Epoch 002 | Train Loss: 2.2542 | Train Acc: 0.4683 | Val Loss: 1.0369 | Val Acc: 0.5741
2026-08-27 12:21:49 [INFO] ✓ Saved best model: Val Acc=0.5741 at epoch 2
2026-08-27 12:21:50 [INFO] Epoch 003 | Train Loss: 2.0650 | Train Acc: 0.5048 | Val Loss: 0.9849 | Val Acc: 0.6259
2026-08-27 12:21:50 [INFO] ✓ Saved best model: Val Acc=0.6259 at epoch 3
2026-08-27 12:21:51 [INFO] Epoch 004 | Train Loss: 1.9632 | Train Acc: 0.5317 | Val Loss: 0.8510 | Val Acc: 0.6963
2026-08-27 12:21:51 [INFO] ✓ Saved best model: Val Acc=0.6963 at epoch 4
2026-08-27 12:21:52 [INFO] Epoch 005 | Train Loss: 1.8251 | Train Acc: 0.5706 | Val Loss: 0.8039 | Val Acc: 0.7037
2026-08-27 12:21:52 [INFO] ✓ Saved best model: Val Acc=0.7037 at epoch 5
2026-08-27 12:21:54 [INFO] Epoch 006 | Train Loss: 1.7725 | Train Acc: 0.6016 | Val Loss: 0.9013 | Val Acc: 0.7111
2026-08-27 12:21:54 [INFO] ✓ Saved best model: Val Acc=0.7111 at epoch 6
2026-08-27 12:21:56 [INFO] Epoch 007 | Train Loss: 1.5731 | Train Acc: 0.6611 | Val Loss: 0.5153 | Val Acc: 0.8556
2026-08-27 12:21:56 [INFO] ✓ Saved best model: Val Acc=0.8556 at epoch 7
2026-08-27 12:21:57 [INFO] Epoch 008 | Train Loss: 1.4942 | Train Acc: 0.6825 | Val Loss: 0.5419 | Val Acc: 0.8111
2026-08-27 12:21:58 [INFO] Epoch 009 | Train Loss: 1.3632 | Train Acc: 0.7103 | Val Loss: 0.4597 | Val Acc: 0.8630
2026-08-27 12:21:58 [INFO] ✓ Saved best model: Val Acc=0.8630 at epoch 9
2026-08-27 12:21:59 [INFO] Epoch 010 | Train Loss: 1.2419 | Train Acc: 0.7508 | Val Loss: 0.4398 | Val Acc: 0.8630
2026-08-27 12:22:00 [INFO] Epoch 011 | Train Loss: 1.1751 | Train Acc: 0.7603 | Val Loss: 0.3528 | Val Acc: 0.8889
2026-08-27 12:22:00 [INFO] ✓ Saved best model: Val Acc=0.8889 at epoch 11
2026-08-27 12:22:01 [INFO] Epoch 012 | Train Loss: 1.0658 | Train Acc: 0.7952 | Val Loss: 0.3277 | Val Acc: 0.9037
2026-08-27 12:22:01 [INFO] ✓ Saved best model: Val Acc=0.9037 at epoch 12
2026-08-27 12:22:02 [INFO] Epoch 013 | Train Loss: 1.0597 | Train Acc: 0.7770 | Val Loss: 0.2767 | Val Acc: 0.9222
2026-08-27 12:22:02 [INFO] ✓ Saved best model: Val Acc=0.9222 at epoch 13
2026-08-27 12:22:03 [INFO] Epoch 014 | Train Loss: 1.0169 | Train Acc: 0.7913 | Val Loss: 0.2957 | Val Acc: 0.9185
2026-08-27 12:22:04 [INFO] Epoch 015 | Train Loss: 0.9516 | Train Acc: 0.8079 | Val Loss: 0.2453 | Val Acc: 0.9333
2026-08-27 12:22:04 [INFO] ✓ Saved best model: Val Acc=0.9333 at epoch 15
2026-08-27 12:22:05 [INFO] Epoch 016 | Train Loss: 0.8720 | Train Acc: 0.8373 | Val Loss: 0.2626 | Val Acc: 0.9296
2026-08-27 12:22:06 [INFO] Epoch 017 | Train Loss: 0.8380 | Train Acc: 0.8452 | Val Loss: 0.2362 | Val Acc: 0.9370
2026-08-27 12:22:06 [INFO] ✓ Saved best model: Val Acc=0.9370 at epoch 17
2026-08-27 12:22:07 [INFO] Epoch 018 | Train Loss: 0.7945 | Train Acc: 0.8484 | Val Loss: 0.2024 | Val Acc: 0.9444
2026-08-27 12:22:07 [INFO] ✓ Saved best model: Val Acc=0.9444 at epoch 18
2026-08-27 12:22:10 [INFO] Epoch 019 | Train Loss: 0.8043 | Train Acc: 0.8460 | Val Loss: 0.1894 | Val Acc: 0.9556
2026-08-27 12:22:10 [INFO] ✓ Saved best model: Val Acc=0.9556 at epoch 19
2026-08-27 12:22:11 [INFO] Epoch 020 | Train Loss: 0.8083 | Train Acc: 0.8389 | Val Loss: 0.1913 | Val Acc: 0.9481
2026-08-27 12:22:12 [INFO] Epoch 021 | Train Loss: 0.7812 | Train Acc: 0.8460 | Val Loss: 0.1898 | Val Acc: 0.9407
2026-08-27 12:22:13 [INFO] Epoch 022 | Train Loss: 0.7396 | Train Acc: 0.8627 | Val Loss: 0.1844 | Val Acc: 0.9519
2026-08-27 12:22:14 [INFO] Epoch 023 | Train Loss: 0.7590 | Train Acc: 0.8540 | Val Loss: 0.1837 | Val Acc: 0.9519
2026-08-27 12:22:15 [INFO] Epoch 024 | Train Loss: 0.7690 | Train Acc: 0.8540 | Val Loss: 0.1891 | Val Acc: 0.9444
2026-08-27 12:22:16 [INFO] Epoch 025 | Train Loss: 0.8468 | Train Acc: 0.8349 | Val Loss: 0.2441 | Val Acc: 0.9222
2026-08-27 12:22:17 [INFO] Epoch 026 | Train Loss: 0.8483 | Train Acc: 0.8286 | Val Loss: 0.2274 | Val Acc: 0.9148
2026-08-27 12:22:18 [INFO] Epoch 027 | Train Loss: 0.7670 | Train Acc: 0.8476 | Val Loss: 0.2036 | Val Acc: 0.9370
2026-08-27 12:22:19 [INFO] Epoch 028 | Train Loss: 0.7245 | Train Acc: 0.8556 | Val Loss: 0.2222 | Val Acc: 0.9222
2026-08-27 12:22:20 [INFO] Epoch 029 | Train Loss: 0.6737 | Train Acc: 0.8627 | Val Loss: 0.2264 | Val Acc: 0.9111
2026-08-27 12:22:21 [INFO] Epoch 030 | Train Loss: 0.6726 | Train Acc: 0.8667 | Val Loss: 0.1985 | Val Acc: 0.9333
2026-08-27 12:22:22 [INFO] Epoch 031 | Train Loss: 0.6607 | Train Acc: 0.8714 | Val Loss: 0.1469 | Val Acc: 0.9556
2026-08-27 12:22:25 [INFO] Epoch 032 | Train Loss: 0.6127 | Train Acc: 0.8817 | Val Loss: 0.1430 | Val Acc: 0.9444
2026-08-27 12:22:27 [INFO] Epoch 033 | Train Loss: 0.6042 | Train Acc: 0.8881 | Val Loss: 0.1318 | Val Acc: 0.9481
2026-08-27 12:22:28 [INFO] Epoch 034 | Train Loss: 0.5753 | Train Acc: 0.8857 | Val Loss: 0.1507 | Val Acc: 0.9259
2026-08-27 12:22:29 [INFO] Epoch 035 | Train Loss: 0.5766 | Train Acc: 0.8802 | Val Loss: 0.2060 | Val Acc: 0.9222
2026-08-27 12:22:30 [INFO] Epoch 036 | Train Loss: 0.5423 | Train Acc: 0.9024 | Val Loss: 0.1674 | Val Acc: 0.9407
2026-08-27 12:22:31 [INFO] Epoch 037 | Train Loss: 0.5653 | Train Acc: 0.8881 | Val Loss: 0.1836 | Val Acc: 0.9259
2026-08-27 12:22:33 [INFO] Epoch 038 | Train Loss: 0.5087 | Train Acc: 0.9032 | Val Loss: 0.1632 | Val Acc: 0.9481
2026-08-27 12:22:34 [INFO] Epoch 039 | Train Loss: 0.5224 | Train Acc: 0.9000 | Val Loss: 0.1341 | Val Acc: 0.9704
2026-08-27 12:22:34 [INFO] ✓ Saved best model: Val Acc=0.9704 at epoch 39
2026-08-27 12:22:35 [INFO] Epoch 040 | Train Loss: 0.5105 | Train Acc: 0.8881 | Val Loss: 0.1130 | Val Acc: 0.9519
2026-08-27 12:22:36 [INFO] Epoch 041 | Train Loss: 0.4969 | Train Acc: 0.9079 | Val Loss: 0.1295 | Val Acc: 0.9519
2026-08-27 12:22:37 [INFO] Epoch 042 | Train Loss: 0.4595 | Train Acc: 0.9071 | Val Loss: 0.1280 | Val Acc: 0.9630
2026-08-27 12:22:40 [INFO] Epoch 043 | Train Loss: 0.4705 | Train Acc: 0.9143 | Val Loss: 0.1055 | Val Acc: 0.9630
2026-08-27 12:22:42 [INFO] Epoch 044 | Train Loss: 0.4432 | Train Acc: 0.9087 | Val Loss: 0.1155 | Val Acc: 0.9519
2026-08-27 12:22:43 [INFO] Epoch 045 | Train Loss: 0.4264 | Train Acc: 0.9294 | Val Loss: 0.1012 | Val Acc: 0.9741
2026-08-27 12:22:43 [INFO] ✓ Saved best model: Val Acc=0.9741 at epoch 45
2026-08-27 12:22:44 [INFO] Epoch 046 | Train Loss: 0.4358 | Train Acc: 0.9135 | Val Loss: 0.1165 | Val Acc: 0.9630
2026-08-27 12:22:45 [INFO] Epoch 047 | Train Loss: 0.4508 | Train Acc: 0.9190 | Val Loss: 0.0909 | Val Acc: 0.9556
2026-08-27 12:22:46 [INFO] Epoch 048 | Train Loss: 0.3916 | Train Acc: 0.9286 | Val Loss: 0.1022 | Val Acc: 0.9593
2026-08-27 12:22:47 [INFO] Epoch 049 | Train Loss: 0.3980 | Train Acc: 0.9278 | Val Loss: 0.1103 | Val Acc: 0.9407
2026-08-27 12:22:48 [INFO] Epoch 050 | Train Loss: 0.3990 | Train Acc: 0.9238 | Val Loss: 0.1105 | Val Acc: 0.9630
2026-08-27 12:22:49 [INFO] Epoch 051 | Train Loss: 0.3922 | Train Acc: 0.9254 | Val Loss: 0.1226 | Val Acc: 0.9630
2026-08-27 12:22:50 [INFO] Epoch 052 | Train Loss: 0.4288 | Train Acc: 0.9151 | Val Loss: 0.1115 | Val Acc: 0.9667
2026-08-27 12:22:51 [INFO] Epoch 053 | Train Loss: 0.3707 | Train Acc: 0.9317 | Val Loss: 0.1151 | Val Acc: 0.9556
2026-08-27 12:22:52 [INFO] Epoch 054 | Train Loss: 0.3672 | Train Acc: 0.9270 | Val Loss: 0.1142 | Val Acc: 0.9593
2026-08-27 12:22:54 [INFO] Epoch 055 | Train Loss: 0.3969 | Train Acc: 0.9302 | Val Loss: 0.0970 | Val Acc: 0.9556
2026-08-27 12:22:56 [INFO] Epoch 056 | Train Loss: 0.3746 | Train Acc: 0.9246 | Val Loss: 0.1073 | Val Acc: 0.9630
2026-08-27 12:22:57 [INFO] Epoch 057 | Train Loss: 0.3519 | Train Acc: 0.9381 | Val Loss: 0.1002 | Val Acc: 0.9630
2026-08-27 12:22:58 [INFO] Epoch 058 | Train Loss: 0.3367 | Train Acc: 0.9413 | Val Loss: 0.1088 | Val Acc: 0.9667
2026-08-27 12:22:59 [INFO] Epoch 059 | Train Loss: 0.3791 | Train Acc: 0.9357 | Val Loss: 0.1019 | Val Acc: 0.9667
2026-08-27 12:23:00 [INFO] Epoch 060 | Train Loss: 0.3762 | Train Acc: 0.9246 | Val Loss: 0.1004 | Val Acc: 0.9667
2026-08-27 12:23:01 [INFO] Epoch 061 | Train Loss: 0.3376 | Train Acc: 0.9405 | Val Loss: 0.1038 | Val Acc: 0.9593
2026-08-27 12:23:02 [INFO] Epoch 062 | Train Loss: 0.3444 | Train Acc: 0.9365 | Val Loss: 0.1050 | Val Acc: 0.9630
2026-08-27 12:23:03 [INFO] Epoch 063 | Train Loss: 0.3526 | Train Acc: 0.9365 | Val Loss: 0.1081 | Val Acc: 0.9593
2026-08-27 12:23:04 [INFO] Epoch 064 | Train Loss: 0.3213 | Train Acc: 0.9421 | Val Loss: 0.0958 | Val Acc: 0.9704
2026-08-27 12:23:05 [INFO] Epoch 065 | Train Loss: 0.4023 | Train Acc: 0.9246 | Val Loss: 0.1431 | Val Acc: 0.9333
2026-08-27 12:23:06 [INFO] Epoch 066 | Train Loss: 0.4544 | Train Acc: 0.9103 | Val Loss: 0.1409 | Val Acc: 0.9519
2026-08-27 12:23:07 [INFO] Epoch 067 | Train Loss: 0.5059 | Train Acc: 0.9040 | Val Loss: 0.0945 | Val Acc: 0.9704
2026-08-27 12:23:09 [INFO] Epoch 068 | Train Loss: 0.4141 | Train Acc: 0.9167 | Val Loss: 0.1401 | Val Acc: 0.9481
2026-08-27 12:23:12 [INFO] Epoch 069 | Train Loss: 0.4560 | Train Acc: 0.9159 | Val Loss: 0.1474 | Val Acc: 0.9556
2026-08-27 12:23:13 [INFO] Epoch 070 | Train Loss: 0.4387 | Train Acc: 0.9198 | Val Loss: 0.1125 | Val Acc: 0.9519
2026-08-27 12:23:14 [INFO] Epoch 071 | Train Loss: 0.4087 | Train Acc: 0.9151 | Val Loss: 0.1133 | Val Acc: 0.9556
2026-08-27 12:23:15 [INFO] Epoch 072 | Train Loss: 0.4540 | Train Acc: 0.9143 | Val Loss: 0.1431 | Val Acc: 0.9519
2026-08-27 12:23:16 [INFO] Epoch 073 | Train Loss: 0.4225 | Train Acc: 0.9278 | Val Loss: 0.1315 | Val Acc: 0.9519
2026-08-27 12:23:17 [INFO] Epoch 074 | Train Loss: 0.3723 | Train Acc: 0.9262 | Val Loss: 0.0952 | Val Acc: 0.9630
2026-08-27 12:23:18 [INFO] Epoch 075 | Train Loss: 0.3880 | Train Acc: 0.9238 | Val Loss: 0.1359 | Val Acc: 0.9481
2026-08-27 12:23:19 [INFO] Epoch 076 | Train Loss: 0.3719 | Train Acc: 0.9246 | Val Loss: 0.1246 | Val Acc: 0.9481
2026-08-27 12:23:20 [INFO] Epoch 077 | Train Loss: 0.3681 | Train Acc: 0.9238 | Val Loss: 0.1235 | Val Acc: 0.9593
2026-08-27 12:23:21 [INFO] Epoch 078 | Train Loss: 0.3634 | Train Acc: 0.9167 | Val Loss: 0.1038 | Val Acc: 0.9556
2026-08-27 12:23:22 [INFO] Epoch 079 | Train Loss: 0.3406 | Train Acc: 0.9325 | Val Loss: 0.2331 | Val Acc: 0.9259
2026-08-27 12:23:24 [INFO] Epoch 080 | Train Loss: 0.3646 | Train Acc: 0.9278 | Val Loss: 0.0775 | Val Acc: 0.9704
2026-08-27 12:23:24 [INFO] ⏹ Early stopping tại epoch 80 (không cải thiện sau 35 epoch, best=0.9741)
2026-08-27 12:23:24 [INFO] Evaluating Best Model on TEST Set...
2026-08-27 12:23:24 [INFO] 
[RESUME] Đang nạp checkpoint từ: /home/biu-linux/DeepLearning_Projects/DoAnNganh/HybricMamba/Ressult/TFJ/LIGHT_HYBRIC_MAMBA/NEU-DET_surface-dec/LIGHT_HYBRIC_MAMBA_best.pth
2026-08-27 12:23:25 [INFO] 🎯 [TEST RESULT] Test Acc: 0.9741 | F1-Macro: 0.9741 | F1-Weighted: 0.9741
2026-08-27 14:03:20 [INFO] Dataset: NEU-DET_surface-dec | Số nhãn (classes): 6 | Tổng số ảnh: 1800
2026-08-27 14:03:20 [INFO] Dữ liệu đã chia -> Train (70%): 1260 | Val (15%): 270 | Test (15%): 270
2026-08-27 14:03:20 [INFO] 
🔍 Kiểm tra phân bố class trong batch:
2026-08-27 14:03:22 [INFO]   Batch 0: 4 classes (first 5: [0, 3, 4, 5])
2026-08-27 14:03:22 [INFO]   Batch 1: 6 classes (first 5: [0, 1, 2, 3, 4])
2026-08-27 14:03:22 [INFO]   Batch 2: 6 classes (first 5: [0, 1, 2, 3, 4])
2026-08-27 14:03:22 [INFO]   Batch 3: 5 classes (first 5: [0, 1, 2, 3, 4])
2026-08-27 14:03:22 [INFO]   Batch 4: 4 classes (first 5: [0, 2, 3, 4])
2026-08-27 14:03:22 [WARNING] ⚠️ WARNING: Trung bình 5.0 classes/batch - Dữ liệu chưa được trộn đều!
2026-08-27 14:03:22 [INFO] ============================================================
2026-08-27 14:03:22 [INFO] Starting training: LIGHT_HYBRIC_MAMBA
2026-08-27 14:03:22 [INFO] Dataset: NEU-DET_surface-dec | Path: /home/biu-linux/DeepLearning_Projects/DoAnNganh/data/NEU-DET
2026-08-27 14:03:22 [INFO] Device: cuda
2026-08-27 14:03:22 [INFO] GPU: NVIDIA GeForce RTX 3050 Laptop GPU
2026-08-27 14:03:22 [INFO] ============================================================
2026-08-27 14:03:26 [INFO] Epoch 000 | Train Loss: 2.7556 | Train Acc: 0.2611 | Val Loss: 1.5215 | Val Acc: 0.4481
2026-08-27 14:03:26 [INFO] ✓ Saved best model: Val Acc=0.4481 at epoch 0
2026-08-27 14:03:28 [INFO] Epoch 001 | Train Loss: 2.4880 | Train Acc: 0.4206 | Val Loss: 1.2216 | Val Acc: 0.5815
2026-08-27 14:03:28 [INFO] ✓ Saved best model: Val Acc=0.5815 at epoch 1
2026-08-27 14:03:30 [INFO] Epoch 002 | Train Loss: 2.1904 | Train Acc: 0.4929 | Val Loss: 1.0072 | Val Acc: 0.6593
2026-08-27 14:03:30 [INFO] ✓ Saved best model: Val Acc=0.6593 at epoch 2
2026-08-27 14:03:31 [INFO] Epoch 003 | Train Loss: 1.9209 | Train Acc: 0.5484 | Val Loss: 0.7850 | Val Acc: 0.7444
2026-08-27 14:03:32 [INFO] ✓ Saved best model: Val Acc=0.7444 at epoch 3
2026-08-27 14:03:36 [INFO] Epoch 004 | Train Loss: 1.7737 | Train Acc: 0.5929 | Val Loss: 0.6790 | Val Acc: 0.7519
2026-08-27 14:03:36 [INFO] ✓ Saved best model: Val Acc=0.7519 at epoch 4
2026-08-27 14:03:38 [INFO] Epoch 005 | Train Loss: 1.6074 | Train Acc: 0.6373 | Val Loss: 0.7266 | Val Acc: 0.7407
2026-08-27 14:03:40 [INFO] Epoch 006 | Train Loss: 1.5099 | Train Acc: 0.6468 | Val Loss: 0.5719 | Val Acc: 0.7926
2026-08-27 14:03:40 [INFO] ✓ Saved best model: Val Acc=0.7926 at epoch 6
2026-08-27 14:03:42 [INFO] Epoch 007 | Train Loss: 1.4252 | Train Acc: 0.6675 | Val Loss: 0.5187 | Val Acc: 0.8037
2026-08-27 14:03:42 [INFO] ✓ Saved best model: Val Acc=0.8037 at epoch 7
2026-08-27 14:03:44 [INFO] Epoch 008 | Train Loss: 1.3951 | Train Acc: 0.6833 | Val Loss: 0.5205 | Val Acc: 0.7852
2026-08-27 14:03:46 [INFO] Epoch 009 | Train Loss: 1.2559 | Train Acc: 0.6865 | Val Loss: 0.4468 | Val Acc: 0.8481
2026-08-27 14:03:46 [INFO] ✓ Saved best model: Val Acc=0.8481 at epoch 9
2026-08-27 14:03:51 [INFO] Epoch 010 | Train Loss: 1.3036 | Train Acc: 0.6968 | Val Loss: 0.4748 | Val Acc: 0.8111
2026-08-27 14:03:53 [INFO] Epoch 011 | Train Loss: 1.2018 | Train Acc: 0.7198 | Val Loss: 0.4207 | Val Acc: 0.8185
2026-08-27 14:03:55 [INFO] Epoch 012 | Train Loss: 1.0069 | Train Acc: 0.7746 | Val Loss: 0.3757 | Val Acc: 0.8481
2026-08-27 14:03:57 [INFO] Epoch 013 | Train Loss: 1.0364 | Train Acc: 0.7571 | Val Loss: 0.3657 | Val Acc: 0.8556
2026-08-27 14:03:57 [INFO] ✓ Saved best model: Val Acc=0.8556 at epoch 13
2026-08-27 14:03:59 [INFO] Epoch 014 | Train Loss: 0.9465 | Train Acc: 0.7810 | Val Loss: 0.3285 | Val Acc: 0.8815
2026-08-27 14:03:59 [INFO] ✓ Saved best model: Val Acc=0.8815 at epoch 14
2026-08-27 14:04:01 [INFO] Epoch 015 | Train Loss: 0.9006 | Train Acc: 0.7897 | Val Loss: 0.3364 | Val Acc: 0.8741
2026-08-27 14:04:06 [INFO] Epoch 016 | Train Loss: 0.8860 | Train Acc: 0.7929 | Val Loss: 0.3333 | Val Acc: 0.8704
2026-08-27 14:04:08 [INFO] Epoch 017 | Train Loss: 0.9440 | Train Acc: 0.7881 | Val Loss: 0.3232 | Val Acc: 0.8778
2026-08-27 14:04:10 [INFO] Epoch 018 | Train Loss: 0.8765 | Train Acc: 0.7929 | Val Loss: 0.3004 | Val Acc: 0.8889
2026-08-27 14:04:10 [INFO] ✓ Saved best model: Val Acc=0.8889 at epoch 18
2026-08-27 14:04:12 [INFO] Epoch 019 | Train Loss: 0.9657 | Train Acc: 0.7738 | Val Loss: 0.3344 | Val Acc: 0.8481
2026-08-27 14:04:14 [INFO] Epoch 020 | Train Loss: 0.9233 | Train Acc: 0.7841 | Val Loss: 0.2874 | Val Acc: 0.8926
2026-08-27 14:04:14 [INFO] ✓ Saved best model: Val Acc=0.8926 at epoch 20
2026-08-27 14:04:16 [INFO] Epoch 021 | Train Loss: 0.9576 | Train Acc: 0.7841 | Val Loss: 0.3667 | Val Acc: 0.8593
2026-08-27 14:04:19 [INFO] Epoch 022 | Train Loss: 0.9742 | Train Acc: 0.7802 | Val Loss: 0.2868 | Val Acc: 0.8963
2026-08-27 14:04:19 [INFO] ✓ Saved best model: Val Acc=0.8963 at epoch 22
2026-08-27 14:04:22 [INFO] Epoch 023 | Train Loss: 0.9570 | Train Acc: 0.7857 | Val Loss: 0.3456 | Val Acc: 0.8444
2026-08-27 14:04:25 [INFO] Epoch 024 | Train Loss: 0.9874 | Train Acc: 0.7619 | Val Loss: 0.3678 | Val Acc: 0.8704
2026-08-27 14:04:27 [INFO] Epoch 025 | Train Loss: 0.8825 | Train Acc: 0.7937 | Val Loss: 0.3581 | Val Acc: 0.8593
2026-08-27 14:04:29 [INFO] Epoch 026 | Train Loss: 0.8059 | Train Acc: 0.8238 | Val Loss: 0.2740 | Val Acc: 0.8963
2026-08-27 14:04:31 [INFO] Epoch 027 | Train Loss: 0.7877 | Train Acc: 0.8167 | Val Loss: 0.2428 | Val Acc: 0.8963
2026-08-27 14:04:36 [INFO] Epoch 028 | Train Loss: 0.7398 | Train Acc: 0.8413 | Val Loss: 0.4022 | Val Acc: 0.8407
2026-08-27 14:04:38 [INFO] Epoch 029 | Train Loss: 0.6943 | Train Acc: 0.8452 | Val Loss: 0.2248 | Val Acc: 0.9148
2026-08-27 14:04:38 [INFO] ✓ Saved best model: Val Acc=0.9148 at epoch 29
2026-08-27 14:04:40 [INFO] Epoch 030 | Train Loss: 0.6372 | Train Acc: 0.8651 | Val Loss: 0.2201 | Val Acc: 0.9296
2026-08-27 14:04:40 [INFO] ✓ Saved best model: Val Acc=0.9296 at epoch 30
2026-08-27 14:04:43 [INFO] Epoch 031 | Train Loss: 0.5419 | Train Acc: 0.8841 | Val Loss: 0.2303 | Val Acc: 0.9037
2026-08-27 14:04:45 [INFO] Epoch 032 | Train Loss: 0.6087 | Train Acc: 0.8683 | Val Loss: 0.2387 | Val Acc: 0.9037
2026-08-27 14:04:47 [INFO] Epoch 033 | Train Loss: 0.5868 | Train Acc: 0.8683 | Val Loss: 0.2023 | Val Acc: 0.9333
2026-08-27 14:04:47 [INFO] ✓ Saved best model: Val Acc=0.9333 at epoch 33
2026-08-27 14:04:52 [INFO] Epoch 034 | Train Loss: 0.6048 | Train Acc: 0.8595 | Val Loss: 0.2386 | Val Acc: 0.9111
2026-08-27 14:04:54 [INFO] Epoch 035 | Train Loss: 0.5796 | Train Acc: 0.8802 | Val Loss: 0.2669 | Val Acc: 0.8963
2026-08-27 14:04:56 [INFO] Epoch 036 | Train Loss: 0.6262 | Train Acc: 0.8690 | Val Loss: 0.2462 | Val Acc: 0.9185
2026-08-27 14:04:58 [INFO] Epoch 037 | Train Loss: 0.6507 | Train Acc: 0.8571 | Val Loss: 0.2098 | Val Acc: 0.9148
2026-08-27 14:05:00 [INFO] Epoch 038 | Train Loss: 0.6605 | Train Acc: 0.8540 | Val Loss: 0.2908 | Val Acc: 0.8778
2026-08-27 14:05:04 [INFO] Epoch 039 | Train Loss: 0.6264 | Train Acc: 0.8730 | Val Loss: 0.2178 | Val Acc: 0.9185
2026-08-27 14:05:07 [INFO] Epoch 040 | Train Loss: 0.6791 | Train Acc: 0.8548 | Val Loss: 0.1884 | Val Acc: 0.9185
2026-08-27 14:05:09 [INFO] Epoch 041 | Train Loss: 0.6748 | Train Acc: 0.8595 | Val Loss: 0.2066 | Val Acc: 0.9296
2026-08-27 14:05:12 [INFO] Epoch 042 | Train Loss: 0.6768 | Train Acc: 0.8532 | Val Loss: 0.2125 | Val Acc: 0.9111
2026-08-27 14:05:14 [INFO] Epoch 043 | Train Loss: 0.6150 | Train Acc: 0.8643 | Val Loss: 0.1493 | Val Acc: 0.9444
2026-08-27 14:05:14 [INFO] ✓ Saved best model: Val Acc=0.9444 at epoch 43
2026-08-27 14:05:16 [INFO] Epoch 044 | Train Loss: 0.5192 | Train Acc: 0.8849 | Val Loss: 0.1942 | Val Acc: 0.9222
2026-08-27 14:05:20 [INFO] Epoch 045 | Train Loss: 0.5174 | Train Acc: 0.8802 | Val Loss: 0.1425 | Val Acc: 0.9556
2026-08-27 14:05:20 [INFO] ✓ Saved best model: Val Acc=0.9556 at epoch 45
2026-08-27 14:05:22 [INFO] Epoch 046 | Train Loss: 0.4527 | Train Acc: 0.8992 | Val Loss: 0.1802 | Val Acc: 0.9296
2026-08-27 14:05:24 [INFO] Epoch 047 | Train Loss: 0.4337 | Train Acc: 0.9095 | Val Loss: 0.1390 | Val Acc: 0.9519
2026-08-27 14:05:26 [INFO] Epoch 048 | Train Loss: 0.4235 | Train Acc: 0.9087 | Val Loss: 0.1491 | Val Acc: 0.9481
2026-08-27 14:05:28 [INFO] Epoch 049 | Train Loss: 0.4386 | Train Acc: 0.9095 | Val Loss: 0.1464 | Val Acc: 0.9481
2026-08-27 14:05:31 [INFO] Epoch 050 | Train Loss: 0.4588 | Train Acc: 0.9040 | Val Loss: 0.1424 | Val Acc: 0.9593
2026-08-27 14:05:31 [INFO] ✓ Saved best model: Val Acc=0.9593 at epoch 50
2026-08-27 14:05:34 [INFO] Epoch 051 | Train Loss: 0.4350 | Train Acc: 0.9111 | Val Loss: 0.1581 | Val Acc: 0.9407
2026-08-27 14:05:37 [INFO] Epoch 052 | Train Loss: 0.4907 | Train Acc: 0.8952 | Val Loss: 0.1832 | Val Acc: 0.9333
2026-08-27 14:05:39 [INFO] Epoch 053 | Train Loss: 0.4494 | Train Acc: 0.9063 | Val Loss: 0.2340 | Val Acc: 0.9074
2026-08-27 14:05:41 [INFO] Epoch 054 | Train Loss: 0.5563 | Train Acc: 0.8857 | Val Loss: 0.1503 | Val Acc: 0.9593
2026-08-27 14:05:44 [INFO] Epoch 055 | Train Loss: 0.6249 | Train Acc: 0.8714 | Val Loss: 0.1361 | Val Acc: 0.9444
2026-08-27 14:05:46 [INFO] Epoch 056 | Train Loss: 0.6373 | Train Acc: 0.8635 | Val Loss: 0.2886 | Val Acc: 0.8963
2026-08-27 14:05:49 [INFO] Epoch 057 | Train Loss: 0.5528 | Train Acc: 0.8754 | Val Loss: 0.2037 | Val Acc: 0.9296
2026-08-27 14:05:53 [INFO] Epoch 058 | Train Loss: 0.5469 | Train Acc: 0.8881 | Val Loss: 0.2247 | Val Acc: 0.9037
2026-08-27 14:05:55 [INFO] Epoch 059 | Train Loss: 0.5015 | Train Acc: 0.8929 | Val Loss: 0.1694 | Val Acc: 0.9296
2026-08-27 14:05:57 [INFO] Epoch 060 | Train Loss: 0.4103 | Train Acc: 0.9151 | Val Loss: 0.2071 | Val Acc: 0.9296
2026-08-27 14:05:59 [INFO] Epoch 061 | Train Loss: 0.4296 | Train Acc: 0.9071 | Val Loss: 0.1626 | Val Acc: 0.9370
2026-08-27 14:06:01 [INFO] Epoch 062 | Train Loss: 0.3692 | Train Acc: 0.9214 | Val Loss: 0.1788 | Val Acc: 0.9407
2026-08-27 14:06:05 [INFO] Epoch 063 | Train Loss: 0.3839 | Train Acc: 0.9294 | Val Loss: 0.1566 | Val Acc: 0.9519
2026-08-27 14:06:07 [INFO] Epoch 064 | Train Loss: 0.4030 | Train Acc: 0.9127 | Val Loss: 0.1954 | Val Acc: 0.9333
2026-08-27 14:06:10 [INFO] Epoch 065 | Train Loss: 0.3424 | Train Acc: 0.9302 | Val Loss: 0.1598 | Val Acc: 0.9556
2026-08-27 14:06:12 [INFO] Epoch 066 | Train Loss: 0.3347 | Train Acc: 0.9317 | Val Loss: 0.1476 | Val Acc: 0.9556
2026-08-27 14:06:14 [INFO] Epoch 067 | Train Loss: 0.3704 | Train Acc: 0.9230 | Val Loss: 0.1664 | Val Acc: 0.9370
2026-08-27 14:06:16 [INFO] Epoch 068 | Train Loss: 0.4063 | Train Acc: 0.9190 | Val Loss: 0.1601 | Val Acc: 0.9333
2026-08-27 14:06:21 [INFO] Epoch 069 | Train Loss: 0.4033 | Train Acc: 0.9143 | Val Loss: 0.2822 | Val Acc: 0.8963
2026-08-27 14:06:23 [INFO] Epoch 070 | Train Loss: 0.4883 | Train Acc: 0.8976 | Val Loss: 0.1553 | Val Acc: 0.9444
2026-08-27 14:06:25 [INFO] Epoch 071 | Train Loss: 0.5519 | Train Acc: 0.8913 | Val Loss: 0.2342 | Val Acc: 0.9148
2026-08-27 14:06:27 [INFO] Epoch 072 | Train Loss: 0.5157 | Train Acc: 0.8913 | Val Loss: 0.1547 | Val Acc: 0.9519
2026-08-27 14:06:29 [INFO] Epoch 073 | Train Loss: 0.4781 | Train Acc: 0.9071 | Val Loss: 0.2255 | Val Acc: 0.9185
2026-08-27 14:06:32 [INFO] Epoch 074 | Train Loss: 0.4550 | Train Acc: 0.9079 | Val Loss: 0.1711 | Val Acc: 0.9407
2026-08-27 14:06:37 [INFO] Epoch 075 | Train Loss: 0.4381 | Train Acc: 0.9151 | Val Loss: 0.1710 | Val Acc: 0.9481
2026-08-27 14:06:39 [INFO] Epoch 076 | Train Loss: 0.4009 | Train Acc: 0.9119 | Val Loss: 0.1211 | Val Acc: 0.9556
2026-08-27 14:06:41 [INFO] Epoch 077 | Train Loss: 0.3925 | Train Acc: 0.9143 | Val Loss: 0.1085 | Val Acc: 0.9630
2026-08-27 14:06:41 [INFO] ✓ Saved best model: Val Acc=0.9630 at epoch 77
2026-08-27 14:06:43 [INFO] Epoch 078 | Train Loss: 0.3548 | Train Acc: 0.9270 | Val Loss: 0.1148 | Val Acc: 0.9630
2026-08-27 14:06:45 [INFO] Epoch 079 | Train Loss: 0.2964 | Train Acc: 0.9405 | Val Loss: 0.1138 | Val Acc: 0.9667
2026-08-27 14:06:45 [INFO] ✓ Saved best model: Val Acc=0.9667 at epoch 79
2026-08-27 14:06:49 [INFO] Epoch 080 | Train Loss: 0.3417 | Train Acc: 0.9286 | Val Loss: 0.1186 | Val Acc: 0.9630
2026-08-27 14:06:52 [INFO] Epoch 081 | Train Loss: 0.2885 | Train Acc: 0.9421 | Val Loss: 0.1238 | Val Acc: 0.9667
2026-08-27 14:06:54 [INFO] Epoch 082 | Train Loss: 0.3101 | Train Acc: 0.9294 | Val Loss: 0.1185 | Val Acc: 0.9667
2026-08-27 14:06:56 [INFO] Epoch 083 | Train Loss: 0.3037 | Train Acc: 0.9397 | Val Loss: 0.1260 | Val Acc: 0.9593
2026-08-27 14:06:59 [INFO] Epoch 084 | Train Loss: 0.4136 | Train Acc: 0.9143 | Val Loss: 0.1589 | Val Acc: 0.9444
2026-08-27 14:07:01 [INFO] Epoch 085 | Train Loss: 0.3995 | Train Acc: 0.9222 | Val Loss: 0.1959 | Val Acc: 0.9259
2026-08-27 14:07:05 [INFO] Epoch 086 | Train Loss: 0.3972 | Train Acc: 0.9206 | Val Loss: 0.1566 | Val Acc: 0.9481
2026-08-27 14:07:08 [INFO] Epoch 087 | Train Loss: 0.4378 | Train Acc: 0.9119 | Val Loss: 0.1086 | Val Acc: 0.9667
2026-08-27 14:07:10 [INFO] Epoch 088 | Train Loss: 0.4246 | Train Acc: 0.9048 | Val Loss: 0.2160 | Val Acc: 0.9222
2026-08-27 14:07:12 [INFO] Epoch 089 | Train Loss: 0.4221 | Train Acc: 0.9127 | Val Loss: 0.1554 | Val Acc: 0.9444
2026-08-27 14:07:14 [INFO] Epoch 090 | Train Loss: 0.3982 | Train Acc: 0.9222 | Val Loss: 0.2075 | Val Acc: 0.9259
2026-08-27 14:07:16 [INFO] Epoch 091 | Train Loss: 0.3788 | Train Acc: 0.9230 | Val Loss: 0.1522 | Val Acc: 0.9444
2026-08-27 14:07:21 [INFO] Epoch 092 | Train Loss: 0.3383 | Train Acc: 0.9310 | Val Loss: 0.1979 | Val Acc: 0.9370
2026-08-27 14:07:23 [INFO] Epoch 093 | Train Loss: 0.3309 | Train Acc: 0.9341 | Val Loss: 0.1451 | Val Acc: 0.9593
2026-08-27 14:07:25 [INFO] Epoch 094 | Train Loss: 0.3464 | Train Acc: 0.9198 | Val Loss: 0.1403 | Val Acc: 0.9593
2026-08-27 14:07:27 [INFO] Epoch 095 | Train Loss: 0.2724 | Train Acc: 0.9429 | Val Loss: 0.1401 | Val Acc: 0.9519
2026-08-27 14:07:29 [INFO] Epoch 096 | Train Loss: 0.2701 | Train Acc: 0.9452 | Val Loss: 0.1597 | Val Acc: 0.9556
2026-08-27 14:07:31 [INFO] Epoch 097 | Train Loss: 0.2575 | Train Acc: 0.9508 | Val Loss: 0.1384 | Val Acc: 0.9556
2026-08-27 14:07:36 [INFO] Epoch 098 | Train Loss: 0.2931 | Train Acc: 0.9373 | Val Loss: 0.1028 | Val Acc: 0.9667
2026-08-27 14:07:38 [INFO] Epoch 099 | Train Loss: 0.2851 | Train Acc: 0.9405 | Val Loss: 0.1823 | Val Acc: 0.9407
2026-08-27 14:07:38 [INFO] Evaluating Best Model on TEST Set...
2026-08-27 14:07:38 [INFO] 
[RESUME] Đang nạp checkpoint từ: /home/biu-linux/DeepLearning_Projects/DoAnNganh/HybricMamba/Ressult/TFJ/LIGHT_HYBRIC_MAMBA/NEU-DET_surface-dec/LIGHT_HYBRIC_MAMBA_best.pth
2026-08-27 14:07:38 [INFO] 🎯 [TEST RESULT] Test Acc: 0.9519 | F1-Macro: 0.9518 | F1-Weighted: 0.9518
2026-08-27 14:09:26 [INFO] Dataset: NEU-DET_surface-dec | Số nhãn (classes): 6 | Tổng số ảnh: 1800
2026-08-27 14:09:26 [INFO] Dữ liệu đã chia -> Train (70%): 1260 | Val (15%): 270 | Test (15%): 270
2026-08-27 14:09:26 [INFO] 
🔍 Kiểm tra phân bố class trong batch:
2026-08-27 14:09:28 [INFO]   Batch 0: 6 classes (first 5: [0, 1, 2, 3, 4])
2026-08-27 14:09:28 [INFO]   Batch 1: 6 classes (first 5: [0, 1, 2, 3, 4])
2026-08-27 14:09:28 [INFO]   Batch 2: 4 classes (first 5: [1, 2, 3, 4])
2026-08-27 14:09:28 [INFO]   Batch 3: 5 classes (first 5: [0, 1, 3, 4, 5])
2026-08-27 14:09:28 [INFO]   Batch 4: 5 classes (first 5: [1, 2, 3, 4, 5])
2026-08-27 14:09:28 [WARNING] ⚠️ WARNING: Trung bình 5.2 classes/batch - Dữ liệu chưa được trộn đều!
2026-08-27 14:09:28 [INFO] ============================================================
2026-08-27 14:09:28 [INFO] Starting training: LIGHT_HYBRIC_MAMBA
2026-08-27 14:09:28 [INFO] Dataset: NEU-DET_surface-dec | Path: /home/biu-linux/DeepLearning_Projects/DoAnNganh/data/NEU-DET
2026-08-27 14:09:28 [INFO] Device: cuda
2026-08-27 14:09:28 [INFO] GPU: NVIDIA GeForce RTX 3050 Laptop GPU
2026-08-27 14:09:28 [INFO] ============================================================
2026-08-27 14:09:31 [INFO] Epoch 000 | Train Loss: 2.7536 | Train Acc: 0.3222 | Val Loss: 1.5040 | Val Acc: 0.4926
2026-08-27 14:09:31 [INFO] ✓ Saved best model: Val Acc=0.4926 at epoch 0
2026-08-27 14:09:33 [INFO] Epoch 001 | Train Loss: 2.4713 | Train Acc: 0.4302 | Val Loss: 1.1805 | Val Acc: 0.6407
2026-08-27 14:09:33 [INFO] ✓ Saved best model: Val Acc=0.6407 at epoch 1
2026-08-27 14:09:36 [INFO] Epoch 002 | Train Loss: 2.1943 | Train Acc: 0.4968 | Val Loss: 0.9972 | Val Acc: 0.6778
2026-08-27 14:09:36 [INFO] ✓ Saved best model: Val Acc=0.6778 at epoch 2
2026-08-27 14:09:38 [INFO] Epoch 003 | Train Loss: 1.9731 | Train Acc: 0.5484 | Val Loss: 0.7938 | Val Acc: 0.7259
2026-08-27 14:09:38 [INFO] ✓ Saved best model: Val Acc=0.7259 at epoch 3
2026-08-27 14:09:42 [INFO] Epoch 004 | Train Loss: 1.7264 | Train Acc: 0.6357 | Val Loss: 0.6717 | Val Acc: 0.7667
2026-08-27 14:09:42 [INFO] ✓ Saved best model: Val Acc=0.7667 at epoch 4
2026-08-27 14:09:45 [INFO] Epoch 005 | Train Loss: 1.6013 | Train Acc: 0.6397 | Val Loss: 0.5495 | Val Acc: 0.8111
2026-08-27 14:09:45 [INFO] ✓ Saved best model: Val Acc=0.8111 at epoch 5
2026-08-27 14:09:47 [INFO] Epoch 006 | Train Loss: 1.4636 | Train Acc: 0.6603 | Val Loss: 0.5534 | Val Acc: 0.8185
2026-08-27 14:09:47 [INFO] ✓ Saved best model: Val Acc=0.8185 at epoch 6
2026-08-27 14:09:49 [INFO] Epoch 007 | Train Loss: 1.4253 | Train Acc: 0.6865 | Val Loss: 0.5022 | Val Acc: 0.8296
2026-08-27 14:09:49 [INFO] ✓ Saved best model: Val Acc=0.8296 at epoch 7
2026-08-27 14:09:51 [INFO] Epoch 008 | Train Loss: 1.2445 | Train Acc: 0.7214 | Val Loss: 0.4188 | Val Acc: 0.8667
2026-08-27 14:09:51 [INFO] ✓ Saved best model: Val Acc=0.8667 at epoch 8
2026-08-27 14:09:54 [INFO] Epoch 009 | Train Loss: 1.1538 | Train Acc: 0.7254 | Val Loss: 0.4267 | Val Acc: 0.8556
2026-08-27 14:09:58 [INFO] Epoch 010 | Train Loss: 1.1315 | Train Acc: 0.7413 | Val Loss: 0.4055 | Val Acc: 0.8556
2026-08-27 14:10:00 [INFO] Epoch 011 | Train Loss: 1.1498 | Train Acc: 0.7310 | Val Loss: 0.3908 | Val Acc: 0.8741
2026-08-27 14:10:00 [INFO] ✓ Saved best model: Val Acc=0.8741 at epoch 11
2026-08-27 14:10:03 [INFO] Epoch 012 | Train Loss: 1.0491 | Train Acc: 0.7667 | Val Loss: 0.3999 | Val Acc: 0.8667
2026-08-27 14:10:05 [INFO] Epoch 013 | Train Loss: 1.0823 | Train Acc: 0.7524 | Val Loss: 0.3915 | Val Acc: 0.8704
2026-08-27 14:10:07 [INFO] Epoch 014 | Train Loss: 1.0199 | Train Acc: 0.7667 | Val Loss: 0.3839 | Val Acc: 0.8519
2026-08-27 14:10:12 [INFO] Epoch 015 | Train Loss: 1.0995 | Train Acc: 0.7603 | Val Loss: 0.3685 | Val Acc: 0.8630
2026-08-27 14:10:14 [INFO] Epoch 016 | Train Loss: 0.9845 | Train Acc: 0.7722 | Val Loss: 0.3545 | Val Acc: 0.8593
2026-08-27 14:10:16 [INFO] Epoch 017 | Train Loss: 1.0527 | Train Acc: 0.7698 | Val Loss: 0.3698 | Val Acc: 0.8741
2026-08-27 14:10:18 [INFO] Epoch 018 | Train Loss: 1.0971 | Train Acc: 0.7413 | Val Loss: 0.4064 | Val Acc: 0.8296
2026-08-27 14:10:20 [INFO] Epoch 019 | Train Loss: 0.9962 | Train Acc: 0.7667 | Val Loss: 0.3103 | Val Acc: 0.9148
2026-08-27 14:10:20 [INFO] ✓ Saved best model: Val Acc=0.9148 at epoch 19
2026-08-27 14:10:23 [INFO] Epoch 020 | Train Loss: 1.0196 | Train Acc: 0.7595 | Val Loss: 0.3414 | Val Acc: 0.8741
2026-08-27 14:10:27 [INFO] Epoch 021 | Train Loss: 0.9281 | Train Acc: 0.7738 | Val Loss: 0.3381 | Val Acc: 0.8741
2026-08-27 14:10:29 [INFO] Epoch 022 | Train Loss: 0.8468 | Train Acc: 0.8000 | Val Loss: 0.2716 | Val Acc: 0.9074
2026-08-27 14:10:32 [INFO] Epoch 023 | Train Loss: 0.8163 | Train Acc: 0.8063 | Val Loss: 0.2770 | Val Acc: 0.9000
2026-08-27 14:10:34 [INFO] Epoch 024 | Train Loss: 0.7760 | Train Acc: 0.8278 | Val Loss: 0.2782 | Val Acc: 0.9111
2026-08-27 14:10:36 [INFO] Epoch 025 | Train Loss: 0.7717 | Train Acc: 0.8421 | Val Loss: 0.2627 | Val Acc: 0.9111
2026-08-27 14:10:39 [INFO] Epoch 026 | Train Loss: 0.8317 | Train Acc: 0.8095 | Val Loss: 0.2637 | Val Acc: 0.9222
2026-08-27 14:10:39 [INFO] ✓ Saved best model: Val Acc=0.9222 at epoch 26
2026-08-27 14:10:43 [INFO] Epoch 027 | Train Loss: 0.7908 | Train Acc: 0.8151 | Val Loss: 0.2560 | Val Acc: 0.9185
2026-08-27 14:10:45 [INFO] Epoch 028 | Train Loss: 0.8562 | Train Acc: 0.8127 | Val Loss: 0.3003 | Val Acc: 0.8963
2026-08-27 14:10:47 [INFO] Epoch 029 | Train Loss: 0.8390 | Train Acc: 0.8127 | Val Loss: 0.3441 | Val Acc: 0.8593
2026-08-27 14:10:49 [INFO] Epoch 030 | Train Loss: 0.8640 | Train Acc: 0.8079 | Val Loss: 0.3302 | Val Acc: 0.8556
2026-08-27 14:10:52 [INFO] Epoch 031 | Train Loss: 0.8053 | Train Acc: 0.8230 | Val Loss: 0.2743 | Val Acc: 0.9000
2026-08-27 14:10:56 [INFO] Epoch 032 | Train Loss: 0.8256 | Train Acc: 0.8119 | Val Loss: 0.2593 | Val Acc: 0.8926
2026-08-27 14:10:58 [INFO] Epoch 033 | Train Loss: 0.7221 | Train Acc: 0.8357 | Val Loss: 0.2663 | Val Acc: 0.8963
2026-08-27 14:11:01 [INFO] Epoch 034 | Train Loss: 0.6838 | Train Acc: 0.8484 | Val Loss: 0.2177 | Val Acc: 0.9074
2026-08-27 14:11:03 [INFO] Epoch 035 | Train Loss: 0.6366 | Train Acc: 0.8635 | Val Loss: 0.1881 | Val Acc: 0.9407
2026-08-27 14:11:03 [INFO] ✓ Saved best model: Val Acc=0.9407 at epoch 35
2026-08-27 14:11:05 [INFO] Epoch 036 | Train Loss: 0.6691 | Train Acc: 0.8468 | Val Loss: 0.1889 | Val Acc: 0.9407
2026-08-27 14:11:07 [INFO] Epoch 037 | Train Loss: 0.6332 | Train Acc: 0.8556 | Val Loss: 0.1947 | Val Acc: 0.9296
2026-08-27 14:11:12 [INFO] Epoch 038 | Train Loss: 0.6491 | Train Acc: 0.8603 | Val Loss: 0.1979 | Val Acc: 0.9444
2026-08-27 14:11:12 [INFO] ✓ Saved best model: Val Acc=0.9444 at epoch 38
2026-08-27 14:11:14 [INFO] Epoch 039 | Train Loss: 0.6297 | Train Acc: 0.8659 | Val Loss: 0.1677 | Val Acc: 0.9444
2026-08-27 14:11:16 [INFO] Epoch 040 | Train Loss: 0.7102 | Train Acc: 0.8476 | Val Loss: 0.2502 | Val Acc: 0.9185
2026-08-27 14:11:18 [INFO] Epoch 041 | Train Loss: 0.7890 | Train Acc: 0.8389 | Val Loss: 0.2005 | Val Acc: 0.9370
2026-08-27 14:11:20 [INFO] Epoch 042 | Train Loss: 0.7813 | Train Acc: 0.8333 | Val Loss: 0.2086 | Val Acc: 0.9333
2026-08-27 14:11:23 [INFO] Epoch 043 | Train Loss: 0.7756 | Train Acc: 0.8246 | Val Loss: 0.2592 | Val Acc: 0.8926
2026-08-27 14:11:27 [INFO] Epoch 044 | Train Loss: 0.7474 | Train Acc: 0.8405 | Val Loss: 0.2625 | Val Acc: 0.8963
2026-08-27 14:11:29 [INFO] Epoch 045 | Train Loss: 0.6532 | Train Acc: 0.8587 | Val Loss: 0.1799 | Val Acc: 0.9259
2026-08-27 14:11:31 [INFO] Epoch 046 | Train Loss: 0.6234 | Train Acc: 0.8667 | Val Loss: 0.1869 | Val Acc: 0.9296
2026-08-27 14:11:34 [INFO] Epoch 047 | Train Loss: 0.6157 | Train Acc: 0.8714 | Val Loss: 0.1735 | Val Acc: 0.9296
2026-08-27 14:11:36 [INFO] Epoch 048 | Train Loss: 0.5826 | Train Acc: 0.8786 | Val Loss: 0.1813 | Val Acc: 0.9222
2026-08-27 14:11:39 [INFO] Epoch 049 | Train Loss: 0.5399 | Train Acc: 0.8754 | Val Loss: 0.1889 | Val Acc: 0.9185
2026-08-27 14:11:42 [INFO] Epoch 050 | Train Loss: 0.5321 | Train Acc: 0.8952 | Val Loss: 0.1917 | Val Acc: 0.9222
2026-08-27 14:11:44 [INFO] Epoch 051 | Train Loss: 0.5745 | Train Acc: 0.8754 | Val Loss: 0.1664 | Val Acc: 0.9370
2026-08-27 14:11:47 [INFO] Epoch 052 | Train Loss: 0.6352 | Train Acc: 0.8571 | Val Loss: 0.2387 | Val Acc: 0.9037
2026-08-27 14:11:49 [INFO] Epoch 053 | Train Loss: 0.6083 | Train Acc: 0.8762 | Val Loss: 0.2192 | Val Acc: 0.9185
2026-08-27 14:11:51 [INFO] Epoch 054 | Train Loss: 0.6717 | Train Acc: 0.8460 | Val Loss: 0.2018 | Val Acc: 0.9148
2026-08-27 14:11:54 [INFO] Epoch 055 | Train Loss: 0.6484 | Train Acc: 0.8635 | Val Loss: 0.1837 | Val Acc: 0.9333
2026-08-27 14:11:58 [INFO] Epoch 056 | Train Loss: 0.6327 | Train Acc: 0.8595 | Val Loss: 0.2180 | Val Acc: 0.9074
2026-08-27 14:12:00 [INFO] Epoch 057 | Train Loss: 0.5706 | Train Acc: 0.8722 | Val Loss: 0.1430 | Val Acc: 0.9481
2026-08-27 14:12:00 [INFO] ✓ Saved best model: Val Acc=0.9481 at epoch 57
2026-08-27 14:12:02 [INFO] Epoch 058 | Train Loss: 0.5190 | Train Acc: 0.8833 | Val Loss: 0.2003 | Val Acc: 0.9259
2026-08-27 14:12:04 [INFO] Epoch 059 | Train Loss: 0.5042 | Train Acc: 0.8952 | Val Loss: 0.1551 | Val Acc: 0.9333
2026-08-27 14:12:07 [INFO] Epoch 060 | Train Loss: 0.4766 | Train Acc: 0.9056 | Val Loss: 0.1587 | Val Acc: 0.9333
2026-08-27 14:12:10 [INFO] Epoch 061 | Train Loss: 0.4882 | Train Acc: 0.8976 | Val Loss: 0.1606 | Val Acc: 0.9333
2026-08-27 14:12:12 [INFO] Epoch 062 | Train Loss: 0.5220 | Train Acc: 0.8905 | Val Loss: 0.1838 | Val Acc: 0.9259
2026-08-27 14:12:15 [INFO] Epoch 063 | Train Loss: 0.5383 | Train Acc: 0.8802 | Val Loss: 0.1342 | Val Acc: 0.9556
2026-08-27 14:12:15 [INFO] ✓ Saved best model: Val Acc=0.9556 at epoch 63
2026-08-27 14:12:17 [INFO] Epoch 064 | Train Loss: 0.5411 | Train Acc: 0.8960 | Val Loss: 0.2405 | Val Acc: 0.9148
2026-08-27 14:12:19 [INFO] Epoch 065 | Train Loss: 0.5905 | Train Acc: 0.8770 | Val Loss: 0.1968 | Val Acc: 0.9333
2026-08-27 14:12:21 [INFO] Epoch 066 | Train Loss: 0.5581 | Train Acc: 0.8746 | Val Loss: 0.2865 | Val Acc: 0.8852
2026-08-27 14:12:23 [INFO] Epoch 067 | Train Loss: 0.6193 | Train Acc: 0.8635 | Val Loss: 0.2000 | Val Acc: 0.9296
2026-08-27 14:12:27 [INFO] Epoch 068 | Train Loss: 0.5636 | Train Acc: 0.8810 | Val Loss: 0.1793 | Val Acc: 0.9333
2026-08-27 14:12:29 [INFO] Epoch 069 | Train Loss: 0.4951 | Train Acc: 0.9000 | Val Loss: 0.1601 | Val Acc: 0.9296
2026-08-27 14:12:31 [INFO] Epoch 070 | Train Loss: 0.5075 | Train Acc: 0.8921 | Val Loss: 0.1502 | Val Acc: 0.9481
2026-08-27 14:12:33 [INFO] Epoch 071 | Train Loss: 0.4286 | Train Acc: 0.9183 | Val Loss: 0.1507 | Val Acc: 0.9444
2026-08-27 14:12:35 [INFO] Epoch 072 | Train Loss: 0.4325 | Train Acc: 0.9151 | Val Loss: 0.1495 | Val Acc: 0.9481
2026-08-27 14:12:37 [INFO] Epoch 073 | Train Loss: 0.4323 | Train Acc: 0.9095 | Val Loss: 0.1627 | Val Acc: 0.9444
2026-08-27 14:12:41 [INFO] Epoch 074 | Train Loss: 0.5051 | Train Acc: 0.9008 | Val Loss: 0.1719 | Val Acc: 0.9481
2026-08-27 14:12:43 [INFO] Epoch 075 | Train Loss: 0.4862 | Train Acc: 0.9048 | Val Loss: 0.1617 | Val Acc: 0.9481
2026-08-27 14:12:46 [INFO] Epoch 076 | Train Loss: 0.5870 | Train Acc: 0.8778 | Val Loss: 0.2039 | Val Acc: 0.9333
2026-08-27 14:12:48 [INFO] Epoch 077 | Train Loss: 0.5945 | Train Acc: 0.8706 | Val Loss: 0.1359 | Val Acc: 0.9481
2026-08-27 14:12:50 [INFO] Epoch 078 | Train Loss: 0.5755 | Train Acc: 0.8722 | Val Loss: 0.1781 | Val Acc: 0.9333
2026-08-27 14:12:52 [INFO] Epoch 079 | Train Loss: 0.6133 | Train Acc: 0.8587 | Val Loss: 0.1633 | Val Acc: 0.9333
2026-08-27 14:12:56 [INFO] Epoch 080 | Train Loss: 0.5291 | Train Acc: 0.8825 | Val Loss: 0.1655 | Val Acc: 0.9481
2026-08-27 14:12:58 [INFO] Epoch 081 | Train Loss: 0.4317 | Train Acc: 0.9111 | Val Loss: 0.2101 | Val Acc: 0.9370
2026-08-27 14:13:00 [INFO] Epoch 082 | Train Loss: 0.4587 | Train Acc: 0.9024 | Val Loss: 0.2016 | Val Acc: 0.9222
2026-08-27 14:13:02 [INFO] Epoch 083 | Train Loss: 0.4349 | Train Acc: 0.9079 | Val Loss: 0.1558 | Val Acc: 0.9333
2026-08-27 14:13:04 [INFO] Epoch 084 | Train Loss: 0.4060 | Train Acc: 0.9103 | Val Loss: 0.1461 | Val Acc: 0.9407
2026-08-27 14:13:06 [INFO] Epoch 085 | Train Loss: 0.3924 | Train Acc: 0.9095 | Val Loss: 0.1412 | Val Acc: 0.9370
2026-08-27 14:13:10 [INFO] Epoch 086 | Train Loss: 0.4156 | Train Acc: 0.9143 | Val Loss: 0.1340 | Val Acc: 0.9556
2026-08-27 14:13:12 [INFO] Epoch 087 | Train Loss: 0.4668 | Train Acc: 0.9008 | Val Loss: 0.1431 | Val Acc: 0.9519
2026-08-27 14:13:14 [INFO] Epoch 088 | Train Loss: 0.5071 | Train Acc: 0.8937 | Val Loss: 0.1524 | Val Acc: 0.9444
2026-08-27 14:13:16 [INFO] Epoch 089 | Train Loss: 0.4948 | Train Acc: 0.8944 | Val Loss: 0.1349 | Val Acc: 0.9593
2026-08-27 14:13:16 [INFO] ✓ Saved best model: Val Acc=0.9593 at epoch 89
2026-08-27 14:13:19 [INFO] Epoch 090 | Train Loss: 0.5399 | Train Acc: 0.8913 | Val Loss: 0.1582 | Val Acc: 0.9519
2026-08-27 14:13:21 [INFO] Epoch 091 | Train Loss: 0.4970 | Train Acc: 0.9063 | Val Loss: 0.1482 | Val Acc: 0.9593
2026-08-27 14:13:23 [INFO] Epoch 092 | Train Loss: 0.5139 | Train Acc: 0.8897 | Val Loss: 0.1324 | Val Acc: 0.9593
2026-08-27 14:13:27 [INFO] Epoch 093 | Train Loss: 0.4682 | Train Acc: 0.8992 | Val Loss: 0.1407 | Val Acc: 0.9370
2026-08-27 14:13:29 [INFO] Epoch 094 | Train Loss: 0.4569 | Train Acc: 0.9024 | Val Loss: 0.1490 | Val Acc: 0.9481
2026-08-27 14:13:31 [INFO] Epoch 095 | Train Loss: 0.3890 | Train Acc: 0.9222 | Val Loss: 0.1403 | Val Acc: 0.9556
2026-08-27 14:13:33 [INFO] Epoch 096 | Train Loss: 0.3622 | Train Acc: 0.9278 | Val Loss: 0.1486 | Val Acc: 0.9556
2026-08-27 14:13:35 [INFO] Epoch 097 | Train Loss: 0.3644 | Train Acc: 0.9246 | Val Loss: 0.1287 | Val Acc: 0.9593
2026-08-27 14:13:37 [INFO] Epoch 098 | Train Loss: 0.3739 | Train Acc: 0.9262 | Val Loss: 0.1481 | Val Acc: 0.9444
2026-08-27 14:13:42 [INFO] Epoch 099 | Train Loss: 0.3876 | Train Acc: 0.9175 | Val Loss: 0.1242 | Val Acc: 0.9593
2026-08-27 14:13:42 [INFO] Evaluating Best Model on TEST Set...
2026-08-27 14:13:42 [INFO] 
[RESUME] Đang nạp checkpoint từ: /home/biu-linux/DeepLearning_Projects/DoAnNganh/HybricMamba/Ressult/TFJ/LIGHT_HYBRIC_MAMBA/NEU-DET_surface-dec/LIGHT_HYBRIC_MAMBA_best.pth
2026-08-27 14:13:42 [INFO] 🎯 [TEST RESULT] Test Acc: 0.9556 | F1-Macro: 0.9557 | F1-Weighted: 0.9557
2026-09-05 22:58:28 [INFO] Dataset: NEU-DET_surface-dec | Số nhãn (classes): 6 | Tổng số ảnh: 1800
2026-09-05 22:58:28 [INFO] Dữ liệu đã chia -> Train (70%): 1260 | Val (15%): 270 | Test (15%): 270
2026-09-05 22:58:28 [INFO] 
🔍 Kiểm tra phân bố class trong batch:
2026-09-05 22:58:30 [INFO]   Batch 0: 6 classes (first 5: [0, 1, 2, 3, 4])
2026-09-05 22:58:30 [INFO]   Batch 1: 4 classes (first 5: [1, 2, 4, 5])
2026-09-05 22:58:30 [INFO]   Batch 2: 5 classes (first 5: [0, 1, 2, 3, 5])
2026-09-05 22:58:30 [INFO]   Batch 3: 6 classes (first 5: [0, 1, 2, 3, 4])
2026-09-05 22:58:30 [INFO]   Batch 4: 4 classes (first 5: [0, 2, 3, 5])
2026-09-05 22:58:30 [WARNING] ⚠️ WARNING: Trung bình 5.0 classes/batch - Dữ liệu chưa được trộn đều!
2026-09-05 22:58:30 [INFO] ============================================================
2026-09-05 22:58:30 [INFO] Starting training: LIGHT_HYBRIC_MAMBA
2026-09-05 22:58:30 [INFO] Dataset: NEU-DET_surface-dec | Path: /home/biu-linux/DeepLearning_Projects/DoAnNganh/data/NEU-DET
2026-09-05 22:58:30 [INFO] Device: cuda
2026-09-05 22:58:30 [INFO] GPU: NVIDIA GeForce RTX 3050 Laptop GPU
2026-09-05 22:58:30 [INFO] ============================================================
2026-09-05 22:58:35 [INFO] Epoch 000 | Train Loss: 2.7285 | Train Acc: 0.3175 | Val Loss: 1.4327 | Val Acc: 0.5407
2026-09-05 22:58:35 [INFO] ✓ Saved best model: Val Acc=0.5407 at epoch 0
2026-09-05 22:58:39 [INFO] Epoch 001 | Train Loss: 2.3436 | Train Acc: 0.4484 | Val Loss: 1.0977 | Val Acc: 0.6407
2026-09-05 22:58:39 [INFO] ✓ Saved best model: Val Acc=0.6407 at epoch 1
2026-09-05 22:58:44 [INFO] Epoch 002 | Train Loss: 2.1050 | Train Acc: 0.5048 | Val Loss: 0.9144 | Val Acc: 0.7074
2026-09-05 22:58:44 [INFO] ✓ Saved best model: Val Acc=0.7074 at epoch 2
2026-09-05 22:58:47 [INFO] Epoch 003 | Train Loss: 1.9029 | Train Acc: 0.5595 | Val Loss: 0.8078 | Val Acc: 0.7593
2026-09-05 22:58:47 [INFO] ✓ Saved best model: Val Acc=0.7593 at epoch 3
2026-09-05 22:58:50 [INFO] Epoch 004 | Train Loss: 1.6430 | Train Acc: 0.6365 | Val Loss: 0.5743 | Val Acc: 0.7963
2026-09-05 22:58:50 [INFO] ✓ Saved best model: Val Acc=0.7963 at epoch 4
2026-09-05 22:58:52 [INFO] Epoch 005 | Train Loss: 1.4777 | Train Acc: 0.6754 | Val Loss: 0.5234 | Val Acc: 0.8370
2026-09-05 22:58:53 [INFO] ✓ Saved best model: Val Acc=0.8370 at epoch 5
2026-09-05 22:58:58 [INFO] Epoch 006 | Train Loss: 1.2581 | Train Acc: 0.7111 | Val Loss: 0.4854 | Val Acc: 0.8481
2026-09-05 22:58:58 [INFO] ✓ Saved best model: Val Acc=0.8481 at epoch 6
2026-09-05 22:59:00 [INFO] Epoch 007 | Train Loss: 1.1879 | Train Acc: 0.7230 | Val Loss: 0.4375 | Val Acc: 0.8741
2026-09-05 22:59:00 [INFO] ✓ Saved best model: Val Acc=0.8741 at epoch 7
2026-09-05 22:59:03 [INFO] Epoch 008 | Train Loss: 1.1482 | Train Acc: 0.7286 | Val Loss: 0.3619 | Val Acc: 0.8852
2026-09-05 22:59:03 [INFO] ✓ Saved best model: Val Acc=0.8852 at epoch 8
2026-09-05 22:59:06 [INFO] Epoch 009 | Train Loss: 1.0384 | Train Acc: 0.7484 | Val Loss: 0.3241 | Val Acc: 0.9037
2026-09-05 22:59:06 [INFO] ✓ Saved best model: Val Acc=0.9037 at epoch 9
2026-09-05 22:59:10 [INFO] Epoch 010 | Train Loss: 0.9690 | Train Acc: 0.7960 | Val Loss: 0.2979 | Val Acc: 0.9148
2026-09-05 22:59:10 [INFO] ✓ Saved best model: Val Acc=0.9148 at epoch 10
2026-09-05 22:59:13 [INFO] Epoch 011 | Train Loss: 1.0060 | Train Acc: 0.7810 | Val Loss: 0.3154 | Val Acc: 0.9074
2026-09-05 22:59:16 [INFO] Epoch 012 | Train Loss: 0.9270 | Train Acc: 0.8032 | Val Loss: 0.2661 | Val Acc: 0.9185
2026-09-05 22:59:16 [INFO] ✓ Saved best model: Val Acc=0.9185 at epoch 12
2026-09-05 22:59:19 [INFO] Epoch 013 | Train Loss: 0.8723 | Train Acc: 0.8103 | Val Loss: 0.2994 | Val Acc: 0.9074
2026-09-05 22:59:21 [INFO] Epoch 014 | Train Loss: 0.8354 | Train Acc: 0.8190 | Val Loss: 0.2487 | Val Acc: 0.9222
2026-09-05 22:59:21 [INFO] ✓ Saved best model: Val Acc=0.9222 at epoch 14
2026-09-05 22:59:26 [INFO] Epoch 015 | Train Loss: 0.8509 | Train Acc: 0.8159 | Val Loss: 0.2424 | Val Acc: 0.9148
2026-09-05 22:59:29 [INFO] Epoch 016 | Train Loss: 0.7350 | Train Acc: 0.8365 | Val Loss: 0.3007 | Val Acc: 0.9000
2026-09-05 22:59:32 [INFO] Epoch 017 | Train Loss: 0.8246 | Train Acc: 0.8254 | Val Loss: 0.2510 | Val Acc: 0.9000
2026-09-05 22:59:34 [INFO] Epoch 018 | Train Loss: 0.6844 | Train Acc: 0.8643 | Val Loss: 0.2396 | Val Acc: 0.9037
2026-09-05 22:59:37 [INFO] Epoch 019 | Train Loss: 0.7428 | Train Acc: 0.8437 | Val Loss: 0.2539 | Val Acc: 0.9148
2026-09-05 22:59:42 [INFO] Epoch 020 | Train Loss: 0.7529 | Train Acc: 0.8405 | Val Loss: 0.2521 | Val Acc: 0.9000
2026-09-05 22:59:45 [INFO] Epoch 021 | Train Loss: 0.6601 | Train Acc: 0.8556 | Val Loss: 0.2046 | Val Acc: 0.9370
2026-09-05 22:59:45 [INFO] ✓ Saved best model: Val Acc=0.9370 at epoch 21
2026-09-05 22:59:48 [INFO] Epoch 022 | Train Loss: 0.6498 | Train Acc: 0.8532 | Val Loss: 0.2197 | Val Acc: 0.9296
2026-09-05 22:59:51 [INFO] Epoch 023 | Train Loss: 0.6777 | Train Acc: 0.8563 | Val Loss: 0.2484 | Val Acc: 0.9111
2026-09-05 22:59:55 [INFO] Epoch 024 | Train Loss: 0.6253 | Train Acc: 0.8579 | Val Loss: 0.1977 | Val Acc: 0.9259
2026-09-05 22:59:59 [INFO] Epoch 025 | Train Loss: 0.6318 | Train Acc: 0.8603 | Val Loss: 0.2566 | Val Acc: 0.9074
2026-09-05 23:00:01 [INFO] Epoch 026 | Train Loss: 0.5955 | Train Acc: 0.8730 | Val Loss: 0.2185 | Val Acc: 0.9296
2026-09-05 23:00:04 [INFO] Epoch 027 | Train Loss: 0.5964 | Train Acc: 0.8770 | Val Loss: 0.2220 | Val Acc: 0.9111
2026-09-05 23:00:07 [INFO] Epoch 028 | Train Loss: 0.6201 | Train Acc: 0.8690 | Val Loss: 0.2298 | Val Acc: 0.9222
2026-09-05 23:00:12 [INFO] Epoch 029 | Train Loss: 0.5795 | Train Acc: 0.8778 | Val Loss: 0.3537 | Val Acc: 0.8593
2026-09-05 23:00:15 [INFO] Epoch 030 | Train Loss: 0.5933 | Train Acc: 0.8722 | Val Loss: 0.2378 | Val Acc: 0.9296
2026-09-05 23:00:17 [INFO] Epoch 031 | Train Loss: 0.5118 | Train Acc: 0.8937 | Val Loss: 0.1989 | Val Acc: 0.9222
2026-09-05 23:00:20 [INFO] Epoch 032 | Train Loss: 0.5746 | Train Acc: 0.8762 | Val Loss: 0.1853 | Val Acc: 0.9444
2026-09-05 23:00:20 [INFO] ✓ Saved best model: Val Acc=0.9444 at epoch 32
2026-09-05 23:00:23 [INFO] Epoch 033 | Train Loss: 0.5446 | Train Acc: 0.8921 | Val Loss: 0.1977 | Val Acc: 0.9333
2026-09-05 23:00:28 [INFO] Epoch 034 | Train Loss: 0.5104 | Train Acc: 0.8929 | Val Loss: 0.1698 | Val Acc: 0.9519
2026-09-05 23:00:28 [INFO] ✓ Saved best model: Val Acc=0.9519 at epoch 34
2026-09-05 23:00:30 [INFO] Epoch 035 | Train Loss: 0.5364 | Train Acc: 0.8976 | Val Loss: 0.1909 | Val Acc: 0.9259
2026-09-05 23:00:33 [INFO] Epoch 036 | Train Loss: 0.5484 | Train Acc: 0.8992 | Val Loss: 0.1904 | Val Acc: 0.9259
2026-09-05 23:00:36 [INFO] Epoch 037 | Train Loss: 0.4842 | Train Acc: 0.8921 | Val Loss: 0.2013 | Val Acc: 0.9259
2026-09-05 23:00:41 [INFO] Epoch 038 | Train Loss: 0.4780 | Train Acc: 0.9016 | Val Loss: 0.2245 | Val Acc: 0.9222
2026-09-05 23:00:45 [INFO] Epoch 039 | Train Loss: 0.4245 | Train Acc: 0.9048 | Val Loss: 0.1798 | Val Acc: 0.9407
2026-09-05 23:00:47 [INFO] Epoch 040 | Train Loss: 0.5061 | Train Acc: 0.8897 | Val Loss: 0.1806 | Val Acc: 0.9407
2026-09-05 23:00:51 [INFO] Epoch 041 | Train Loss: 0.4695 | Train Acc: 0.8968 | Val Loss: 0.1661 | Val Acc: 0.9407
2026-09-05 23:00:57 [INFO] Epoch 042 | Train Loss: 0.4390 | Train Acc: 0.9095 | Val Loss: 0.3426 | Val Acc: 0.8556
2026-09-05 23:00:59 [INFO] Epoch 043 | Train Loss: 0.4299 | Train Acc: 0.9159 | Val Loss: 0.1695 | Val Acc: 0.9444
2026-09-05 23:01:02 [INFO] Epoch 044 | Train Loss: 0.4604 | Train Acc: 0.9127 | Val Loss: 0.1709 | Val Acc: 0.9556
2026-09-05 23:01:02 [INFO] ✓ Saved best model: Val Acc=0.9556 at epoch 44
2026-09-05 23:01:04 [INFO] Epoch 045 | Train Loss: 0.4498 | Train Acc: 0.9000 | Val Loss: 0.2058 | Val Acc: 0.9296
2026-09-05 23:01:07 [INFO] Epoch 046 | Train Loss: 0.4964 | Train Acc: 0.8992 | Val Loss: 0.1658 | Val Acc: 0.9407
2026-09-05 23:01:13 [INFO] Epoch 047 | Train Loss: 0.4144 | Train Acc: 0.9183 | Val Loss: 0.2321 | Val Acc: 0.9185
2026-09-05 23:01:16 [INFO] Epoch 048 | Train Loss: 0.4476 | Train Acc: 0.9111 | Val Loss: 0.1735 | Val Acc: 0.9407
2026-09-05 23:01:18 [INFO] Epoch 049 | Train Loss: 0.4225 | Train Acc: 0.9143 | Val Loss: 0.2364 | Val Acc: 0.9000
2026-09-05 23:01:21 [INFO] Epoch 050 | Train Loss: 0.3815 | Train Acc: 0.9286 | Val Loss: 0.2359 | Val Acc: 0.9333
2026-09-05 23:01:28 [INFO] Epoch 051 | Train Loss: 0.4264 | Train Acc: 0.9135 | Val Loss: 0.2127 | Val Acc: 0.9259
2026-09-05 23:01:31 [INFO] Epoch 052 | Train Loss: 0.4078 | Train Acc: 0.9103 | Val Loss: 0.1737 | Val Acc: 0.9407
2026-09-05 23:01:34 [INFO] Epoch 053 | Train Loss: 0.4214 | Train Acc: 0.9071 | Val Loss: 0.1922 | Val Acc: 0.9333
2026-09-05 23:01:36 [INFO] Epoch 054 | Train Loss: 0.3879 | Train Acc: 0.9294 | Val Loss: 0.1745 | Val Acc: 0.9556
2026-09-05 23:01:43 [INFO] Epoch 055 | Train Loss: 0.3918 | Train Acc: 0.9151 | Val Loss: 0.1912 | Val Acc: 0.9519
2026-09-05 23:01:45 [INFO] Epoch 056 | Train Loss: 0.3272 | Train Acc: 0.9333 | Val Loss: 0.1843 | Val Acc: 0.9519
2026-09-05 23:01:48 [INFO] Epoch 057 | Train Loss: 0.3201 | Train Acc: 0.9389 | Val Loss: 0.1607 | Val Acc: 0.9556
2026-09-05 23:01:51 [INFO] Epoch 058 | Train Loss: 0.3530 | Train Acc: 0.9294 | Val Loss: 0.1543 | Val Acc: 0.9556
2026-09-05 23:01:57 [INFO] Epoch 059 | Train Loss: 0.3722 | Train Acc: 0.9270 | Val Loss: 0.1473 | Val Acc: 0.9556
2026-09-05 23:01:59 [INFO] Epoch 060 | Train Loss: 0.3904 | Train Acc: 0.9254 | Val Loss: 0.1581 | Val Acc: 0.9519
2026-09-05 23:02:02 [INFO] Epoch 061 | Train Loss: 0.3777 | Train Acc: 0.9167 | Val Loss: 0.1832 | Val Acc: 0.9370
2026-09-05 23:02:05 [INFO] Epoch 062 | Train Loss: 0.3743 | Train Acc: 0.9278 | Val Loss: 0.1785 | Val Acc: 0.9519
2026-09-05 23:02:09 [INFO] Epoch 063 | Train Loss: 0.3818 | Train Acc: 0.9214 | Val Loss: 0.2237 | Val Acc: 0.9481
2026-09-05 23:02:13 [INFO] Epoch 064 | Train Loss: 0.3381 | Train Acc: 0.9310 | Val Loss: 0.1434 | Val Acc: 0.9593
2026-09-05 23:02:13 [INFO] ✓ Saved best model: Val Acc=0.9593 at epoch 64
2026-09-05 23:02:16 [INFO] Epoch 065 | Train Loss: 0.3189 | Train Acc: 0.9286 | Val Loss: 0.1673 | Val Acc: 0.9444
2026-09-05 23:02:19 [INFO] Epoch 066 | Train Loss: 0.3152 | Train Acc: 0.9254 | Val Loss: 0.2006 | Val Acc: 0.9296
2026-09-05 23:02:21 [INFO] Epoch 067 | Train Loss: 0.2940 | Train Acc: 0.9397 | Val Loss: 0.1762 | Val Acc: 0.9296
2026-09-05 23:02:26 [INFO] Epoch 068 | Train Loss: 0.3131 | Train Acc: 0.9365 | Val Loss: 0.1750 | Val Acc: 0.9444
2026-09-05 23:02:29 [INFO] Epoch 069 | Train Loss: 0.2847 | Train Acc: 0.9413 | Val Loss: 0.1732 | Val Acc: 0.9519
2026-09-05 23:02:32 [INFO] Epoch 070 | Train Loss: 0.3263 | Train Acc: 0.9373 | Val Loss: 0.1401 | Val Acc: 0.9630
2026-09-05 23:02:32 [INFO] ✓ Saved best model: Val Acc=0.9630 at epoch 70
2026-09-05 23:02:35 [INFO] Epoch 071 | Train Loss: 0.2741 | Train Acc: 0.9484 | Val Loss: 0.1643 | Val Acc: 0.9556
2026-09-05 23:02:39 [INFO] Epoch 072 | Train Loss: 0.3370 | Train Acc: 0.9302 | Val Loss: 0.1537 | Val Acc: 0.9593
2026-09-05 23:02:43 [INFO] Epoch 073 | Train Loss: 0.3040 | Train Acc: 0.9381 | Val Loss: 0.1630 | Val Acc: 0.9556
2026-09-05 23:02:46 [INFO] Epoch 074 | Train Loss: 0.2847 | Train Acc: 0.9437 | Val Loss: 0.1565 | Val Acc: 0.9593
2026-09-05 23:02:48 [INFO] Epoch 075 | Train Loss: 0.3130 | Train Acc: 0.9365 | Val Loss: 0.1506 | Val Acc: 0.9630
2026-09-05 23:02:51 [INFO] Epoch 076 | Train Loss: 0.3115 | Train Acc: 0.9365 | Val Loss: 0.1750 | Val Acc: 0.9407
2026-09-05 23:02:56 [INFO] Epoch 077 | Train Loss: 0.2967 | Train Acc: 0.9397 | Val Loss: 0.1576 | Val Acc: 0.9593
2026-09-05 23:02:59 [INFO] Epoch 078 | Train Loss: 0.3136 | Train Acc: 0.9397 | Val Loss: 0.1485 | Val Acc: 0.9593
2026-09-05 23:03:01 [INFO] Epoch 079 | Train Loss: 0.2601 | Train Acc: 0.9484 | Val Loss: 0.1547 | Val Acc: 0.9556
2026-09-05 23:03:04 [INFO] Epoch 080 | Train Loss: 0.2457 | Train Acc: 0.9508 | Val Loss: 0.1711 | Val Acc: 0.9519
2026-09-05 23:03:07 [INFO] Epoch 081 | Train Loss: 0.2763 | Train Acc: 0.9421 | Val Loss: 0.1445 | Val Acc: 0.9667
2026-09-05 23:03:07 [INFO] ✓ Saved best model: Val Acc=0.9667 at epoch 81
2026-09-05 23:03:12 [INFO] Epoch 082 | Train Loss: 0.2868 | Train Acc: 0.9508 | Val Loss: 0.1703 | Val Acc: 0.9519
2026-09-05 23:03:15 [INFO] Epoch 083 | Train Loss: 0.2844 | Train Acc: 0.9444 | Val Loss: 0.1514 | Val Acc: 0.9593
2026-09-05 23:03:18 [INFO] Epoch 084 | Train Loss: 0.2256 | Train Acc: 0.9587 | Val Loss: 0.1465 | Val Acc: 0.9630
2026-09-05 23:03:20 [INFO] Epoch 085 | Train Loss: 0.2570 | Train Acc: 0.9492 | Val Loss: 0.1575 | Val Acc: 0.9556
2026-09-05 23:03:25 [INFO] Epoch 086 | Train Loss: 0.2676 | Train Acc: 0.9444 | Val Loss: 0.1554 | Val Acc: 0.9556
2026-09-05 23:03:28 [INFO] Epoch 087 | Train Loss: 0.2816 | Train Acc: 0.9460 | Val Loss: 0.1706 | Val Acc: 0.9481
2026-09-05 23:03:30 [INFO] Epoch 088 | Train Loss: 0.2797 | Train Acc: 0.9476 | Val Loss: 0.1751 | Val Acc: 0.9556
2026-09-05 23:03:33 [INFO] Epoch 089 | Train Loss: 0.2628 | Train Acc: 0.9468 | Val Loss: 0.1638 | Val Acc: 0.9593
2026-09-05 23:03:36 [INFO] Epoch 090 | Train Loss: 0.2523 | Train Acc: 0.9500 | Val Loss: 0.1721 | Val Acc: 0.9519
2026-09-05 23:03:40 [INFO] Epoch 091 | Train Loss: 0.2588 | Train Acc: 0.9540 | Val Loss: 0.1772 | Val Acc: 0.9481
2026-09-05 23:03:43 [INFO] Epoch 092 | Train Loss: 0.2536 | Train Acc: 0.9476 | Val Loss: 0.1703 | Val Acc: 0.9519
2026-09-05 23:03:46 [INFO] Epoch 093 | Train Loss: 0.3187 | Train Acc: 0.9413 | Val Loss: 0.1641 | Val Acc: 0.9519
2026-09-05 23:03:50 [INFO] Epoch 094 | Train Loss: 0.2643 | Train Acc: 0.9508 | Val Loss: 0.1598 | Val Acc: 0.9519
2026-09-05 23:03:53 [INFO] Epoch 095 | Train Loss: 0.2772 | Train Acc: 0.9500 | Val Loss: 0.1640 | Val Acc: 0.9593
2026-09-05 23:03:56 [INFO] Epoch 096 | Train Loss: 0.2797 | Train Acc: 0.9460 | Val Loss: 0.1617 | Val Acc: 0.9556
2026-09-05 23:03:58 [INFO] Epoch 097 | Train Loss: 0.2588 | Train Acc: 0.9540 | Val Loss: 0.1724 | Val Acc: 0.9481
2026-09-05 23:04:01 [INFO] Epoch 098 | Train Loss: 0.2435 | Train Acc: 0.9556 | Val Loss: 0.1655 | Val Acc: 0.9593
2026-09-05 23:04:06 [INFO] Epoch 099 | Train Loss: 0.2237 | Train Acc: 0.9627 | Val Loss: 0.1678 | Val Acc: 0.9481
2026-09-05 23:04:06 [INFO] Evaluating Best Model on TEST Set...
2026-09-05 23:04:06 [INFO] 
[RESUME] Đang nạp checkpoint từ: /home/biu-linux/DeepLearning_Projects/DoAnNganh/HybricMamba/Ressult/TFJ/LIGHT_HYBRIC_MAMBA/NEU-DET_surface-dec/LIGHT_HYBRIC_MAMBA_best.pth
2026-09-05 23:04:06 [INFO] 🎯 [TEST RESULT] Test Acc: 0.9444 | F1-Macro: 0.9432 | F1-Weighted: 0.9432
2026-09-05 23:10:26 [INFO] Dataset: NEU-DET_surface-dec | Số nhãn (classes): 6 | Tổng số ảnh: 1800
2026-09-05 23:10:26 [INFO] Dữ liệu đã chia -> Train (70%): 1260 | Val (15%): 270 | Test (15%): 270
2026-09-05 23:10:26 [INFO] 
🔍 Kiểm tra phân bố class trong batch:
2026-09-05 23:10:28 [INFO]   Batch 0: 4 classes (first 5: [1, 2, 3, 4])
2026-09-05 23:10:28 [INFO]   Batch 1: 4 classes (first 5: [0, 1, 2, 4])
2026-09-05 23:10:28 [INFO]   Batch 2: 5 classes (first 5: [0, 2, 3, 4, 5])
2026-09-05 23:10:28 [INFO]   Batch 3: 5 classes (first 5: [0, 1, 3, 4, 5])
2026-09-05 23:10:28 [INFO]   Batch 4: 4 classes (first 5: [0, 1, 2, 3])
2026-09-05 23:10:28 [WARNING] ⚠️ WARNING: Trung bình 4.4 classes/batch - Dữ liệu chưa được trộn đều!
2026-09-05 23:10:28 [INFO] ============================================================
2026-09-05 23:10:28 [INFO] Starting training: LIGHT_HYBRIC_MAMBA
2026-09-05 23:10:28 [INFO] Dataset: NEU-DET_surface-dec | Path: /home/biu-linux/DeepLearning_Projects/DoAnNganh/data/NEU-DET
2026-09-05 23:10:28 [INFO] Device: cuda
2026-09-05 23:10:28 [INFO] GPU: NVIDIA GeForce RTX 3050 Laptop GPU
2026-09-05 23:10:28 [INFO] ============================================================
2026-09-05 23:10:34 [INFO] Epoch 000 | Train Loss: 2.7229 | Train Acc: 0.3270 | Val Loss: 1.4998 | Val Acc: 0.4630
2026-09-05 23:10:34 [INFO] ✓ Saved best model: Val Acc=0.4630 at epoch 0
2026-09-05 23:10:37 [INFO] Epoch 001 | Train Loss: 2.3330 | Train Acc: 0.4722 | Val Loss: 1.1941 | Val Acc: 0.5556
2026-09-05 23:10:37 [INFO] ✓ Saved best model: Val Acc=0.5556 at epoch 1
2026-09-05 23:10:42 [INFO] Epoch 002 | Train Loss: 2.0303 | Train Acc: 0.5294 | Val Loss: 0.8351 | Val Acc: 0.7556
2026-09-05 23:10:42 [INFO] ✓ Saved best model: Val Acc=0.7556 at epoch 2
2026-09-05 23:10:45 [INFO] Epoch 003 | Train Loss: 1.7481 | Train Acc: 0.6095 | Val Loss: 0.6487 | Val Acc: 0.7704
2026-09-05 23:10:45 [INFO] ✓ Saved best model: Val Acc=0.7704 at epoch 3
2026-09-05 23:10:47 [INFO] Epoch 004 | Train Loss: 1.5924 | Train Acc: 0.6437 | Val Loss: 0.6172 | Val Acc: 0.7222
2026-09-05 23:10:50 [INFO] Epoch 005 | Train Loss: 1.4721 | Train Acc: 0.6516 | Val Loss: 0.5531 | Val Acc: 0.8000
2026-09-05 23:10:50 [INFO] ✓ Saved best model: Val Acc=0.8000 at epoch 5
2026-09-05 23:10:53 [INFO] Epoch 006 | Train Loss: 1.3202 | Train Acc: 0.6825 | Val Loss: 0.5385 | Val Acc: 0.8111
2026-09-05 23:10:53 [INFO] ✓ Saved best model: Val Acc=0.8111 at epoch 6
2026-09-05 23:10:59 [INFO] Epoch 007 | Train Loss: 1.2273 | Train Acc: 0.7198 | Val Loss: 0.4049 | Val Acc: 0.8815
2026-09-05 23:10:59 [INFO] ✓ Saved best model: Val Acc=0.8815 at epoch 7
2026-09-05 23:11:01 [INFO] Epoch 008 | Train Loss: 1.2490 | Train Acc: 0.7087 | Val Loss: 0.4147 | Val Acc: 0.8741
2026-09-05 23:11:04 [INFO] Epoch 009 | Train Loss: 1.1269 | Train Acc: 0.7341 | Val Loss: 0.4531 | Val Acc: 0.8481
2026-09-05 23:11:07 [INFO] Epoch 010 | Train Loss: 1.0925 | Train Acc: 0.7587 | Val Loss: 0.3685 | Val Acc: 0.8704
2026-09-05 23:11:12 [INFO] Epoch 011 | Train Loss: 1.0053 | Train Acc: 0.7794 | Val Loss: 0.3398 | Val Acc: 0.8889
2026-09-05 23:11:12 [INFO] ✓ Saved best model: Val Acc=0.8889 at epoch 11
2026-09-05 23:11:15 [INFO] Epoch 012 | Train Loss: 0.9753 | Train Acc: 0.7698 | Val Loss: 0.3219 | Val Acc: 0.9037
2026-09-05 23:11:15 [INFO] ✓ Saved best model: Val Acc=0.9037 at epoch 12
2026-09-05 23:11:17 [INFO] Epoch 013 | Train Loss: 1.0216 | Train Acc: 0.7667 | Val Loss: 0.3175 | Val Acc: 0.8704
2026-09-05 23:11:20 [INFO] Epoch 014 | Train Loss: 0.9177 | Train Acc: 0.7849 | Val Loss: 0.2718 | Val Acc: 0.9111
2026-09-05 23:11:20 [INFO] ✓ Saved best model: Val Acc=0.9111 at epoch 14
2026-09-05 23:11:23 [INFO] Epoch 015 | Train Loss: 0.9200 | Train Acc: 0.7825 | Val Loss: 0.3554 | Val Acc: 0.8741
2026-09-05 23:11:28 [INFO] Epoch 016 | Train Loss: 0.8910 | Train Acc: 0.7937 | Val Loss: 0.2772 | Val Acc: 0.9111
2026-09-05 23:11:30 [INFO] Epoch 017 | Train Loss: 0.9051 | Train Acc: 0.7952 | Val Loss: 0.2685 | Val Acc: 0.9074
2026-09-05 23:11:33 [INFO] Epoch 018 | Train Loss: 0.8500 | Train Acc: 0.7992 | Val Loss: 0.2275 | Val Acc: 0.9259
2026-09-05 23:11:33 [INFO] ✓ Saved best model: Val Acc=0.9259 at epoch 18
2026-09-05 23:11:35 [INFO] Epoch 019 | Train Loss: 0.8082 | Train Acc: 0.8183 | Val Loss: 0.2897 | Val Acc: 0.9037
2026-09-05 23:11:38 [INFO] Epoch 020 | Train Loss: 0.8075 | Train Acc: 0.8143 | Val Loss: 0.2811 | Val Acc: 0.9111
2026-09-05 23:11:43 [INFO] Epoch 021 | Train Loss: 0.7910 | Train Acc: 0.8333 | Val Loss: 0.2285 | Val Acc: 0.9185
2026-09-05 23:11:45 [INFO] Epoch 022 | Train Loss: 0.7723 | Train Acc: 0.8333 | Val Loss: 0.2125 | Val Acc: 0.9333
2026-09-05 23:11:45 [INFO] ✓ Saved best model: Val Acc=0.9333 at epoch 22
2026-09-05 23:11:48 [INFO] Epoch 023 | Train Loss: 0.6763 | Train Acc: 0.8556 | Val Loss: 0.1909 | Val Acc: 0.9148
2026-09-05 23:11:51 [INFO] Epoch 024 | Train Loss: 0.7198 | Train Acc: 0.8405 | Val Loss: 0.2470 | Val Acc: 0.9148
2026-09-05 23:11:53 [INFO] Epoch 025 | Train Loss: 0.7039 | Train Acc: 0.8444 | Val Loss: 0.2514 | Val Acc: 0.9222
2026-09-05 23:11:58 [INFO] Epoch 026 | Train Loss: 0.6300 | Train Acc: 0.8714 | Val Loss: 0.2064 | Val Acc: 0.9407
2026-09-05 23:11:58 [INFO] ✓ Saved best model: Val Acc=0.9407 at epoch 26
2026-09-05 23:12:01 [INFO] Epoch 027 | Train Loss: 0.6470 | Train Acc: 0.8587 | Val Loss: 0.1799 | Val Acc: 0.9593
2026-09-05 23:12:01 [INFO] ✓ Saved best model: Val Acc=0.9593 at epoch 27
2026-09-05 23:12:04 [INFO] Epoch 028 | Train Loss: 0.6743 | Train Acc: 0.8571 | Val Loss: 0.1868 | Val Acc: 0.9370
2026-09-05 23:12:07 [INFO] Epoch 029 | Train Loss: 0.6301 | Train Acc: 0.8698 | Val Loss: 0.1777 | Val Acc: 0.9407
2026-09-05 23:12:11 [INFO] Epoch 030 | Train Loss: 0.6031 | Train Acc: 0.8667 | Val Loss: 0.1826 | Val Acc: 0.9593
2026-09-05 23:12:14 [INFO] Epoch 031 | Train Loss: 0.6192 | Train Acc: 0.8683 | Val Loss: 0.1762 | Val Acc: 0.9444
2026-09-05 23:12:17 [INFO] Epoch 032 | Train Loss: 0.6188 | Train Acc: 0.8730 | Val Loss: 0.1890 | Val Acc: 0.9481
2026-09-05 23:12:19 [INFO] Epoch 033 | Train Loss: 0.5772 | Train Acc: 0.8921 | Val Loss: 0.2094 | Val Acc: 0.9259
2026-09-05 23:12:22 [INFO] Epoch 034 | Train Loss: 0.5775 | Train Acc: 0.8849 | Val Loss: 0.1928 | Val Acc: 0.9296
2026-09-05 23:12:26 [INFO] Epoch 035 | Train Loss: 0.5698 | Train Acc: 0.8802 | Val Loss: 0.1589 | Val Acc: 0.9481
2026-09-05 23:12:32 [INFO] Epoch 036 | Train Loss: 0.5390 | Train Acc: 0.8754 | Val Loss: 0.1629 | Val Acc: 0.9556
2026-09-05 23:12:35 [INFO] Epoch 037 | Train Loss: 0.5079 | Train Acc: 0.8754 | Val Loss: 0.1842 | Val Acc: 0.9296
2026-09-05 23:12:38 [INFO] Epoch 038 | Train Loss: 0.5171 | Train Acc: 0.8889 | Val Loss: 0.1429 | Val Acc: 0.9481
2026-09-05 23:12:41 [INFO] Epoch 039 | Train Loss: 0.5286 | Train Acc: 0.8921 | Val Loss: 0.1860 | Val Acc: 0.9444
2026-09-05 23:12:45 [INFO] Epoch 040 | Train Loss: 0.5214 | Train Acc: 0.8937 | Val Loss: 0.1293 | Val Acc: 0.9556
2026-09-05 23:12:49 [INFO] Epoch 041 | Train Loss: 0.4788 | Train Acc: 0.8944 | Val Loss: 0.1856 | Val Acc: 0.9481
2026-09-05 23:12:52 [INFO] Epoch 042 | Train Loss: 0.5000 | Train Acc: 0.8952 | Val Loss: 0.1478 | Val Acc: 0.9630
2026-09-05 23:12:52 [INFO] ✓ Saved best model: Val Acc=0.9630 at epoch 42
2026-09-05 23:12:54 [INFO] Epoch 043 | Train Loss: 0.5266 | Train Acc: 0.8921 | Val Loss: 0.1553 | Val Acc: 0.9519
2026-09-05 23:12:57 [INFO] Epoch 044 | Train Loss: 0.5381 | Train Acc: 0.8873 | Val Loss: 0.1100 | Val Acc: 0.9556
2026-09-05 23:13:02 [INFO] Epoch 045 | Train Loss: 0.4667 | Train Acc: 0.9063 | Val Loss: 0.1344 | Val Acc: 0.9519
2026-09-05 23:13:04 [INFO] Epoch 046 | Train Loss: 0.4723 | Train Acc: 0.8881 | Val Loss: 0.1281 | Val Acc: 0.9556
2026-09-05 23:13:07 [INFO] Epoch 047 | Train Loss: 0.4461 | Train Acc: 0.9056 | Val Loss: 0.1552 | Val Acc: 0.9259
2026-09-05 23:13:10 [INFO] Epoch 048 | Train Loss: 0.4895 | Train Acc: 0.9063 | Val Loss: 0.1649 | Val Acc: 0.9296
2026-09-05 23:13:12 [INFO] Epoch 049 | Train Loss: 0.4351 | Train Acc: 0.9063 | Val Loss: 0.1332 | Val Acc: 0.9519
2026-09-05 23:13:17 [INFO] Epoch 050 | Train Loss: 0.4257 | Train Acc: 0.9079 | Val Loss: 0.1399 | Val Acc: 0.9519
2026-09-05 23:13:20 [INFO] Epoch 051 | Train Loss: 0.4201 | Train Acc: 0.9095 | Val Loss: 0.1317 | Val Acc: 0.9370
2026-09-05 23:13:23 [INFO] Epoch 052 | Train Loss: 0.4132 | Train Acc: 0.9167 | Val Loss: 0.1366 | Val Acc: 0.9481
2026-09-05 23:13:25 [INFO] Epoch 053 | Train Loss: 0.3433 | Train Acc: 0.9294 | Val Loss: 0.1206 | Val Acc: 0.9407
2026-09-05 23:13:29 [INFO] Epoch 054 | Train Loss: 0.4152 | Train Acc: 0.9198 | Val Loss: 0.1428 | Val Acc: 0.9519
2026-09-05 23:13:33 [INFO] Epoch 055 | Train Loss: 0.4122 | Train Acc: 0.9198 | Val Loss: 0.1429 | Val Acc: 0.9519
2026-09-05 23:13:36 [INFO] Epoch 056 | Train Loss: 0.3835 | Train Acc: 0.9183 | Val Loss: 0.1225 | Val Acc: 0.9556
2026-09-05 23:13:38 [INFO] Epoch 057 | Train Loss: 0.3932 | Train Acc: 0.9183 | Val Loss: 0.1283 | Val Acc: 0.9593
2026-09-05 23:13:41 [INFO] Epoch 058 | Train Loss: 0.3712 | Train Acc: 0.9317 | Val Loss: 0.1209 | Val Acc: 0.9444
2026-09-05 23:13:45 [INFO] Epoch 059 | Train Loss: 0.3896 | Train Acc: 0.9159 | Val Loss: 0.1390 | Val Acc: 0.9519
2026-09-05 23:13:48 [INFO] Epoch 060 | Train Loss: 0.3575 | Train Acc: 0.9286 | Val Loss: 0.1274 | Val Acc: 0.9370
2026-09-05 23:13:51 [INFO] Epoch 061 | Train Loss: 0.3693 | Train Acc: 0.9270 | Val Loss: 0.1025 | Val Acc: 0.9556
2026-09-05 23:13:53 [INFO] Epoch 062 | Train Loss: 0.3845 | Train Acc: 0.9190 | Val Loss: 0.1243 | Val Acc: 0.9407
2026-09-05 23:13:56 [INFO] Epoch 063 | Train Loss: 0.3343 | Train Acc: 0.9357 | Val Loss: 0.1692 | Val Acc: 0.9370
2026-09-05 23:13:59 [INFO] Epoch 064 | Train Loss: 0.3393 | Train Acc: 0.9278 | Val Loss: 0.1145 | Val Acc: 0.9556
2026-09-05 23:14:03 [INFO] Epoch 065 | Train Loss: 0.2803 | Train Acc: 0.9460 | Val Loss: 0.1110 | Val Acc: 0.9519
2026-09-05 23:14:06 [INFO] Epoch 066 | Train Loss: 0.3123 | Train Acc: 0.9333 | Val Loss: 0.1472 | Val Acc: 0.9593
2026-09-05 23:14:09 [INFO] Epoch 067 | Train Loss: 0.3169 | Train Acc: 0.9429 | Val Loss: 0.1110 | Val Acc: 0.9593
2026-09-05 23:14:11 [INFO] Epoch 068 | Train Loss: 0.3208 | Train Acc: 0.9341 | Val Loss: 0.1106 | Val Acc: 0.9556
2026-09-05 23:14:16 [INFO] Epoch 069 | Train Loss: 0.2999 | Train Acc: 0.9421 | Val Loss: 0.1231 | Val Acc: 0.9556
2026-09-05 23:14:19 [INFO] Epoch 070 | Train Loss: 0.3041 | Train Acc: 0.9357 | Val Loss: 0.1024 | Val Acc: 0.9667
2026-09-05 23:14:19 [INFO] ✓ Saved best model: Val Acc=0.9667 at epoch 70
2026-09-05 23:14:22 [INFO] Epoch 071 | Train Loss: 0.3068 | Train Acc: 0.9325 | Val Loss: 0.0889 | Val Acc: 0.9667
2026-09-05 23:14:24 [INFO] Epoch 072 | Train Loss: 0.3027 | Train Acc: 0.9437 | Val Loss: 0.0862 | Val Acc: 0.9630
2026-09-05 23:14:27 [INFO] Epoch 073 | Train Loss: 0.2771 | Train Acc: 0.9492 | Val Loss: 0.1177 | Val Acc: 0.9556
2026-09-05 23:14:31 [INFO] Epoch 074 | Train Loss: 0.3207 | Train Acc: 0.9413 | Val Loss: 0.1227 | Val Acc: 0.9556
2026-09-05 23:14:34 [INFO] Epoch 075 | Train Loss: 0.3229 | Train Acc: 0.9405 | Val Loss: 0.1254 | Val Acc: 0.9444
2026-09-05 23:14:37 [INFO] Epoch 076 | Train Loss: 0.2700 | Train Acc: 0.9492 | Val Loss: 0.1190 | Val Acc: 0.9481
2026-09-05 23:14:39 [INFO] Epoch 077 | Train Loss: 0.2944 | Train Acc: 0.9413 | Val Loss: 0.1088 | Val Acc: 0.9593
2026-09-05 23:14:42 [INFO] Epoch 078 | Train Loss: 0.2937 | Train Acc: 0.9437 | Val Loss: 0.0992 | Val Acc: 0.9630
2026-09-05 23:14:47 [INFO] Epoch 079 | Train Loss: 0.2901 | Train Acc: 0.9452 | Val Loss: 0.1018 | Val Acc: 0.9556
2026-09-05 23:14:49 [INFO] Epoch 080 | Train Loss: 0.3098 | Train Acc: 0.9389 | Val Loss: 0.1096 | Val Acc: 0.9556
2026-09-05 23:14:52 [INFO] Epoch 081 | Train Loss: 0.2842 | Train Acc: 0.9476 | Val Loss: 0.1087 | Val Acc: 0.9630
2026-09-05 23:14:55 [INFO] Epoch 082 | Train Loss: 0.3215 | Train Acc: 0.9405 | Val Loss: 0.0991 | Val Acc: 0.9593
2026-09-05 23:14:58 [INFO] Epoch 083 | Train Loss: 0.2668 | Train Acc: 0.9500 | Val Loss: 0.1085 | Val Acc: 0.9556
2026-09-05 23:15:03 [INFO] Epoch 084 | Train Loss: 0.2643 | Train Acc: 0.9484 | Val Loss: 0.1085 | Val Acc: 0.9556
2026-09-05 23:15:05 [INFO] Epoch 085 | Train Loss: 0.3121 | Train Acc: 0.9389 | Val Loss: 0.1200 | Val Acc: 0.9519
2026-09-05 23:15:08 [INFO] Epoch 086 | Train Loss: 0.2574 | Train Acc: 0.9556 | Val Loss: 0.1127 | Val Acc: 0.9519
2026-09-05 23:15:11 [INFO] Epoch 087 | Train Loss: 0.2852 | Train Acc: 0.9508 | Val Loss: 0.1269 | Val Acc: 0.9556
2026-09-05 23:15:16 [INFO] Epoch 088 | Train Loss: 0.2793 | Train Acc: 0.9508 | Val Loss: 0.1145 | Val Acc: 0.9630
2026-09-05 23:15:19 [INFO] Epoch 089 | Train Loss: 0.2536 | Train Acc: 0.9476 | Val Loss: 0.1050 | Val Acc: 0.9593
2026-09-05 23:15:21 [INFO] Epoch 090 | Train Loss: 0.2654 | Train Acc: 0.9476 | Val Loss: 0.0891 | Val Acc: 0.9593
2026-09-05 23:15:24 [INFO] Epoch 091 | Train Loss: 0.2920 | Train Acc: 0.9444 | Val Loss: 0.1041 | Val Acc: 0.9630
2026-09-05 23:15:27 [INFO] Epoch 092 | Train Loss: 0.2748 | Train Acc: 0.9516 | Val Loss: 0.1083 | Val Acc: 0.9593
2026-09-05 23:15:32 [INFO] Epoch 093 | Train Loss: 0.2900 | Train Acc: 0.9508 | Val Loss: 0.1114 | Val Acc: 0.9556
2026-09-05 23:15:35 [INFO] Epoch 094 | Train Loss: 0.2539 | Train Acc: 0.9508 | Val Loss: 0.1147 | Val Acc: 0.9593
2026-09-05 23:15:38 [INFO] Epoch 095 | Train Loss: 0.2496 | Train Acc: 0.9524 | Val Loss: 0.1021 | Val Acc: 0.9593
2026-09-05 23:15:41 [INFO] Epoch 096 | Train Loss: 0.2380 | Train Acc: 0.9540 | Val Loss: 0.1259 | Val Acc: 0.9593
2026-09-05 23:15:45 [INFO] Epoch 097 | Train Loss: 0.2862 | Train Acc: 0.9437 | Val Loss: 0.1227 | Val Acc: 0.9593
2026-09-05 23:15:49 [INFO] Epoch 098 | Train Loss: 0.2466 | Train Acc: 0.9571 | Val Loss: 0.1068 | Val Acc: 0.9593
2026-09-05 23:15:52 [INFO] Epoch 099 | Train Loss: 0.2894 | Train Acc: 0.9468 | Val Loss: 0.1032 | Val Acc: 0.9630
2026-09-05 23:15:52 [INFO] Evaluating Best Model on TEST Set...
2026-09-05 23:15:52 [INFO] 
[RESUME] Đang nạp checkpoint từ: /home/biu-linux/DeepLearning_Projects/DoAnNganh/HybricMamba/Ressult/TFJ/LIGHT_HYBRIC_MAMBA/NEU-DET_surface-dec/LIGHT_HYBRIC_MAMBA_best.pth
2026-09-05 23:15:52 [INFO] 🎯 [TEST RESULT] Test Acc: 0.9741 | F1-Macro: 0.9741 | F1-Weighted: 0.9741
2026-09-05 23:25:52 [INFO] Dataset: NEU-DET_surface-dec | Số nhãn (classes): 6 | Tổng số ảnh: 1800
2026-09-05 23:25:52 [INFO] Dữ liệu đã chia -> Train (70%): 1260 | Val (15%): 270 | Test (15%): 270
2026-09-05 23:25:52 [INFO] 
🔍 Kiểm tra phân bố class trong batch:
2026-09-05 23:25:54 [INFO]   Batch 0: 6 classes (first 5: [0, 1, 2, 3, 4])
2026-09-05 23:25:54 [INFO]   Batch 1: 3 classes (first 5: [0, 4, 5])
2026-09-05 23:25:54 [INFO]   Batch 2: 5 classes (first 5: [0, 1, 2, 3, 5])
2026-09-05 23:25:54 [INFO]   Batch 3: 6 classes (first 5: [0, 1, 2, 3, 4])
2026-09-05 23:25:54 [INFO]   Batch 4: 4 classes (first 5: [0, 2, 3, 5])
2026-09-05 23:25:54 [WARNING] ⚠️ WARNING: Trung bình 4.8 classes/batch - Dữ liệu chưa được trộn đều!
2026-09-05 23:25:54 [INFO] ============================================================
2026-09-05 23:25:54 [INFO] Starting training: LIGHT_HYBRIC_MAMBA
2026-09-05 23:25:54 [INFO] Dataset: NEU-DET_surface-dec | Path: /home/biu-linux/DeepLearning_Projects/DoAnNganh/data/NEU-DET
2026-09-05 23:25:54 [INFO] Device: cuda
2026-09-05 23:25:54 [INFO] GPU: NVIDIA GeForce RTX 3050 Laptop GPU
2026-09-05 23:25:54 [INFO] ============================================================
2026-09-05 23:25:59 [INFO] Epoch 000 | Train Loss: 2.7553 | Train Acc: 0.2952 | Val Loss: 1.4725 | Val Acc: 0.5037
2026-09-05 23:25:59 [INFO] ✓ Saved best model: Val Acc=0.5037 at epoch 0
2026-09-05 23:26:02 [INFO] Epoch 001 | Train Loss: 2.3987 | Train Acc: 0.4262 | Val Loss: 1.0896 | Val Acc: 0.6333
2026-09-05 23:26:02 [INFO] ✓ Saved best model: Val Acc=0.6333 at epoch 1
2026-09-05 23:26:07 [INFO] Epoch 002 | Train Loss: 2.0963 | Train Acc: 0.5206 | Val Loss: 0.8562 | Val Acc: 0.7148
2026-09-05 23:26:07 [INFO] ✓ Saved best model: Val Acc=0.7148 at epoch 2
2026-09-05 23:26:10 [INFO] Epoch 003 | Train Loss: 1.8419 | Train Acc: 0.5675 | Val Loss: 0.6486 | Val Acc: 0.7593
2026-09-05 23:26:10 [INFO] ✓ Saved best model: Val Acc=0.7593 at epoch 3
2026-09-05 23:26:13 [INFO] Epoch 004 | Train Loss: 1.6784 | Train Acc: 0.6198 | Val Loss: 0.5384 | Val Acc: 0.8296
2026-09-05 23:26:13 [INFO] ✓ Saved best model: Val Acc=0.8296 at epoch 4
2026-09-05 23:26:16 [INFO] Epoch 005 | Train Loss: 1.5558 | Train Acc: 0.6476 | Val Loss: 0.5492 | Val Acc: 0.7852
2026-09-05 23:26:19 [INFO] Epoch 006 | Train Loss: 1.5032 | Train Acc: 0.6659 | Val Loss: 0.5978 | Val Acc: 0.8000
2026-09-05 23:26:24 [INFO] Epoch 007 | Train Loss: 1.3782 | Train Acc: 0.6913 | Val Loss: 0.4413 | Val Acc: 0.8407
2026-09-05 23:26:24 [INFO] ✓ Saved best model: Val Acc=0.8407 at epoch 7
2026-09-05 23:26:26 [INFO] Epoch 008 | Train Loss: 1.3298 | Train Acc: 0.6897 | Val Loss: 0.4430 | Val Acc: 0.8185
2026-09-05 23:26:29 [INFO] Epoch 009 | Train Loss: 1.1948 | Train Acc: 0.7357 | Val Loss: 0.3656 | Val Acc: 0.8667
2026-09-05 23:26:29 [INFO] ✓ Saved best model: Val Acc=0.8667 at epoch 9
2026-09-05 23:26:32 [INFO] Epoch 010 | Train Loss: 1.1107 | Train Acc: 0.7389 | Val Loss: 0.3918 | Val Acc: 0.8926
2026-09-05 23:26:32 [INFO] ✓ Saved best model: Val Acc=0.8926 at epoch 10
2026-09-05 23:26:37 [INFO] Epoch 011 | Train Loss: 1.0413 | Train Acc: 0.7667 | Val Loss: 0.2940 | Val Acc: 0.9296
2026-09-05 23:26:37 [INFO] ✓ Saved best model: Val Acc=0.9296 at epoch 11
2026-09-05 23:26:40 [INFO] Epoch 012 | Train Loss: 1.0885 | Train Acc: 0.7492 | Val Loss: 0.3089 | Val Acc: 0.8815
2026-09-05 23:26:43 [INFO] Epoch 013 | Train Loss: 1.0248 | Train Acc: 0.7706 | Val Loss: 0.3205 | Val Acc: 0.9222
2026-09-05 23:26:45 [INFO] Epoch 014 | Train Loss: 0.9235 | Train Acc: 0.7929 | Val Loss: 0.2282 | Val Acc: 0.9259
2026-09-05 23:26:49 [INFO] Epoch 015 | Train Loss: 0.9185 | Train Acc: 0.8071 | Val Loss: 0.2374 | Val Acc: 0.9185
2026-09-05 23:26:53 [INFO] Epoch 016 | Train Loss: 0.8586 | Train Acc: 0.8095 | Val Loss: 0.2689 | Val Acc: 0.9111
2026-09-05 23:26:56 [INFO] Epoch 017 | Train Loss: 0.8274 | Train Acc: 0.8111 | Val Loss: 0.2149 | Val Acc: 0.9296
2026-09-05 23:26:59 [INFO] Epoch 018 | Train Loss: 0.7718 | Train Acc: 0.8325 | Val Loss: 0.2342 | Val Acc: 0.9185
2026-09-05 23:27:02 [INFO] Epoch 019 | Train Loss: 0.7314 | Train Acc: 0.8476 | Val Loss: 0.1737 | Val Acc: 0.9407
2026-09-05 23:27:02 [INFO] ✓ Saved best model: Val Acc=0.9407 at epoch 19
2026-09-05 23:27:07 [INFO] Epoch 020 | Train Loss: 0.7598 | Train Acc: 0.8389 | Val Loss: 0.1371 | Val Acc: 0.9630
2026-09-05 23:27:07 [INFO] ✓ Saved best model: Val Acc=0.9630 at epoch 20
2026-09-05 23:27:10 [INFO] Epoch 021 | Train Loss: 0.7306 | Train Acc: 0.8452 | Val Loss: 0.1843 | Val Acc: 0.9444
2026-09-05 23:27:13 [INFO] Epoch 022 | Train Loss: 0.7820 | Train Acc: 0.8389 | Val Loss: 0.2041 | Val Acc: 0.9222
2026-09-05 23:27:15 [INFO] Epoch 023 | Train Loss: 0.6839 | Train Acc: 0.8579 | Val Loss: 0.1904 | Val Acc: 0.9370
2026-09-05 23:27:19 [INFO] Epoch 024 | Train Loss: 0.7260 | Train Acc: 0.8405 | Val Loss: 0.1506 | Val Acc: 0.9519
2026-09-05 23:27:23 [INFO] Epoch 025 | Train Loss: 0.6433 | Train Acc: 0.8587 | Val Loss: 0.1712 | Val Acc: 0.9481
2026-09-05 23:27:26 [INFO] Epoch 026 | Train Loss: 0.6634 | Train Acc: 0.8524 | Val Loss: 0.1463 | Val Acc: 0.9556
2026-09-05 23:27:30 [INFO] Epoch 027 | Train Loss: 0.6497 | Train Acc: 0.8730 | Val Loss: 0.1327 | Val Acc: 0.9630
2026-09-05 23:27:34 [INFO] Epoch 028 | Train Loss: 0.6496 | Train Acc: 0.8619 | Val Loss: 0.1387 | Val Acc: 0.9481
2026-09-05 23:27:41 [INFO] Epoch 029 | Train Loss: 0.6020 | Train Acc: 0.8825 | Val Loss: 0.1389 | Val Acc: 0.9556
2026-09-05 23:27:44 [INFO] Epoch 030 | Train Loss: 0.6065 | Train Acc: 0.8706 | Val Loss: 0.1462 | Val Acc: 0.9556
2026-09-05 23:27:46 [INFO] Epoch 031 | Train Loss: 0.5750 | Train Acc: 0.8833 | Val Loss: 0.1405 | Val Acc: 0.9444
2026-09-05 23:27:49 [INFO] Epoch 032 | Train Loss: 0.5777 | Train Acc: 0.8635 | Val Loss: 0.1414 | Val Acc: 0.9519
2026-09-05 23:27:54 [INFO] Epoch 033 | Train Loss: 0.5622 | Train Acc: 0.8817 | Val Loss: 0.1401 | Val Acc: 0.9444
2026-09-05 23:27:56 [INFO] Epoch 034 | Train Loss: 0.5594 | Train Acc: 0.8817 | Val Loss: 0.1580 | Val Acc: 0.9481
2026-09-05 23:27:59 [INFO] Epoch 035 | Train Loss: 0.5450 | Train Acc: 0.8952 | Val Loss: 0.1206 | Val Acc: 0.9481
2026-09-05 23:28:01 [INFO] Epoch 036 | Train Loss: 0.5593 | Train Acc: 0.8746 | Val Loss: 0.1200 | Val Acc: 0.9593
2026-09-05 23:28:04 [INFO] Epoch 037 | Train Loss: 0.5339 | Train Acc: 0.8849 | Val Loss: 0.1337 | Val Acc: 0.9556
2026-09-05 23:28:09 [INFO] Epoch 038 | Train Loss: 0.4959 | Train Acc: 0.8944 | Val Loss: 0.1056 | Val Acc: 0.9667
2026-09-05 23:28:09 [INFO] ✓ Saved best model: Val Acc=0.9667 at epoch 38
2026-09-05 23:28:12 [INFO] Epoch 039 | Train Loss: 0.4734 | Train Acc: 0.9016 | Val Loss: 0.1120 | Val Acc: 0.9593
2026-09-05 23:28:15 [INFO] Epoch 040 | Train Loss: 0.4763 | Train Acc: 0.9000 | Val Loss: 0.1195 | Val Acc: 0.9630
2026-09-05 23:28:17 [INFO] Epoch 041 | Train Loss: 0.4715 | Train Acc: 0.9008 | Val Loss: 0.1432 | Val Acc: 0.9444
2026-09-05 23:28:20 [INFO] Epoch 042 | Train Loss: 0.4793 | Train Acc: 0.9103 | Val Loss: 0.1302 | Val Acc: 0.9556
2026-09-05 23:28:26 [INFO] Epoch 043 | Train Loss: 0.4721 | Train Acc: 0.9016 | Val Loss: 0.1284 | Val Acc: 0.9481
2026-09-05 23:28:29 [INFO] Epoch 044 | Train Loss: 0.4461 | Train Acc: 0.9095 | Val Loss: 0.1163 | Val Acc: 0.9519
2026-09-05 23:28:31 [INFO] Epoch 045 | Train Loss: 0.3869 | Train Acc: 0.9143 | Val Loss: 0.1115 | Val Acc: 0.9630
2026-09-05 23:28:34 [INFO] Epoch 046 | Train Loss: 0.4143 | Train Acc: 0.9111 | Val Loss: 0.0866 | Val Acc: 0.9630
2026-09-05 23:28:40 [INFO] Epoch 047 | Train Loss: 0.3931 | Train Acc: 0.9167 | Val Loss: 0.1146 | Val Acc: 0.9556
2026-09-05 23:28:43 [INFO] Epoch 048 | Train Loss: 0.4443 | Train Acc: 0.9048 | Val Loss: 0.1205 | Val Acc: 0.9556
2026-09-05 23:28:46 [INFO] Epoch 049 | Train Loss: 0.4314 | Train Acc: 0.9119 | Val Loss: 0.0967 | Val Acc: 0.9704
2026-09-05 23:28:46 [INFO] ✓ Saved best model: Val Acc=0.9704 at epoch 49
2026-09-05 23:28:49 [INFO] Epoch 050 | Train Loss: 0.4410 | Train Acc: 0.9159 | Val Loss: 0.1090 | Val Acc: 0.9667
2026-09-05 23:28:54 [INFO] Epoch 051 | Train Loss: 0.4346 | Train Acc: 0.9135 | Val Loss: 0.1195 | Val Acc: 0.9519
2026-09-05 23:28:57 [INFO] Epoch 052 | Train Loss: 0.3926 | Train Acc: 0.9206 | Val Loss: 0.1098 | Val Acc: 0.9593
2026-09-05 23:29:00 [INFO] Epoch 053 | Train Loss: 0.3852 | Train Acc: 0.9206 | Val Loss: 0.1000 | Val Acc: 0.9556
2026-09-05 23:29:02 [INFO] Epoch 054 | Train Loss: 0.4032 | Train Acc: 0.9214 | Val Loss: 0.1162 | Val Acc: 0.9593
2026-09-05 23:29:05 [INFO] Epoch 055 | Train Loss: 0.3691 | Train Acc: 0.9198 | Val Loss: 0.0802 | Val Acc: 0.9630
2026-09-05 23:29:10 [INFO] Epoch 056 | Train Loss: 0.3701 | Train Acc: 0.9262 | Val Loss: 0.1198 | Val Acc: 0.9593
2026-09-05 23:29:13 [INFO] Epoch 057 | Train Loss: 0.3865 | Train Acc: 0.9230 | Val Loss: 0.1228 | Val Acc: 0.9593
2026-09-05 23:29:16 [INFO] Epoch 058 | Train Loss: 0.3582 | Train Acc: 0.9198 | Val Loss: 0.0798 | Val Acc: 0.9630
2026-09-05 23:29:19 [INFO] Epoch 059 | Train Loss: 0.3729 | Train Acc: 0.9222 | Val Loss: 0.0802 | Val Acc: 0.9630
2026-09-05 23:29:24 [INFO] Epoch 060 | Train Loss: 0.2950 | Train Acc: 0.9317 | Val Loss: 0.0894 | Val Acc: 0.9667
2026-09-05 23:29:27 [INFO] Epoch 061 | Train Loss: 0.3395 | Train Acc: 0.9333 | Val Loss: 0.0892 | Val Acc: 0.9593
2026-09-05 23:29:29 [INFO] Epoch 062 | Train Loss: 0.3923 | Train Acc: 0.9238 | Val Loss: 0.1181 | Val Acc: 0.9593
2026-09-05 23:29:32 [INFO] Epoch 063 | Train Loss: 0.3626 | Train Acc: 0.9310 | Val Loss: 0.0693 | Val Acc: 0.9741
2026-09-05 23:29:32 [INFO] ✓ Saved best model: Val Acc=0.9741 at epoch 63
2026-09-05 23:29:35 [INFO] Epoch 064 | Train Loss: 0.3342 | Train Acc: 0.9333 | Val Loss: 0.0921 | Val Acc: 0.9556
2026-09-05 23:29:40 [INFO] Epoch 065 | Train Loss: 0.3155 | Train Acc: 0.9349 | Val Loss: 0.1214 | Val Acc: 0.9556
2026-09-05 23:29:43 [INFO] Epoch 066 | Train Loss: 0.3117 | Train Acc: 0.9294 | Val Loss: 0.1038 | Val Acc: 0.9481
2026-09-05 23:29:46 [INFO] Epoch 067 | Train Loss: 0.3339 | Train Acc: 0.9270 | Val Loss: 0.0910 | Val Acc: 0.9630
2026-09-05 23:29:48 [INFO] Epoch 068 | Train Loss: 0.3186 | Train Acc: 0.9405 | Val Loss: 0.0653 | Val Acc: 0.9704
2026-09-05 23:29:54 [INFO] Epoch 069 | Train Loss: 0.3504 | Train Acc: 0.9278 | Val Loss: 0.0752 | Val Acc: 0.9704
2026-09-05 23:29:57 [INFO] Epoch 070 | Train Loss: 0.2720 | Train Acc: 0.9413 | Val Loss: 0.0817 | Val Acc: 0.9704
2026-09-05 23:29:59 [INFO] Epoch 071 | Train Loss: 0.2852 | Train Acc: 0.9500 | Val Loss: 0.0727 | Val Acc: 0.9704
2026-09-05 23:30:02 [INFO] Epoch 072 | Train Loss: 0.3103 | Train Acc: 0.9405 | Val Loss: 0.1111 | Val Acc: 0.9444
2026-09-05 23:30:05 [INFO] Epoch 073 | Train Loss: 0.3163 | Train Acc: 0.9381 | Val Loss: 0.0890 | Val Acc: 0.9630
2026-09-05 23:30:10 [INFO] Epoch 074 | Train Loss: 0.3039 | Train Acc: 0.9349 | Val Loss: 0.0770 | Val Acc: 0.9630
2026-09-05 23:30:13 [INFO] Epoch 075 | Train Loss: 0.3056 | Train Acc: 0.9389 | Val Loss: 0.0738 | Val Acc: 0.9630
2026-09-05 23:30:19 [INFO] Epoch 076 | Train Loss: 0.2783 | Train Acc: 0.9500 | Val Loss: 0.0713 | Val Acc: 0.9667
2026-09-05 23:30:21 [INFO] Epoch 077 | Train Loss: 0.3074 | Train Acc: 0.9405 | Val Loss: 0.0795 | Val Acc: 0.9593
2026-09-05 23:30:24 [INFO] Epoch 078 | Train Loss: 0.2328 | Train Acc: 0.9611 | Val Loss: 0.0698 | Val Acc: 0.9704
2026-09-05 23:30:27 [INFO] Epoch 079 | Train Loss: 0.2878 | Train Acc: 0.9437 | Val Loss: 0.0652 | Val Acc: 0.9741
2026-09-05 23:30:29 [INFO] Epoch 080 | Train Loss: 0.2957 | Train Acc: 0.9563 | Val Loss: 0.0884 | Val Acc: 0.9704
2026-09-05 23:30:34 [INFO] Epoch 081 | Train Loss: 0.2618 | Train Acc: 0.9444 | Val Loss: 0.0717 | Val Acc: 0.9630
2026-09-05 23:30:37 [INFO] Epoch 082 | Train Loss: 0.2704 | Train Acc: 0.9484 | Val Loss: 0.0879 | Val Acc: 0.9593
2026-09-05 23:30:40 [INFO] Epoch 083 | Train Loss: 0.2617 | Train Acc: 0.9452 | Val Loss: 0.0869 | Val Acc: 0.9630
2026-09-05 23:30:42 [INFO] Epoch 084 | Train Loss: 0.2561 | Train Acc: 0.9524 | Val Loss: 0.0848 | Val Acc: 0.9630
2026-09-05 23:30:45 [INFO] Epoch 085 | Train Loss: 0.2332 | Train Acc: 0.9540 | Val Loss: 0.0807 | Val Acc: 0.9667
2026-09-05 23:30:50 [INFO] Epoch 086 | Train Loss: 0.2841 | Train Acc: 0.9468 | Val Loss: 0.0792 | Val Acc: 0.9667
2026-09-05 23:30:53 [INFO] Epoch 087 | Train Loss: 0.2717 | Train Acc: 0.9508 | Val Loss: 0.1138 | Val Acc: 0.9556
2026-09-05 23:30:56 [INFO] Epoch 088 | Train Loss: 0.2886 | Train Acc: 0.9389 | Val Loss: 0.0695 | Val Acc: 0.9704
2026-09-05 23:30:58 [INFO] Epoch 089 | Train Loss: 0.2503 | Train Acc: 0.9484 | Val Loss: 0.0736 | Val Acc: 0.9667
2026-09-05 23:31:02 [INFO] Epoch 090 | Train Loss: 0.2426 | Train Acc: 0.9524 | Val Loss: 0.0790 | Val Acc: 0.9704
2026-09-05 23:31:06 [INFO] Epoch 091 | Train Loss: 0.2302 | Train Acc: 0.9595 | Val Loss: 0.0701 | Val Acc: 0.9704
2026-09-05 23:31:08 [INFO] Epoch 092 | Train Loss: 0.2691 | Train Acc: 0.9492 | Val Loss: 0.0803 | Val Acc: 0.9630
2026-09-05 23:31:11 [INFO] Epoch 093 | Train Loss: 0.2241 | Train Acc: 0.9579 | Val Loss: 0.0743 | Val Acc: 0.9667
2026-09-05 23:31:11 [INFO] ⏹ Early stopping tại epoch 93 (không cải thiện sau 30 epoch, best=0.9741)
2026-09-05 23:31:11 [INFO] Evaluating Best Model on TEST Set...
2026-09-05 23:31:11 [INFO] 
[RESUME] Đang nạp checkpoint từ: /home/biu-linux/DeepLearning_Projects/DoAnNganh/HybricMamba/Ressult/TFJ/LIGHT_HYBRIC_MAMBA/NEU-DET_surface-dec/LIGHT_HYBRIC_MAMBA_best.pth
2026-09-05 23:31:11 [INFO] 🎯 [TEST RESULT] Test Acc: 0.9630 | F1-Macro: 0.9631 | F1-Weighted: 0.9631
2026-09-06 00:05:08 [INFO] Dataset: NEU-DET_surface-dec | Số nhãn (classes): 6 | Tổng số ảnh: 1800
2026-09-06 00:05:08 [INFO] Dữ liệu đã chia -> Train (70%): 1260 | Val (15%): 270 | Test (15%): 270
2026-09-06 00:05:08 [INFO] 
🔍 Kiểm tra phân bố class trong batch:
2026-09-06 00:05:10 [INFO]   Batch 0: 3 classes (first 5: [2, 4, 5])
2026-09-06 00:05:10 [INFO]   Batch 1: 5 classes (first 5: [0, 1, 2, 3, 5])
2026-09-06 00:05:10 [INFO]   Batch 2: 4 classes (first 5: [0, 1, 4, 5])
2026-09-06 00:05:10 [INFO]   Batch 3: 5 classes (first 5: [0, 2, 3, 4, 5])
2026-09-06 00:05:10 [INFO]   Batch 4: 4 classes (first 5: [0, 2, 3, 4])
2026-09-06 00:05:10 [WARNING] ⚠️ WARNING: Trung bình 4.2 classes/batch - Dữ liệu chưa được trộn đều!
2026-09-06 00:05:10 [INFO] ============================================================
2026-09-06 00:05:10 [INFO] Starting training: LIGHT_HYBRIC_MAMBA
2026-09-06 00:05:10 [INFO] Dataset: NEU-DET_surface-dec | Path: /home/biu-linux/DeepLearning_Projects/DoAnNganh/data/NEU-DET
2026-09-06 00:05:10 [INFO] Device: cuda
2026-09-06 00:05:10 [INFO] GPU: NVIDIA GeForce RTX 3050 Laptop GPU
2026-09-06 00:05:10 [INFO] ============================================================
2026-09-06 00:05:15 [INFO] Epoch 000 | Train Loss: 2.7213 | Train Acc: 0.2929 | Val Loss: 1.4690 | Val Acc: 0.4926
2026-09-06 00:05:15 [INFO] ✓ Saved best model: Val Acc=0.4926 at epoch 0
2026-09-06 00:05:18 [INFO] Epoch 001 | Train Loss: 2.3365 | Train Acc: 0.4683 | Val Loss: 1.1490 | Val Acc: 0.6407
2026-09-06 00:05:18 [INFO] ✓ Saved best model: Val Acc=0.6407 at epoch 1
2026-09-06 00:05:23 [INFO] Epoch 002 | Train Loss: 1.9293 | Train Acc: 0.5365 | Val Loss: 0.8173 | Val Acc: 0.7111
2026-09-06 00:05:23 [INFO] ✓ Saved best model: Val Acc=0.7111 at epoch 2
2026-09-06 00:05:26 [INFO] Epoch 003 | Train Loss: 1.6933 | Train Acc: 0.6119 | Val Loss: 0.6966 | Val Acc: 0.7704
2026-09-06 00:05:26 [INFO] ✓ Saved best model: Val Acc=0.7704 at epoch 3
2026-09-06 00:05:29 [INFO] Epoch 004 | Train Loss: 1.5265 | Train Acc: 0.6484 | Val Loss: 0.5375 | Val Acc: 0.8259
2026-09-06 00:05:29 [INFO] ✓ Saved best model: Val Acc=0.8259 at epoch 4
2026-09-06 00:05:32 [INFO] Epoch 005 | Train Loss: 1.4774 | Train Acc: 0.6397 | Val Loss: 0.5904 | Val Acc: 0.7593
2026-09-06 00:05:36 [INFO] Epoch 006 | Train Loss: 1.3360 | Train Acc: 0.6881 | Val Loss: 0.5107 | Val Acc: 0.7815
2026-09-06 00:05:40 [INFO] Epoch 007 | Train Loss: 1.2966 | Train Acc: 0.6960 | Val Loss: 0.4468 | Val Acc: 0.8185
2026-09-06 00:05:42 [INFO] Epoch 008 | Train Loss: 1.2697 | Train Acc: 0.6929 | Val Loss: 0.3720 | Val Acc: 0.8667
2026-09-06 00:05:42 [INFO] ✓ Saved best model: Val Acc=0.8667 at epoch 8
2026-09-06 00:05:45 [INFO] Epoch 009 | Train Loss: 1.2208 | Train Acc: 0.7333 | Val Loss: 0.3948 | Val Acc: 0.8741
2026-09-06 00:05:45 [INFO] ✓ Saved best model: Val Acc=0.8741 at epoch 9
2026-09-06 00:05:48 [INFO] Epoch 010 | Train Loss: 1.0032 | Train Acc: 0.7794 | Val Loss: 0.4213 | Val Acc: 0.8074
2026-09-06 00:05:54 [INFO] Epoch 011 | Train Loss: 1.0615 | Train Acc: 0.7556 | Val Loss: 0.3775 | Val Acc: 0.8185
2026-09-06 00:05:57 [INFO] Epoch 012 | Train Loss: 1.0329 | Train Acc: 0.7857 | Val Loss: 0.3637 | Val Acc: 0.8630
2026-09-06 00:06:00 [INFO] Epoch 013 | Train Loss: 0.9298 | Train Acc: 0.8024 | Val Loss: 0.3070 | Val Acc: 0.8741
2026-09-06 00:06:03 [INFO] Epoch 014 | Train Loss: 1.0476 | Train Acc: 0.7746 | Val Loss: 0.2841 | Val Acc: 0.9000
2026-09-06 00:06:03 [INFO] ✓ Saved best model: Val Acc=0.9000 at epoch 14
2026-09-06 00:06:08 [INFO] Epoch 015 | Train Loss: 0.9324 | Train Acc: 0.7794 | Val Loss: 0.2706 | Val Acc: 0.9259
2026-09-06 00:06:08 [INFO] ✓ Saved best model: Val Acc=0.9259 at epoch 15
2026-09-06 00:06:11 [INFO] Epoch 016 | Train Loss: 0.8659 | Train Acc: 0.8143 | Val Loss: 0.2927 | Val Acc: 0.9000
2026-09-06 00:06:14 [INFO] Epoch 017 | Train Loss: 0.8704 | Train Acc: 0.8087 | Val Loss: 0.2864 | Val Acc: 0.8889
2026-09-06 00:06:17 [INFO] Epoch 018 | Train Loss: 0.8001 | Train Acc: 0.8198 | Val Loss: 0.2199 | Val Acc: 0.9222
2026-09-06 00:06:19 [INFO] Epoch 019 | Train Loss: 0.7682 | Train Acc: 0.8389 | Val Loss: 0.2647 | Val Acc: 0.9148
2026-09-06 00:06:24 [INFO] Epoch 020 | Train Loss: 0.8159 | Train Acc: 0.8278 | Val Loss: 0.2002 | Val Acc: 0.9333
2026-09-06 00:06:24 [INFO] ✓ Saved best model: Val Acc=0.9333 at epoch 20
2026-09-06 00:06:27 [INFO] Epoch 021 | Train Loss: 0.7864 | Train Acc: 0.8254 | Val Loss: 0.2146 | Val Acc: 0.9074
2026-09-06 00:06:30 [INFO] Epoch 022 | Train Loss: 0.7884 | Train Acc: 0.8437 | Val Loss: 0.2289 | Val Acc: 0.9222
2026-09-06 00:06:33 [INFO] Epoch 023 | Train Loss: 0.7419 | Train Acc: 0.8333 | Val Loss: 0.1773 | Val Acc: 0.9444
2026-09-06 00:06:33 [INFO] ✓ Saved best model: Val Acc=0.9444 at epoch 23
2026-09-06 00:06:38 [INFO] Epoch 024 | Train Loss: 0.6803 | Train Acc: 0.8579 | Val Loss: 0.2182 | Val Acc: 0.9111
2026-09-06 00:06:41 [INFO] Epoch 025 | Train Loss: 0.6971 | Train Acc: 0.8524 | Val Loss: 0.2131 | Val Acc: 0.9222
2026-09-06 00:06:43 [INFO] Epoch 026 | Train Loss: 0.6452 | Train Acc: 0.8651 | Val Loss: 0.1959 | Val Acc: 0.9185
2026-09-06 00:06:46 [INFO] Epoch 027 | Train Loss: 0.6602 | Train Acc: 0.8563 | Val Loss: 0.1784 | Val Acc: 0.9333
2026-09-06 00:06:49 [INFO] Epoch 028 | Train Loss: 0.6395 | Train Acc: 0.8611 | Val Loss: 0.2014 | Val Acc: 0.9259
2026-09-06 00:06:54 [INFO] Epoch 029 | Train Loss: 0.6546 | Train Acc: 0.8675 | Val Loss: 0.2028 | Val Acc: 0.9333
2026-09-06 00:06:57 [INFO] Epoch 030 | Train Loss: 0.6379 | Train Acc: 0.8690 | Val Loss: 0.1606 | Val Acc: 0.9370
2026-09-06 00:06:59 [INFO] Epoch 031 | Train Loss: 0.6197 | Train Acc: 0.8730 | Val Loss: 0.1395 | Val Acc: 0.9481
2026-09-06 00:06:59 [INFO] ✓ Saved best model: Val Acc=0.9481 at epoch 31
2026-09-06 00:07:02 [INFO] Epoch 032 | Train Loss: 0.6110 | Train Acc: 0.8746 | Val Loss: 0.1386 | Val Acc: 0.9444
2026-09-06 00:07:06 [INFO] Epoch 033 | Train Loss: 0.5969 | Train Acc: 0.8810 | Val Loss: 0.1892 | Val Acc: 0.9333
2026-09-06 00:07:11 [INFO] Epoch 034 | Train Loss: 0.6341 | Train Acc: 0.8627 | Val Loss: 0.1465 | Val Acc: 0.9519
2026-09-06 00:07:11 [INFO] ✓ Saved best model: Val Acc=0.9519 at epoch 34
2026-09-06 00:07:13 [INFO] Epoch 035 | Train Loss: 0.6501 | Train Acc: 0.8714 | Val Loss: 0.1114 | Val Acc: 0.9630
2026-09-06 00:07:13 [INFO] ✓ Saved best model: Val Acc=0.9630 at epoch 35
2026-09-06 00:07:16 [INFO] Epoch 036 | Train Loss: 0.5590 | Train Acc: 0.8929 | Val Loss: 0.1374 | Val Acc: 0.9481
2026-09-06 00:07:19 [INFO] Epoch 037 | Train Loss: 0.5567 | Train Acc: 0.8833 | Val Loss: 0.1727 | Val Acc: 0.9259
2026-09-06 00:07:24 [INFO] Epoch 038 | Train Loss: 0.5395 | Train Acc: 0.8841 | Val Loss: 0.1136 | Val Acc: 0.9519
2026-09-06 00:07:27 [INFO] Epoch 039 | Train Loss: 0.5246 | Train Acc: 0.8905 | Val Loss: 0.1012 | Val Acc: 0.9704
2026-09-06 00:07:27 [INFO] ✓ Saved best model: Val Acc=0.9704 at epoch 39
2026-09-06 00:07:30 [INFO] Epoch 040 | Train Loss: 0.5264 | Train Acc: 0.8944 | Val Loss: 0.1321 | Val Acc: 0.9519
2026-09-06 00:07:33 [INFO] Epoch 041 | Train Loss: 0.5052 | Train Acc: 0.8968 | Val Loss: 0.1426 | Val Acc: 0.9407
2026-09-06 00:07:38 [INFO] Epoch 042 | Train Loss: 0.4866 | Train Acc: 0.9008 | Val Loss: 0.0987 | Val Acc: 0.9556
2026-09-06 00:07:41 [INFO] Epoch 043 | Train Loss: 0.4416 | Train Acc: 0.9087 | Val Loss: 0.1257 | Val Acc: 0.9444
2026-09-06 00:07:44 [INFO] Epoch 044 | Train Loss: 0.5194 | Train Acc: 0.8881 | Val Loss: 0.1023 | Val Acc: 0.9593
2026-09-06 00:07:46 [INFO] Epoch 045 | Train Loss: 0.4734 | Train Acc: 0.9016 | Val Loss: 0.0913 | Val Acc: 0.9630
2026-09-06 00:07:49 [INFO] Epoch 046 | Train Loss: 0.4564 | Train Acc: 0.9079 | Val Loss: 0.0786 | Val Acc: 0.9741
2026-09-06 00:07:50 [INFO] ✓ Saved best model: Val Acc=0.9741 at epoch 46
2026-09-06 00:07:55 [INFO] Epoch 047 | Train Loss: 0.5014 | Train Acc: 0.8968 | Val Loss: 0.1075 | Val Acc: 0.9519
2026-09-06 00:07:57 [INFO] Epoch 048 | Train Loss: 0.4972 | Train Acc: 0.8960 | Val Loss: 0.1233 | Val Acc: 0.9370
2026-09-06 00:08:00 [INFO] Epoch 049 | Train Loss: 0.4929 | Train Acc: 0.8976 | Val Loss: 0.1027 | Val Acc: 0.9593
2026-09-06 00:08:03 [INFO] Epoch 050 | Train Loss: 0.4347 | Train Acc: 0.9111 | Val Loss: 0.0995 | Val Acc: 0.9593
2026-09-06 00:08:08 [INFO] Epoch 051 | Train Loss: 0.4410 | Train Acc: 0.9032 | Val Loss: 0.0880 | Val Acc: 0.9593
2026-09-06 00:08:11 [INFO] Epoch 052 | Train Loss: 0.4522 | Train Acc: 0.9087 | Val Loss: 0.0967 | Val Acc: 0.9481
2026-09-06 00:08:14 [INFO] Epoch 053 | Train Loss: 0.4210 | Train Acc: 0.9183 | Val Loss: 0.0615 | Val Acc: 0.9778
2026-09-06 00:08:14 [INFO] ✓ Saved best model: Val Acc=0.9778 at epoch 53
2026-09-06 00:08:16 [INFO] Epoch 054 | Train Loss: 0.4558 | Train Acc: 0.9127 | Val Loss: 0.0809 | Val Acc: 0.9741
2026-09-06 00:08:19 [INFO] Epoch 055 | Train Loss: 0.3933 | Train Acc: 0.9190 | Val Loss: 0.0633 | Val Acc: 0.9741
2026-09-06 00:08:24 [INFO] Epoch 056 | Train Loss: 0.3836 | Train Acc: 0.9198 | Val Loss: 0.0593 | Val Acc: 0.9815
2026-09-06 00:08:24 [INFO] ✓ Saved best model: Val Acc=0.9815 at epoch 56
2026-09-06 00:08:27 [INFO] Epoch 057 | Train Loss: 0.3897 | Train Acc: 0.9214 | Val Loss: 0.0696 | Val Acc: 0.9741
2026-09-06 00:08:30 [INFO] Epoch 058 | Train Loss: 0.3984 | Train Acc: 0.9206 | Val Loss: 0.0637 | Val Acc: 0.9778
2026-09-06 00:08:33 [INFO] Epoch 059 | Train Loss: 0.3775 | Train Acc: 0.9206 | Val Loss: 0.0825 | Val Acc: 0.9704
2026-09-06 00:08:38 [INFO] Epoch 060 | Train Loss: 0.3892 | Train Acc: 0.9198 | Val Loss: 0.0655 | Val Acc: 0.9778
2026-09-06 00:08:41 [INFO] Epoch 061 | Train Loss: 0.3805 | Train Acc: 0.9278 | Val Loss: 0.0582 | Val Acc: 0.9704
2026-09-06 00:08:44 [INFO] Epoch 062 | Train Loss: 0.3657 | Train Acc: 0.9294 | Val Loss: 0.0632 | Val Acc: 0.9741
2026-09-06 00:08:46 [INFO] Epoch 063 | Train Loss: 0.3585 | Train Acc: 0.9214 | Val Loss: 0.0579 | Val Acc: 0.9778
2026-09-06 00:08:49 [INFO] Epoch 064 | Train Loss: 0.3856 | Train Acc: 0.9214 | Val Loss: 0.0600 | Val Acc: 0.9741
2026-09-06 00:08:55 [INFO] Epoch 065 | Train Loss: 0.3387 | Train Acc: 0.9310 | Val Loss: 0.0577 | Val Acc: 0.9778
2026-09-06 00:08:57 [INFO] Epoch 066 | Train Loss: 0.3643 | Train Acc: 0.9262 | Val Loss: 0.0833 | Val Acc: 0.9630
2026-09-06 00:09:00 [INFO] Epoch 067 | Train Loss: 0.3085 | Train Acc: 0.9429 | Val Loss: 0.0665 | Val Acc: 0.9741
2026-09-06 00:09:03 [INFO] Epoch 068 | Train Loss: 0.3304 | Train Acc: 0.9341 | Val Loss: 0.0569 | Val Acc: 0.9815
2026-09-06 00:09:08 [INFO] Epoch 069 | Train Loss: 0.3373 | Train Acc: 0.9341 | Val Loss: 0.0856 | Val Acc: 0.9630
2026-09-06 00:09:12 [INFO] Epoch 070 | Train Loss: 0.3436 | Train Acc: 0.9325 | Val Loss: 0.0917 | Val Acc: 0.9593
2026-09-06 00:09:18 [INFO] Epoch 071 | Train Loss: 0.3453 | Train Acc: 0.9325 | Val Loss: 0.0731 | Val Acc: 0.9704
2026-09-06 00:09:21 [INFO] Epoch 072 | Train Loss: 0.3420 | Train Acc: 0.9333 | Val Loss: 0.0616 | Val Acc: 0.9741
2026-09-06 00:09:24 [INFO] Epoch 073 | Train Loss: 0.3678 | Train Acc: 0.9317 | Val Loss: 0.0605 | Val Acc: 0.9704
2026-09-06 00:09:26 [INFO] Epoch 074 | Train Loss: 0.2800 | Train Acc: 0.9444 | Val Loss: 0.0554 | Val Acc: 0.9667
2026-09-06 00:09:31 [INFO] Epoch 075 | Train Loss: 0.2954 | Train Acc: 0.9413 | Val Loss: 0.0580 | Val Acc: 0.9704
2026-09-06 00:09:35 [INFO] Epoch 076 | Train Loss: 0.2609 | Train Acc: 0.9500 | Val Loss: 0.0603 | Val Acc: 0.9741
2026-09-06 00:09:38 [INFO] Epoch 077 | Train Loss: 0.3342 | Train Acc: 0.9349 | Val Loss: 0.0405 | Val Acc: 0.9852
2026-09-06 00:09:38 [INFO] ✓ Saved best model: Val Acc=0.9852 at epoch 77
2026-09-06 00:09:40 [INFO] Epoch 078 | Train Loss: 0.3317 | Train Acc: 0.9333 | Val Loss: 0.0535 | Val Acc: 0.9778
2026-09-06 00:09:44 [INFO] Epoch 079 | Train Loss: 0.2879 | Train Acc: 0.9429 | Val Loss: 0.0524 | Val Acc: 0.9889
2026-09-06 00:09:44 [INFO] ✓ Saved best model: Val Acc=0.9889 at epoch 79
2026-09-06 00:09:49 [INFO] Epoch 080 | Train Loss: 0.3141 | Train Acc: 0.9444 | Val Loss: 0.0590 | Val Acc: 0.9741
2026-09-06 00:09:51 [INFO] Epoch 081 | Train Loss: 0.3143 | Train Acc: 0.9389 | Val Loss: 0.0527 | Val Acc: 0.9778
2026-09-06 00:09:54 [INFO] Epoch 082 | Train Loss: 0.2953 | Train Acc: 0.9437 | Val Loss: 0.0643 | Val Acc: 0.9704
2026-09-06 00:09:57 [INFO] Epoch 083 | Train Loss: 0.3005 | Train Acc: 0.9437 | Val Loss: 0.0610 | Val Acc: 0.9667
2026-09-06 00:10:03 [INFO] Epoch 084 | Train Loss: 0.3058 | Train Acc: 0.9444 | Val Loss: 0.0506 | Val Acc: 0.9815
2026-09-06 00:10:06 [INFO] Epoch 085 | Train Loss: 0.2956 | Train Acc: 0.9413 | Val Loss: 0.0489 | Val Acc: 0.9852
2026-09-06 00:10:10 [INFO] Epoch 086 | Train Loss: 0.3381 | Train Acc: 0.9373 | Val Loss: 0.0588 | Val Acc: 0.9815
2026-09-06 00:10:13 [INFO] Epoch 087 | Train Loss: 0.2622 | Train Acc: 0.9508 | Val Loss: 0.0544 | Val Acc: 0.9778
2026-09-06 00:10:18 [INFO] Epoch 088 | Train Loss: 0.3016 | Train Acc: 0.9373 | Val Loss: 0.0526 | Val Acc: 0.9741
2026-09-06 00:10:21 [INFO] Epoch 089 | Train Loss: 0.2891 | Train Acc: 0.9492 | Val Loss: 0.0540 | Val Acc: 0.9778
2026-09-06 00:10:24 [INFO] Epoch 090 | Train Loss: 0.2900 | Train Acc: 0.9444 | Val Loss: 0.0536 | Val Acc: 0.9741
2026-09-06 00:10:27 [INFO] Epoch 091 | Train Loss: 0.3373 | Train Acc: 0.9349 | Val Loss: 0.0630 | Val Acc: 0.9704
2026-09-06 00:10:33 [INFO] Epoch 092 | Train Loss: 0.3036 | Train Acc: 0.9389 | Val Loss: 0.0500 | Val Acc: 0.9741
2026-09-06 00:10:35 [INFO] Epoch 093 | Train Loss: 0.2753 | Train Acc: 0.9524 | Val Loss: 0.0506 | Val Acc: 0.9778
2026-09-06 00:10:38 [INFO] Epoch 094 | Train Loss: 0.2761 | Train Acc: 0.9508 | Val Loss: 0.0529 | Val Acc: 0.9815
2026-09-06 00:10:41 [INFO] Epoch 095 | Train Loss: 0.3115 | Train Acc: 0.9365 | Val Loss: 0.0551 | Val Acc: 0.9741
2026-09-06 00:10:44 [INFO] Epoch 096 | Train Loss: 0.2790 | Train Acc: 0.9397 | Val Loss: 0.0524 | Val Acc: 0.9778
2026-09-06 00:10:49 [INFO] Epoch 097 | Train Loss: 0.2786 | Train Acc: 0.9437 | Val Loss: 0.0543 | Val Acc: 0.9741
2026-09-06 00:10:53 [INFO] Epoch 098 | Train Loss: 0.2383 | Train Acc: 0.9595 | Val Loss: 0.0578 | Val Acc: 0.9741
2026-09-06 00:10:59 [INFO] Epoch 099 | Train Loss: 0.2634 | Train Acc: 0.9548 | Val Loss: 0.0502 | Val Acc: 0.9778
2026-09-06 00:10:59 [INFO] Evaluating Best Model on TEST Set...
2026-09-06 00:10:59 [INFO] 
[RESUME] Đang nạp checkpoint từ: /home/biu-linux/DeepLearning_Projects/DoAnNganh/HybricMamba/Ressult/TFJ/LIGHT_HYBRIC_MAMBA/NEU-DET_surface-dec/LIGHT_HYBRIC_MAMBA_best.pth
2026-09-06 00:11:00 [INFO] 🎯 [TEST RESULT] Test Acc: 0.9593 | F1-Macro: 0.9590 | F1-Weighted: 0.9590
2026-09-07 20:56:55 [INFO] Dataset: NEU-DET_surface-dec | Số nhãn (classes): 6 | Tổng số ảnh: 1800
2026-09-07 20:56:55 [INFO] Dữ liệu đã chia -> Train (70%): 990 | Val (15%): 486 | Test (15%): 324
2026-09-07 20:56:55 [INFO] 
🔍 Kiểm tra phân bố class trong batch:
2026-09-07 20:56:55 [INFO]   Batch 0: 6 classes (first 5: [0, 1, 2, 3, 4])
2026-09-07 20:56:55 [INFO]   Batch 1: 6 classes (first 5: [0, 1, 2, 3, 4])
2026-09-07 20:56:55 [INFO]   Batch 2: 6 classes (first 5: [0, 1, 2, 3, 4])
2026-09-07 20:56:55 [INFO]   Batch 3: 6 classes (first 5: [0, 1, 2, 3, 4])
2026-09-07 20:56:55 [INFO]   Batch 4: 6 classes (first 5: [0, 1, 2, 3, 4])
2026-09-07 20:56:56 [WARNING] ⚠️ WARNING: Trung bình 6.0 classes/batch - Dữ liệu chưa được trộn đều!
2026-09-07 20:56:56 [INFO] ============================================================
2026-09-07 20:56:56 [INFO] Starting training: LIGHT_HYBRIC_MAMBA
2026-09-07 20:56:56 [INFO] Dataset: NEU-DET_surface-dec | Path: /home/biu-linux/DeepLearning_Projects/DoAnNganh/data/NEU-DET
2026-09-07 20:56:56 [INFO] Device: cuda
2026-09-07 20:56:56 [INFO] GPU: NVIDIA GeForce RTX 3050 Laptop GPU
2026-09-07 20:56:56 [INFO] ============================================================
2026-09-07 20:57:00 [INFO] Epoch 000 | Train Loss: 2.8302 | Train Acc: 0.2323 | Val Loss: 1.7187 | Val Acc: 0.2407
2026-09-07 20:57:00 [INFO] ✓ Saved best model: Val Acc=0.2407 at epoch 0
2026-09-07 20:57:01 [INFO] Epoch 001 | Train Loss: 2.6348 | Train Acc: 0.4000 | Val Loss: 1.3819 | Val Acc: 0.5823
2026-09-07 20:57:01 [INFO] ✓ Saved best model: Val Acc=0.5823 at epoch 1
2026-09-07 20:57:02 [INFO] Epoch 002 | Train Loss: 2.3368 | Train Acc: 0.4747 | Val Loss: 1.0997 | Val Acc: 0.6543
2026-09-07 20:57:02 [INFO] ✓ Saved best model: Val Acc=0.6543 at epoch 2
2026-09-07 20:57:02 [INFO] Epoch 003 | Train Loss: 2.0711 | Train Acc: 0.5343 | Val Loss: 0.9387 | Val Acc: 0.7016
2026-09-07 20:57:02 [INFO] ✓ Saved best model: Val Acc=0.7016 at epoch 3
2026-09-07 20:57:03 [INFO] Epoch 004 | Train Loss: 1.9262 | Train Acc: 0.5657 | Val Loss: 0.7945 | Val Acc: 0.7346
2026-09-07 20:57:03 [INFO] ✓ Saved best model: Val Acc=0.7346 at epoch 4
2026-09-07 20:57:20 [INFO] Dataset: NEU-DET_surface-dec | Số nhãn (classes): 6 | Tổng số ảnh: 1800
2026-09-07 20:57:20 [INFO] Dữ liệu đã chia -> Train (70%): 990 | Val (15%): 486 | Test (15%): 324
2026-09-07 20:57:20 [INFO] 
🔍 Kiểm tra phân bố class trong batch:
2026-09-07 20:57:22 [INFO]   Batch 0: 4 classes (first 5: [0, 1, 4, 5])
2026-09-07 20:57:22 [INFO]   Batch 1: 5 classes (first 5: [0, 1, 2, 3, 5])
2026-09-07 20:57:22 [INFO]   Batch 2: 3 classes (first 5: [1, 4, 5])
2026-09-07 20:57:22 [INFO]   Batch 3: 5 classes (first 5: [0, 1, 2, 3, 4])
2026-09-07 20:57:22 [INFO]   Batch 4: 5 classes (first 5: [0, 2, 3, 4, 5])
2026-09-07 20:57:22 [WARNING] ⚠️ WARNING: Trung bình 4.4 classes/batch - Dữ liệu chưa được trộn đều!
2026-09-07 20:57:22 [INFO] ============================================================
2026-09-07 20:57:22 [INFO] Starting training: LIGHT_HYBRIC_MAMBA
2026-09-07 20:57:22 [INFO] Dataset: NEU-DET_surface-dec | Path: /home/biu-linux/DeepLearning_Projects/DoAnNganh/data/NEU-DET
2026-09-07 20:57:22 [INFO] Device: cuda
2026-09-07 20:57:22 [INFO] GPU: NVIDIA GeForce RTX 3050 Laptop GPU
2026-09-07 20:57:22 [INFO] ============================================================
2026-09-07 20:57:27 [INFO] Epoch 000 | Train Loss: 2.7495 | Train Acc: 0.3040 | Val Loss: 1.4733 | Val Acc: 0.4979
2026-09-07 20:57:27 [INFO] ✓ Saved best model: Val Acc=0.4979 at epoch 0
2026-09-07 20:57:29 [INFO] Epoch 001 | Train Loss: 2.4471 | Train Acc: 0.4323 | Val Loss: 1.1784 | Val Acc: 0.5947
2026-09-07 20:57:29 [INFO] ✓ Saved best model: Val Acc=0.5947 at epoch 1
2026-09-07 20:57:31 [INFO] Epoch 002 | Train Loss: 2.2174 | Train Acc: 0.4687 | Val Loss: 1.0845 | Val Acc: 0.6152
2026-09-07 20:57:31 [INFO] ✓ Saved best model: Val Acc=0.6152 at epoch 2
2026-09-07 20:57:34 [INFO] Epoch 003 | Train Loss: 2.0061 | Train Acc: 0.5253 | Val Loss: 0.7620 | Val Acc: 0.7428
2026-09-07 20:57:34 [INFO] ✓ Saved best model: Val Acc=0.7428 at epoch 3
2026-09-07 20:57:36 [INFO] Epoch 004 | Train Loss: 1.7147 | Train Acc: 0.6051 | Val Loss: 0.6409 | Val Acc: 0.7942
2026-09-07 20:57:36 [INFO] ✓ Saved best model: Val Acc=0.7942 at epoch 4
2026-09-07 20:57:38 [INFO] Epoch 005 | Train Loss: 1.6272 | Train Acc: 0.6202 | Val Loss: 0.5951 | Val Acc: 0.8025
2026-09-07 20:57:38 [INFO] ✓ Saved best model: Val Acc=0.8025 at epoch 5
2026-09-07 20:57:41 [INFO] Epoch 006 | Train Loss: 1.4868 | Train Acc: 0.6697 | Val Loss: 0.5164 | Val Acc: 0.8107
2026-09-07 20:57:41 [INFO] ✓ Saved best model: Val Acc=0.8107 at epoch 6
2026-09-07 20:57:43 [INFO] Epoch 007 | Train Loss: 1.3710 | Train Acc: 0.6758 | Val Loss: 0.4562 | Val Acc: 0.8230
2026-09-07 20:57:43 [INFO] ✓ Saved best model: Val Acc=0.8230 at epoch 7
2026-09-07 20:57:46 [INFO] Epoch 008 | Train Loss: 1.3187 | Train Acc: 0.6919 | Val Loss: 0.4112 | Val Acc: 0.8745
2026-09-07 20:57:46 [INFO] ✓ Saved best model: Val Acc=0.8745 at epoch 8
2026-09-07 20:57:48 [INFO] Epoch 009 | Train Loss: 1.2828 | Train Acc: 0.6939 | Val Loss: 0.4415 | Val Acc: 0.8313
2026-09-07 20:57:48 [INFO] Evaluating Best Model on TEST Set...
2026-09-07 20:57:48 [INFO] 
[RESUME] Đang nạp checkpoint từ: /home/biu-linux/DeepLearning_Projects/DoAnNganh/HybricMamba/Ressult/TFJ/LIGHT_HYBRIC_MAMBA/NEU-DET_surface-dec/LIGHT_HYBRIC_MAMBA_best.pth
2026-09-07 20:57:48 [INFO] 🎯 [TEST RESULT] Test Acc: 0.8488 | F1-Macro: 0.8485 | F1-Weighted: 0.8485
2026-09-07 20:59:38 [INFO] Dataset: NEU-DET_surface-dec | Số nhãn (classes): 6 | Tổng số ảnh: 1800
2026-09-07 20:59:38 [INFO] Dữ liệu đã chia -> Train (70%): 990 | Val (15%): 486 | Test (15%): 324
2026-09-07 20:59:38 [INFO] 
🔍 Kiểm tra phân bố class trong batch:
2026-09-07 20:59:40 [INFO]   Batch 0: 5 classes (first 5: [1, 2, 3, 4, 5])
2026-09-07 20:59:40 [INFO]   Batch 1: 4 classes (first 5: [1, 3, 4, 5])
2026-09-07 20:59:40 [INFO]   Batch 2: 5 classes (first 5: [1, 2, 3, 4, 5])
2026-09-07 20:59:40 [INFO]   Batch 3: 5 classes (first 5: [1, 2, 3, 4, 5])
2026-09-07 20:59:40 [INFO]   Batch 4: 5 classes (first 5: [1, 2, 3, 4, 5])
2026-09-07 20:59:40 [WARNING] ⚠️ WARNING: Trung bình 4.8 classes/batch - Dữ liệu chưa được trộn đều!
2026-09-07 20:59:40 [INFO] ============================================================
2026-09-07 20:59:40 [INFO] Starting training: LIGHT_HYBRIC_MAMBA
2026-09-07 20:59:40 [INFO] Dataset: NEU-DET_surface-dec | Path: /home/biu-linux/DeepLearning_Projects/DoAnNganh/data/NEU-DET
2026-09-07 20:59:40 [INFO] Device: cuda
2026-09-07 20:59:40 [INFO] GPU: NVIDIA GeForce RTX 3050 Laptop GPU
2026-09-07 20:59:40 [INFO] ============================================================
2026-09-07 20:59:45 [INFO] Epoch 000 | Train Loss: 2.7572 | Train Acc: 0.3061 | Val Loss: 1.5254 | Val Acc: 0.4815
2026-09-07 20:59:45 [INFO] ✓ Saved best model: Val Acc=0.4815 at epoch 0
2026-09-07 20:59:47 [INFO] Epoch 001 | Train Loss: 2.4374 | Train Acc: 0.4232 | Val Loss: 1.2089 | Val Acc: 0.6235
2026-09-07 20:59:47 [INFO] ✓ Saved best model: Val Acc=0.6235 at epoch 1
2026-09-07 20:59:49 [INFO] Epoch 002 | Train Loss: 2.1730 | Train Acc: 0.4808 | Val Loss: 1.0705 | Val Acc: 0.5700
2026-09-07 20:59:51 [INFO] Epoch 003 | Train Loss: 1.9472 | Train Acc: 0.5657 | Val Loss: 1.0076 | Val Acc: 0.6502
2026-09-07 20:59:52 [INFO] ✓ Saved best model: Val Acc=0.6502 at epoch 3
2026-09-07 20:59:54 [INFO] Epoch 004 | Train Loss: 1.7399 | Train Acc: 0.5939 | Val Loss: 0.9674 | Val Acc: 0.6276
2026-09-07 20:59:56 [INFO] Epoch 005 | Train Loss: 1.5697 | Train Acc: 0.6444 | Val Loss: 0.7466 | Val Acc: 0.7119
2026-09-07 20:59:56 [INFO] ✓ Saved best model: Val Acc=0.7119 at epoch 5
2026-09-07 20:59:58 [INFO] Epoch 006 | Train Loss: 1.4399 | Train Acc: 0.6707 | Val Loss: 0.5515 | Val Acc: 0.7819
2026-09-07 20:59:58 [INFO] ✓ Saved best model: Val Acc=0.7819 at epoch 6
2026-09-07 21:00:00 [INFO] Epoch 007 | Train Loss: 1.3582 | Train Acc: 0.6879 | Val Loss: 0.4988 | Val Acc: 0.8086
2026-09-07 21:00:00 [INFO] ✓ Saved best model: Val Acc=0.8086 at epoch 7
2026-09-07 21:00:02 [INFO] Epoch 008 | Train Loss: 1.2548 | Train Acc: 0.7061 | Val Loss: 0.5048 | Val Acc: 0.8272
2026-09-07 21:00:02 [INFO] ✓ Saved best model: Val Acc=0.8272 at epoch 8
2026-09-07 21:00:04 [INFO] Epoch 009 | Train Loss: 1.2116 | Train Acc: 0.7182 | Val Loss: 0.5378 | Val Acc: 0.7984
2026-09-07 21:00:06 [INFO] Epoch 010 | Train Loss: 1.2316 | Train Acc: 0.7081 | Val Loss: 0.6080 | Val Acc: 0.7551
2026-09-07 21:00:08 [INFO] Epoch 011 | Train Loss: 1.0834 | Train Acc: 0.7414 | Val Loss: 0.4500 | Val Acc: 0.8621
2026-09-07 21:00:08 [INFO] ✓ Saved best model: Val Acc=0.8621 at epoch 11
2026-09-07 21:00:10 [INFO] Epoch 012 | Train Loss: 1.1076 | Train Acc: 0.7404 | Val Loss: 0.4270 | Val Acc: 0.8560
2026-09-07 21:00:12 [INFO] Epoch 013 | Train Loss: 0.9834 | Train Acc: 0.7727 | Val Loss: 0.3956 | Val Acc: 0.8724
2026-09-07 21:00:12 [INFO] ✓ Saved best model: Val Acc=0.8724 at epoch 13
2026-09-07 21:00:14 [INFO] Epoch 014 | Train Loss: 1.0334 | Train Acc: 0.7646 | Val Loss: 0.3858 | Val Acc: 0.8457
2026-09-07 21:00:16 [INFO] Epoch 015 | Train Loss: 0.9685 | Train Acc: 0.7747 | Val Loss: 0.4104 | Val Acc: 0.8292
2026-09-07 21:00:18 [INFO] Epoch 016 | Train Loss: 0.9212 | Train Acc: 0.7909 | Val Loss: 0.5033 | Val Acc: 0.8251
2026-09-07 21:00:21 [INFO] Epoch 017 | Train Loss: 0.8289 | Train Acc: 0.8081 | Val Loss: 0.3101 | Val Acc: 0.9053
2026-09-07 21:00:21 [INFO] ✓ Saved best model: Val Acc=0.9053 at epoch 17
2026-09-07 21:00:23 [INFO] Epoch 018 | Train Loss: 0.9501 | Train Acc: 0.7919 | Val Loss: 0.3175 | Val Acc: 0.8992
2026-09-07 21:00:25 [INFO] Epoch 019 | Train Loss: 0.7812 | Train Acc: 0.8354 | Val Loss: 0.3104 | Val Acc: 0.8827
2026-09-07 21:00:27 [INFO] Epoch 020 | Train Loss: 0.8416 | Train Acc: 0.8111 | Val Loss: 0.3394 | Val Acc: 0.8663
2026-09-07 21:00:29 [INFO] Epoch 021 | Train Loss: 0.7946 | Train Acc: 0.8232 | Val Loss: 0.3274 | Val Acc: 0.8889
2026-09-07 21:00:31 [INFO] Epoch 022 | Train Loss: 0.8089 | Train Acc: 0.8242 | Val Loss: 0.3401 | Val Acc: 0.8704
2026-09-07 21:00:33 [INFO] Epoch 023 | Train Loss: 0.7105 | Train Acc: 0.8414 | Val Loss: 0.3499 | Val Acc: 0.8868
2026-09-07 21:00:35 [INFO] Epoch 024 | Train Loss: 0.7423 | Train Acc: 0.8455 | Val Loss: 0.2741 | Val Acc: 0.9074
2026-09-07 21:00:35 [INFO] ✓ Saved best model: Val Acc=0.9074 at epoch 24
2026-09-07 21:00:37 [INFO] Epoch 025 | Train Loss: 0.7252 | Train Acc: 0.8545 | Val Loss: 0.3763 | Val Acc: 0.8765
2026-09-07 21:00:39 [INFO] Epoch 026 | Train Loss: 0.6992 | Train Acc: 0.8495 | Val Loss: 0.2960 | Val Acc: 0.8909
2026-09-07 21:00:41 [INFO] Epoch 027 | Train Loss: 0.6097 | Train Acc: 0.8687 | Val Loss: 0.3034 | Val Acc: 0.8889
2026-09-07 21:00:43 [INFO] Epoch 028 | Train Loss: 0.6628 | Train Acc: 0.8576 | Val Loss: 0.2647 | Val Acc: 0.9156
2026-09-07 21:00:43 [INFO] ✓ Saved best model: Val Acc=0.9156 at epoch 28
2026-09-07 21:00:45 [INFO] Epoch 029 | Train Loss: 0.6779 | Train Acc: 0.8535 | Val Loss: 0.2884 | Val Acc: 0.9095
2026-09-07 21:00:47 [INFO] Epoch 030 | Train Loss: 0.5885 | Train Acc: 0.8707 | Val Loss: 0.3806 | Val Acc: 0.8724
2026-09-07 21:00:49 [INFO] Epoch 031 | Train Loss: 0.5307 | Train Acc: 0.8889 | Val Loss: 0.4219 | Val Acc: 0.8539
2026-09-07 21:00:52 [INFO] Epoch 032 | Train Loss: 0.5778 | Train Acc: 0.8838 | Val Loss: 0.2487 | Val Acc: 0.9095
2026-09-07 21:00:54 [INFO] Epoch 033 | Train Loss: 0.5412 | Train Acc: 0.8919 | Val Loss: 0.2922 | Val Acc: 0.9053
2026-09-07 21:00:56 [INFO] Epoch 034 | Train Loss: 0.5636 | Train Acc: 0.8889 | Val Loss: 0.3027 | Val Acc: 0.8930
2026-09-07 21:00:58 [INFO] Epoch 035 | Train Loss: 0.5602 | Train Acc: 0.8859 | Val Loss: 0.2949 | Val Acc: 0.8848
2026-09-07 21:01:00 [INFO] Epoch 036 | Train Loss: 0.4969 | Train Acc: 0.9071 | Val Loss: 0.5850 | Val Acc: 0.7963
2026-09-07 21:01:04 [INFO] Epoch 037 | Train Loss: 0.5002 | Train Acc: 0.8929 | Val Loss: 0.2961 | Val Acc: 0.8889
2026-09-07 21:01:07 [INFO] Epoch 038 | Train Loss: 0.5081 | Train Acc: 0.9091 | Val Loss: 0.2632 | Val Acc: 0.9012
2026-09-07 21:01:09 [INFO] Epoch 039 | Train Loss: 0.4548 | Train Acc: 0.9010 | Val Loss: 0.2823 | Val Acc: 0.8992
2026-09-07 21:01:11 [INFO] Epoch 040 | Train Loss: 0.5305 | Train Acc: 0.8889 | Val Loss: 0.2348 | Val Acc: 0.9156
2026-09-07 21:01:13 [INFO] Epoch 041 | Train Loss: 0.5087 | Train Acc: 0.8899 | Val Loss: 0.2998 | Val Acc: 0.8868
2026-09-07 21:01:15 [INFO] Epoch 042 | Train Loss: 0.4803 | Train Acc: 0.8970 | Val Loss: 0.2967 | Val Acc: 0.8827
2026-09-07 21:01:18 [INFO] Epoch 043 | Train Loss: 0.4794 | Train Acc: 0.8980 | Val Loss: 0.2497 | Val Acc: 0.9033
2026-09-07 21:01:20 [INFO] Epoch 044 | Train Loss: 0.4333 | Train Acc: 0.9111 | Val Loss: 0.2276 | Val Acc: 0.9198
2026-09-07 21:01:20 [INFO] ✓ Saved best model: Val Acc=0.9198 at epoch 44
2026-09-07 21:01:22 [INFO] Epoch 045 | Train Loss: 0.4707 | Train Acc: 0.9010 | Val Loss: 0.2210 | Val Acc: 0.9177
2026-09-07 21:01:24 [INFO] Epoch 046 | Train Loss: 0.4156 | Train Acc: 0.9152 | Val Loss: 0.2318 | Val Acc: 0.9033
2026-09-07 21:01:26 [INFO] Epoch 047 | Train Loss: 0.4365 | Train Acc: 0.9111 | Val Loss: 0.2138 | Val Acc: 0.9198
2026-09-07 21:01:28 [INFO] Epoch 048 | Train Loss: 0.3907 | Train Acc: 0.9212 | Val Loss: 0.2208 | Val Acc: 0.9218
2026-09-07 21:01:28 [INFO] ✓ Saved best model: Val Acc=0.9218 at epoch 48
2026-09-07 21:01:30 [INFO] Epoch 049 | Train Loss: 0.4221 | Train Acc: 0.9131 | Val Loss: 0.2462 | Val Acc: 0.9095
2026-09-07 21:01:32 [INFO] Epoch 050 | Train Loss: 0.3628 | Train Acc: 0.9303 | Val Loss: 0.2081 | Val Acc: 0.9259
2026-09-07 21:01:32 [INFO] ✓ Saved best model: Val Acc=0.9259 at epoch 50
2026-09-07 21:01:34 [INFO] Epoch 051 | Train Loss: 0.3681 | Train Acc: 0.9343 | Val Loss: 0.2548 | Val Acc: 0.9156
2026-09-07 21:01:36 [INFO] Epoch 052 | Train Loss: 0.3982 | Train Acc: 0.9101 | Val Loss: 0.2222 | Val Acc: 0.9198
2026-09-07 21:01:38 [INFO] Epoch 053 | Train Loss: 0.4396 | Train Acc: 0.9081 | Val Loss: 0.2742 | Val Acc: 0.8951
2026-09-07 21:01:41 [INFO] Epoch 054 | Train Loss: 0.3899 | Train Acc: 0.9212 | Val Loss: 0.2299 | Val Acc: 0.9177
2026-09-07 21:01:43 [INFO] Epoch 055 | Train Loss: 0.4273 | Train Acc: 0.9141 | Val Loss: 0.2328 | Val Acc: 0.9218
2026-09-07 21:01:45 [INFO] Epoch 056 | Train Loss: 0.3968 | Train Acc: 0.9172 | Val Loss: 0.2358 | Val Acc: 0.9156
2026-09-07 21:01:47 [INFO] Epoch 057 | Train Loss: 0.3768 | Train Acc: 0.9313 | Val Loss: 0.2038 | Val Acc: 0.9342
2026-09-07 21:01:47 [INFO] ✓ Saved best model: Val Acc=0.9342 at epoch 57
2026-09-07 21:01:49 [INFO] Epoch 058 | Train Loss: 0.3831 | Train Acc: 0.9253 | Val Loss: 0.2929 | Val Acc: 0.9053
2026-09-07 21:01:51 [INFO] Epoch 059 | Train Loss: 0.3643 | Train Acc: 0.9354 | Val Loss: 0.2583 | Val Acc: 0.9095
2026-09-07 21:01:53 [INFO] Epoch 060 | Train Loss: 0.3426 | Train Acc: 0.9323 | Val Loss: 0.2818 | Val Acc: 0.9033
2026-09-07 21:01:55 [INFO] Epoch 061 | Train Loss: 0.3110 | Train Acc: 0.9424 | Val Loss: 0.2272 | Val Acc: 0.9218
2026-09-07 21:01:57 [INFO] Epoch 062 | Train Loss: 0.3908 | Train Acc: 0.9212 | Val Loss: 0.2489 | Val Acc: 0.9095
2026-09-07 21:01:59 [INFO] Epoch 063 | Train Loss: 0.3220 | Train Acc: 0.9414 | Val Loss: 0.2268 | Val Acc: 0.9280
2026-09-07 21:02:02 [INFO] Epoch 064 | Train Loss: 0.3434 | Train Acc: 0.9323 | Val Loss: 0.2524 | Val Acc: 0.9033
2026-09-07 21:02:04 [INFO] Epoch 065 | Train Loss: 0.2998 | Train Acc: 0.9404 | Val Loss: 0.2302 | Val Acc: 0.9136
2026-09-07 21:02:06 [INFO] Epoch 066 | Train Loss: 0.3355 | Train Acc: 0.9343 | Val Loss: 0.2078 | Val Acc: 0.9198
2026-09-07 21:02:09 [INFO] Epoch 067 | Train Loss: 0.3249 | Train Acc: 0.9283 | Val Loss: 0.2408 | Val Acc: 0.9115
2026-09-07 21:02:11 [INFO] Epoch 068 | Train Loss: 0.3031 | Train Acc: 0.9343 | Val Loss: 0.2340 | Val Acc: 0.9115
2026-09-07 21:02:13 [INFO] Epoch 069 | Train Loss: 0.3505 | Train Acc: 0.9343 | Val Loss: 0.2064 | Val Acc: 0.9259
2026-09-07 21:02:16 [INFO] Epoch 070 | Train Loss: 0.3662 | Train Acc: 0.9323 | Val Loss: 0.2060 | Val Acc: 0.9218
2026-09-07 21:02:18 [INFO] Epoch 071 | Train Loss: 0.3509 | Train Acc: 0.9364 | Val Loss: 0.2157 | Val Acc: 0.9177
2026-09-07 21:02:20 [INFO] Epoch 072 | Train Loss: 0.3338 | Train Acc: 0.9364 | Val Loss: 0.1975 | Val Acc: 0.9239
2026-09-07 21:02:22 [INFO] Epoch 073 | Train Loss: 0.3613 | Train Acc: 0.9323 | Val Loss: 0.2125 | Val Acc: 0.9259
2026-09-07 21:02:25 [INFO] Epoch 074 | Train Loss: 0.3382 | Train Acc: 0.9323 | Val Loss: 0.2137 | Val Acc: 0.9177
2026-09-07 21:02:27 [INFO] Epoch 075 | Train Loss: 0.3840 | Train Acc: 0.9182 | Val Loss: 0.2241 | Val Acc: 0.9156
2026-09-07 21:02:29 [INFO] Epoch 076 | Train Loss: 0.3160 | Train Acc: 0.9374 | Val Loss: 0.2531 | Val Acc: 0.9095
2026-09-07 21:02:31 [INFO] Epoch 077 | Train Loss: 0.2941 | Train Acc: 0.9414 | Val Loss: 0.2298 | Val Acc: 0.9156
2026-09-07 21:02:34 [INFO] Epoch 078 | Train Loss: 0.3156 | Train Acc: 0.9434 | Val Loss: 0.1905 | Val Acc: 0.9342
2026-09-07 21:02:36 [INFO] Epoch 079 | Train Loss: 0.3434 | Train Acc: 0.9333 | Val Loss: 0.1970 | Val Acc: 0.9280
2026-09-07 21:02:38 [INFO] Epoch 080 | Train Loss: 0.3066 | Train Acc: 0.9404 | Val Loss: 0.2140 | Val Acc: 0.9156
2026-09-07 21:02:40 [INFO] Epoch 081 | Train Loss: 0.3027 | Train Acc: 0.9364 | Val Loss: 0.2240 | Val Acc: 0.9115
2026-09-07 21:02:42 [INFO] Epoch 082 | Train Loss: 0.3063 | Train Acc: 0.9404 | Val Loss: 0.2090 | Val Acc: 0.9239
2026-09-07 21:02:44 [INFO] Epoch 083 | Train Loss: 0.3141 | Train Acc: 0.9384 | Val Loss: 0.2551 | Val Acc: 0.9095
2026-09-07 21:02:46 [INFO] Epoch 084 | Train Loss: 0.3426 | Train Acc: 0.9323 | Val Loss: 0.2253 | Val Acc: 0.9156
2026-09-07 21:02:48 [INFO] Epoch 085 | Train Loss: 0.3164 | Train Acc: 0.9364 | Val Loss: 0.2086 | Val Acc: 0.9198
2026-09-07 21:02:51 [INFO] Epoch 086 | Train Loss: 0.2971 | Train Acc: 0.9414 | Val Loss: 0.2324 | Val Acc: 0.9136
2026-09-07 21:02:53 [INFO] Epoch 087 | Train Loss: 0.3610 | Train Acc: 0.9202 | Val Loss: 0.2108 | Val Acc: 0.9280
2026-09-07 21:02:53 [INFO] ⏹ Early stopping tại epoch 87 (không cải thiện sau 30 epoch, best=0.9342)
2026-09-07 21:02:53 [INFO] Evaluating Best Model on TEST Set...
2026-09-07 21:02:53 [INFO] 
[RESUME] Đang nạp checkpoint từ: /home/biu-linux/DeepLearning_Projects/DoAnNganh/HybricMamba/Ressult/TFJ/LIGHT_HYBRIC_MAMBA/NEU-DET_surface-dec/LIGHT_HYBRIC_MAMBA_best.pth
2026-09-07 21:02:53 [INFO] 🎯 [TEST RESULT] Test Acc: 0.9599 | F1-Macro: 0.9595 | F1-Weighted: 0.9595
2026-09-07 21:07:43 [INFO] Dataset: NEU-DET_surface-dec | Số nhãn (classes): 6 | Tổng số ảnh: 1800
2026-09-07 21:07:43 [INFO] Dữ liệu đã chia -> Train (70%): 990 | Val (15%): 486 | Test (15%): 324
2026-09-07 21:07:43 [INFO] 
🔍 Kiểm tra phân bố class trong batch:
2026-09-07 21:07:45 [INFO]   Batch 0: 4 classes (first 5: [0, 1, 2, 4])
2026-09-07 21:07:45 [INFO]   Batch 1: 3 classes (first 5: [0, 1, 3])
2026-09-07 21:07:45 [INFO]   Batch 2: 5 classes (first 5: [0, 1, 2, 3, 4])
2026-09-07 21:07:45 [INFO]   Batch 3: 5 classes (first 5: [0, 1, 2, 4, 5])
2026-09-07 21:07:45 [INFO]   Batch 4: 5 classes (first 5: [1, 2, 3, 4, 5])
2026-09-07 21:07:45 [WARNING] ⚠️ WARNING: Trung bình 4.4 classes/batch - Dữ liệu chưa được trộn đều!
2026-09-07 21:07:45 [INFO] ============================================================
2026-09-07 21:07:45 [INFO] Starting training: LIGHT_HYBRIC_MAMBA
2026-09-07 21:07:45 [INFO] Dataset: NEU-DET_surface-dec | Path: /home/biu-linux/DeepLearning_Projects/DoAnNganh/data/NEU-DET
2026-09-07 21:07:45 [INFO] Device: cuda
2026-09-07 21:07:45 [INFO] GPU: NVIDIA GeForce RTX 3050 Laptop GPU
2026-09-07 21:07:45 [INFO] ============================================================
2026-09-07 21:07:45 [INFO] 
[RESUME] Đang nạp checkpoint từ: /home/biu-linux/DeepLearning_Projects/DoAnNganh/HybricMamba/Ressult/TFJ/LIGHT_HYBRIC_MAMBA/NEU-DET_surface-dec/LIGHT_HYBRIC_MAMBA_best.pth
2026-09-07 21:07:50 [INFO] Epoch 058 | Train Loss: 0.4165 | Train Acc: 0.9232 | Val Loss: 0.2385 | Val Acc: 0.9239
2026-09-07 21:07:52 [INFO] Epoch 059 | Train Loss: 0.3777 | Train Acc: 0.9222 | Val Loss: 0.2061 | Val Acc: 0.9218
2026-09-07 21:07:54 [INFO] Epoch 060 | Train Loss: 0.4706 | Train Acc: 0.9000 | Val Loss: 0.1637 | Val Acc: 0.9465
2026-09-07 21:07:54 [INFO] ✓ Saved best model: Val Acc=0.9465 at epoch 60
2026-09-07 21:07:57 [INFO] Epoch 061 | Train Loss: 0.4568 | Train Acc: 0.9111 | Val Loss: 0.2401 | Val Acc: 0.9177
2026-09-07 21:07:59 [INFO] Epoch 062 | Train Loss: 0.4477 | Train Acc: 0.9111 | Val Loss: 0.2435 | Val Acc: 0.9177
2026-09-07 21:08:01 [INFO] Epoch 063 | Train Loss: 0.4188 | Train Acc: 0.9172 | Val Loss: 0.1961 | Val Acc: 0.9342
2026-09-07 21:08:04 [INFO] Epoch 064 | Train Loss: 0.3516 | Train Acc: 0.9222 | Val Loss: 0.2486 | Val Acc: 0.9239
2026-09-07 21:08:06 [INFO] Epoch 065 | Train Loss: 0.4302 | Train Acc: 0.9162 | Val Loss: 0.2346 | Val Acc: 0.9280
2026-09-07 21:08:09 [INFO] Epoch 066 | Train Loss: 0.3207 | Train Acc: 0.9323 | Val Loss: 0.1924 | Val Acc: 0.9465
2026-09-07 21:08:11 [INFO] Epoch 067 | Train Loss: 0.3674 | Train Acc: 0.9313 | Val Loss: 0.2099 | Val Acc: 0.9362
2026-09-07 21:08:13 [INFO] Epoch 068 | Train Loss: 0.3812 | Train Acc: 0.9253 | Val Loss: 0.2177 | Val Acc: 0.9342
2026-09-07 21:08:16 [INFO] Epoch 069 | Train Loss: 0.3297 | Train Acc: 0.9333 | Val Loss: 0.1614 | Val Acc: 0.9444
2026-09-07 21:08:18 [INFO] Epoch 070 | Train Loss: 0.3882 | Train Acc: 0.9232 | Val Loss: 0.2286 | Val Acc: 0.9239
2026-09-07 21:08:20 [INFO] Epoch 071 | Train Loss: 0.3728 | Train Acc: 0.9303 | Val Loss: 0.1872 | Val Acc: 0.9424
2026-09-07 21:08:23 [INFO] Epoch 072 | Train Loss: 0.3611 | Train Acc: 0.9263 | Val Loss: 0.2253 | Val Acc: 0.9239
2026-09-07 21:08:25 [INFO] Epoch 073 | Train Loss: 0.4288 | Train Acc: 0.9152 | Val Loss: 0.1675 | Val Acc: 0.9486
2026-09-07 21:08:25 [INFO] ✓ Saved best model: Val Acc=0.9486 at epoch 73
2026-09-07 21:08:27 [INFO] Epoch 074 | Train Loss: 0.3433 | Train Acc: 0.9303 | Val Loss: 0.1718 | Val Acc: 0.9506
2026-09-07 21:08:27 [INFO] ✓ Saved best model: Val Acc=0.9506 at epoch 74
2026-09-07 21:08:30 [INFO] Epoch 075 | Train Loss: 0.3266 | Train Acc: 0.9263 | Val Loss: 0.1805 | Val Acc: 0.9527
2026-09-07 21:08:30 [INFO] ✓ Saved best model: Val Acc=0.9527 at epoch 75
2026-09-07 21:08:32 [INFO] Epoch 076 | Train Loss: 0.3731 | Train Acc: 0.9303 | Val Loss: 0.1997 | Val Acc: 0.9321
2026-09-07 21:08:35 [INFO] Epoch 077 | Train Loss: 0.3050 | Train Acc: 0.9434 | Val Loss: 0.1810 | Val Acc: 0.9362
2026-09-07 21:08:37 [INFO] Epoch 078 | Train Loss: 0.3167 | Train Acc: 0.9364 | Val Loss: 0.1748 | Val Acc: 0.9506
2026-09-07 21:08:39 [INFO] Epoch 079 | Train Loss: 0.3549 | Train Acc: 0.9293 | Val Loss: 0.1856 | Val Acc: 0.9486
2026-09-07 21:08:42 [INFO] Epoch 080 | Train Loss: 0.2929 | Train Acc: 0.9364 | Val Loss: 0.1602 | Val Acc: 0.9486
2026-09-07 21:08:44 [INFO] Epoch 081 | Train Loss: 0.3318 | Train Acc: 0.9374 | Val Loss: 0.1792 | Val Acc: 0.9465
2026-09-07 21:08:46 [INFO] Epoch 082 | Train Loss: 0.3214 | Train Acc: 0.9333 | Val Loss: 0.1871 | Val Acc: 0.9424
2026-09-07 21:08:49 [INFO] Epoch 083 | Train Loss: 0.3337 | Train Acc: 0.9222 | Val Loss: 0.1834 | Val Acc: 0.9444
2026-09-07 21:08:51 [INFO] Epoch 084 | Train Loss: 0.2958 | Train Acc: 0.9374 | Val Loss: 0.1985 | Val Acc: 0.9444
2026-09-07 21:08:54 [INFO] Epoch 085 | Train Loss: 0.3085 | Train Acc: 0.9384 | Val Loss: 0.1878 | Val Acc: 0.9424
2026-09-07 21:08:56 [INFO] Epoch 086 | Train Loss: 0.3594 | Train Acc: 0.9242 | Val Loss: 0.1846 | Val Acc: 0.9506
2026-09-07 21:08:58 [INFO] Epoch 087 | Train Loss: 0.3220 | Train Acc: 0.9354 | Val Loss: 0.1753 | Val Acc: 0.9527
2026-09-07 21:09:01 [INFO] Epoch 088 | Train Loss: 0.3281 | Train Acc: 0.9414 | Val Loss: 0.1749 | Val Acc: 0.9506
2026-09-07 21:09:54 [INFO] Dataset: NEU-DET_surface-dec | Số nhãn (classes): 6 | Tổng số ảnh: 1800
2026-09-07 21:09:54 [INFO] Dữ liệu đã chia -> Train (70%): 990 | Val (15%): 486 | Test (15%): 324
2026-09-07 21:09:54 [INFO] 
🔍 Kiểm tra phân bố class trong batch:
2026-09-07 21:09:56 [INFO]   Batch 0: 4 classes (first 5: [0, 2, 3, 4])
2026-09-07 21:09:56 [INFO]   Batch 1: 5 classes (first 5: [0, 1, 3, 4, 5])
2026-09-07 21:09:56 [INFO]   Batch 2: 4 classes (first 5: [0, 1, 3, 5])
2026-09-07 21:09:56 [INFO]   Batch 3: 4 classes (first 5: [0, 1, 2, 5])
2026-09-07 21:09:56 [INFO]   Batch 4: 5 classes (first 5: [0, 1, 2, 3, 4])
2026-09-07 21:09:56 [WARNING] ⚠️ WARNING: Trung bình 4.4 classes/batch - Dữ liệu chưa được trộn đều!
2026-09-07 21:09:56 [INFO] ============================================================
2026-09-07 21:09:56 [INFO] Starting training: LIGHT_HYBRIC_MAMBA
2026-09-07 21:09:56 [INFO] Dataset: NEU-DET_surface-dec | Path: /home/biu-linux/DeepLearning_Projects/DoAnNganh/data/NEU-DET
2026-09-07 21:09:56 [INFO] Device: cuda
2026-09-07 21:09:56 [INFO] GPU: NVIDIA GeForce RTX 3050 Laptop GPU
2026-09-07 21:09:56 [INFO] ============================================================
2026-09-07 21:10:01 [INFO] Epoch 000 | Train Loss: 2.7439 | Train Acc: 0.2788 | Val Loss: 1.5314 | Val Acc: 0.4465
2026-09-07 21:10:01 [INFO] ✓ Saved best model: Val Acc=0.4465 at epoch 0
2026-09-07 21:10:03 [INFO] Epoch 001 | Train Loss: 2.4591 | Train Acc: 0.4091 | Val Loss: 1.2485 | Val Acc: 0.5823
2026-09-07 21:10:03 [INFO] ✓ Saved best model: Val Acc=0.5823 at epoch 1
2026-09-07 21:10:05 [INFO] Epoch 002 | Train Loss: 2.2172 | Train Acc: 0.4768 | Val Loss: 1.0597 | Val Acc: 0.6461
2026-09-07 21:10:05 [INFO] ✓ Saved best model: Val Acc=0.6461 at epoch 2
2026-09-07 21:10:08 [INFO] Epoch 003 | Train Loss: 2.0653 | Train Acc: 0.5071 | Val Loss: 0.8995 | Val Acc: 0.6543
2026-09-07 21:10:08 [INFO] ✓ Saved best model: Val Acc=0.6543 at epoch 3
2026-09-07 21:10:10 [INFO] Epoch 004 | Train Loss: 1.8478 | Train Acc: 0.5697 | Val Loss: 0.8056 | Val Acc: 0.7243
2026-09-07 21:10:10 [INFO] ✓ Saved best model: Val Acc=0.7243 at epoch 4
2026-09-07 21:10:12 [INFO] Epoch 005 | Train Loss: 1.8196 | Train Acc: 0.5818 | Val Loss: 0.6703 | Val Acc: 0.7819
2026-09-07 21:10:12 [INFO] ✓ Saved best model: Val Acc=0.7819 at epoch 5
2026-09-07 21:10:14 [INFO] Epoch 006 | Train Loss: 1.6779 | Train Acc: 0.6333 | Val Loss: 0.7038 | Val Acc: 0.7490
2026-09-07 21:10:16 [INFO] Epoch 007 | Train Loss: 1.5390 | Train Acc: 0.6646 | Val Loss: 0.6706 | Val Acc: 0.7695
2026-09-07 21:10:19 [INFO] Epoch 008 | Train Loss: 1.5736 | Train Acc: 0.6576 | Val Loss: 0.5273 | Val Acc: 0.8477
2026-09-07 21:10:19 [INFO] ✓ Saved best model: Val Acc=0.8477 at epoch 8
2026-09-07 21:10:21 [INFO] Epoch 009 | Train Loss: 1.4315 | Train Acc: 0.6788 | Val Loss: 0.4827 | Val Acc: 0.8416
2026-09-07 21:10:23 [INFO] Epoch 010 | Train Loss: 1.3680 | Train Acc: 0.7242 | Val Loss: 0.4538 | Val Acc: 0.8519
2026-09-07 21:10:23 [INFO] ✓ Saved best model: Val Acc=0.8519 at epoch 10
2026-09-07 21:10:25 [INFO] Epoch 011 | Train Loss: 1.4062 | Train Acc: 0.6879 | Val Loss: 0.4524 | Val Acc: 0.8560
2026-09-07 21:10:25 [INFO] ✓ Saved best model: Val Acc=0.8560 at epoch 11
2026-09-07 21:10:28 [INFO] Epoch 012 | Train Loss: 1.2638 | Train Acc: 0.7222 | Val Loss: 0.4010 | Val Acc: 0.8642
2026-09-07 21:10:28 [INFO] ✓ Saved best model: Val Acc=0.8642 at epoch 12
2026-09-07 21:10:30 [INFO] Epoch 013 | Train Loss: 1.2989 | Train Acc: 0.7414 | Val Loss: 0.3963 | Val Acc: 0.8827
2026-09-07 21:10:30 [INFO] ✓ Saved best model: Val Acc=0.8827 at epoch 13
2026-09-07 21:10:32 [INFO] Epoch 014 | Train Loss: 1.1733 | Train Acc: 0.7606 | Val Loss: 0.3722 | Val Acc: 0.8951
2026-09-07 21:10:32 [INFO] ✓ Saved best model: Val Acc=0.8951 at epoch 14
2026-09-07 21:10:34 [INFO] Epoch 015 | Train Loss: 1.1963 | Train Acc: 0.7364 | Val Loss: 0.3496 | Val Acc: 0.8848
2026-09-07 21:10:36 [INFO] Epoch 016 | Train Loss: 1.1717 | Train Acc: 0.7545 | Val Loss: 0.3249 | Val Acc: 0.8909
2026-09-07 21:10:39 [INFO] Epoch 017 | Train Loss: 1.1203 | Train Acc: 0.7667 | Val Loss: 0.3478 | Val Acc: 0.8909
2026-09-07 21:10:41 [INFO] Epoch 018 | Train Loss: 1.0473 | Train Acc: 0.7778 | Val Loss: 0.2851 | Val Acc: 0.9156
2026-09-07 21:10:41 [INFO] ✓ Saved best model: Val Acc=0.9156 at epoch 18
2026-09-07 21:10:43 [INFO] Epoch 019 | Train Loss: 1.0082 | Train Acc: 0.8020 | Val Loss: 0.2875 | Val Acc: 0.9053
2026-09-07 21:10:45 [INFO] Epoch 020 | Train Loss: 0.9529 | Train Acc: 0.8152 | Val Loss: 0.2718 | Val Acc: 0.9136
2026-09-07 21:10:48 [INFO] Epoch 021 | Train Loss: 1.0032 | Train Acc: 0.7899 | Val Loss: 0.2575 | Val Acc: 0.9239
2026-09-07 21:10:48 [INFO] ✓ Saved best model: Val Acc=0.9239 at epoch 21
2026-09-07 21:10:50 [INFO] Epoch 022 | Train Loss: 0.9302 | Train Acc: 0.8141 | Val Loss: 0.2792 | Val Acc: 0.9053
2026-09-07 21:10:53 [INFO] Epoch 023 | Train Loss: 0.9280 | Train Acc: 0.8131 | Val Loss: 0.2606 | Val Acc: 0.9115
2026-09-07 21:10:55 [INFO] Epoch 024 | Train Loss: 0.8805 | Train Acc: 0.8232 | Val Loss: 0.2568 | Val Acc: 0.9156
2026-09-07 21:10:57 [INFO] Epoch 025 | Train Loss: 0.8901 | Train Acc: 0.8273 | Val Loss: 0.2841 | Val Acc: 0.8930
2026-09-07 21:11:00 [INFO] Epoch 026 | Train Loss: 0.8513 | Train Acc: 0.8374 | Val Loss: 0.2225 | Val Acc: 0.9362
2026-09-07 21:11:00 [INFO] ✓ Saved best model: Val Acc=0.9362 at epoch 26
2026-09-07 21:11:02 [INFO] Epoch 027 | Train Loss: 0.8247 | Train Acc: 0.8273 | Val Loss: 0.2040 | Val Acc: 0.9177
2026-09-07 21:11:04 [INFO] Epoch 028 | Train Loss: 0.8126 | Train Acc: 0.8384 | Val Loss: 0.2119 | Val Acc: 0.9177
2026-09-07 21:11:07 [INFO] Epoch 029 | Train Loss: 0.7814 | Train Acc: 0.8313 | Val Loss: 0.2134 | Val Acc: 0.9362
2026-09-07 21:11:09 [INFO] Epoch 030 | Train Loss: 0.7822 | Train Acc: 0.8414 | Val Loss: 0.2045 | Val Acc: 0.9177
2026-09-07 21:11:11 [INFO] Epoch 031 | Train Loss: 0.7308 | Train Acc: 0.8566 | Val Loss: 0.2317 | Val Acc: 0.9218
2026-09-07 21:11:14 [INFO] Epoch 032 | Train Loss: 0.8057 | Train Acc: 0.8374 | Val Loss: 0.2171 | Val Acc: 0.9342
2026-09-07 21:11:16 [INFO] Epoch 033 | Train Loss: 0.6520 | Train Acc: 0.8768 | Val Loss: 0.1954 | Val Acc: 0.9321
2026-09-07 21:11:19 [INFO] Epoch 034 | Train Loss: 0.7385 | Train Acc: 0.8525 | Val Loss: 0.2399 | Val Acc: 0.9033
2026-09-07 21:11:21 [INFO] Epoch 035 | Train Loss: 0.6537 | Train Acc: 0.8727 | Val Loss: 0.2276 | Val Acc: 0.9300
2026-09-07 21:11:23 [INFO] Epoch 036 | Train Loss: 0.6911 | Train Acc: 0.8667 | Val Loss: 0.1995 | Val Acc: 0.9259
2026-09-07 21:11:26 [INFO] Epoch 037 | Train Loss: 0.7268 | Train Acc: 0.8596 | Val Loss: 0.1746 | Val Acc: 0.9362
2026-09-07 21:11:28 [INFO] Epoch 038 | Train Loss: 0.6411 | Train Acc: 0.8737 | Val Loss: 0.2097 | Val Acc: 0.9156
2026-09-07 21:11:31 [INFO] Epoch 039 | Train Loss: 0.6402 | Train Acc: 0.8788 | Val Loss: 0.1933 | Val Acc: 0.9342
2026-09-07 21:11:33 [INFO] Epoch 040 | Train Loss: 0.6306 | Train Acc: 0.8818 | Val Loss: 0.1558 | Val Acc: 0.9506
2026-09-07 21:11:33 [INFO] ✓ Saved best model: Val Acc=0.9506 at epoch 40
2026-09-07 21:11:35 [INFO] Epoch 041 | Train Loss: 0.6097 | Train Acc: 0.8788 | Val Loss: 0.1700 | Val Acc: 0.9342
2026-09-07 21:11:50 [INFO] Dataset: NEU-DET_surface-dec | Số nhãn (classes): 6 | Tổng số ảnh: 1800
2026-09-07 21:11:50 [INFO] Dữ liệu đã chia -> Train (70%): 990 | Val (15%): 486 | Test (15%): 324
2026-09-07 21:11:50 [INFO] 
🔍 Kiểm tra phân bố class trong batch:
2026-09-07 21:11:52 [INFO]   Batch 0: 4 classes (first 5: [0, 2, 3, 5])
2026-09-07 21:11:52 [INFO]   Batch 1: 3 classes (first 5: [2, 3, 4])
2026-09-07 21:11:52 [INFO]   Batch 2: 3 classes (first 5: [1, 2, 5])
2026-09-07 21:11:52 [INFO]   Batch 3: 3 classes (first 5: [1, 2, 3])
2026-09-07 21:11:52 [INFO]   Batch 4: 2 classes (first 5: [2, 4])
2026-09-07 21:11:52 [WARNING] ⚠️ WARNING: Trung bình 3.0 classes/batch - Dữ liệu chưa được trộn đều!
2026-09-07 21:11:52 [INFO] ============================================================
2026-09-07 21:11:52 [INFO] Starting training: LIGHT_HYBRIC_MAMBA
2026-09-07 21:11:52 [INFO] Dataset: NEU-DET_surface-dec | Path: /home/biu-linux/DeepLearning_Projects/DoAnNganh/data/NEU-DET
2026-09-07 21:11:52 [INFO] Device: cuda
2026-09-07 21:11:52 [INFO] GPU: NVIDIA GeForce RTX 3050 Laptop GPU
2026-09-07 21:11:52 [INFO] ============================================================
2026-09-07 21:11:59 [INFO] Epoch 000 | Train Loss: 2.7713 | Train Acc: 0.2747 | Val Loss: 1.5154 | Val Acc: 0.4486
2026-09-07 21:11:59 [INFO] ✓ Saved best model: Val Acc=0.4486 at epoch 0
2026-09-07 21:12:18 [INFO] Dataset: NEU-DET_surface-dec | Số nhãn (classes): 6 | Tổng số ảnh: 1800
2026-09-07 21:12:18 [INFO] Dữ liệu đã chia -> Train (70%): 990 | Val (15%): 486 | Test (15%): 324
2026-09-07 21:12:18 [INFO] 
🔍 Kiểm tra phân bố class trong batch:
2026-09-07 21:12:20 [INFO]   Batch 0: 4 classes (first 5: [0, 2, 3, 5])
2026-09-07 21:12:20 [INFO]   Batch 1: 5 classes (first 5: [0, 1, 2, 4, 5])
2026-09-07 21:12:20 [INFO]   Batch 2: 4 classes (first 5: [0, 2, 3, 4])
2026-09-07 21:12:20 [INFO]   Batch 3: 5 classes (first 5: [0, 1, 2, 4, 5])
2026-09-07 21:12:20 [INFO]   Batch 4: 4 classes (first 5: [0, 2, 3, 5])
2026-09-07 21:12:20 [WARNING] ⚠️ WARNING: Trung bình 4.4 classes/batch - Dữ liệu chưa được trộn đều!
2026-09-07 21:12:20 [INFO] ============================================================
2026-09-07 21:12:20 [INFO] Starting training: LIGHT_HYBRIC_MAMBA
2026-09-07 21:12:20 [INFO] Dataset: NEU-DET_surface-dec | Path: /home/biu-linux/DeepLearning_Projects/DoAnNganh/data/NEU-DET
2026-09-07 21:12:20 [INFO] Device: cuda
2026-09-07 21:12:20 [INFO] GPU: NVIDIA GeForce RTX 3050 Laptop GPU
2026-09-07 21:12:20 [INFO] ============================================================
2026-09-07 21:12:24 [INFO] Epoch 000 | Train Loss: 2.7506 | Train Acc: 0.3131 | Val Loss: 1.5054 | Val Acc: 0.5473
2026-09-07 21:12:24 [INFO] ✓ Saved best model: Val Acc=0.5473 at epoch 0
2026-09-07 21:12:27 [INFO] Epoch 001 | Train Loss: 2.3722 | Train Acc: 0.4515 | Val Loss: 1.1739 | Val Acc: 0.5556
2026-09-07 21:12:27 [INFO] ✓ Saved best model: Val Acc=0.5556 at epoch 1
2026-09-07 21:12:30 [INFO] Epoch 002 | Train Loss: 2.1321 | Train Acc: 0.5121 | Val Loss: 0.9363 | Val Acc: 0.6955
2026-09-07 21:12:30 [INFO] ✓ Saved best model: Val Acc=0.6955 at epoch 2
2026-09-07 21:12:33 [INFO] Epoch 003 | Train Loss: 1.9269 | Train Acc: 0.5434 | Val Loss: 0.8370 | Val Acc: 0.6399
2026-09-07 21:12:36 [INFO] Epoch 004 | Train Loss: 1.7381 | Train Acc: 0.5818 | Val Loss: 0.6948 | Val Acc: 0.7284
2026-09-07 21:12:36 [INFO] ✓ Saved best model: Val Acc=0.7284 at epoch 4
2026-09-07 21:12:39 [INFO] Epoch 005 | Train Loss: 1.5891 | Train Acc: 0.6222 | Val Loss: 0.5565 | Val Acc: 0.8025
2026-09-07 21:12:39 [INFO] ✓ Saved best model: Val Acc=0.8025 at epoch 5
2026-09-07 21:12:42 [INFO] Epoch 006 | Train Loss: 1.5290 | Train Acc: 0.6364 | Val Loss: 0.5451 | Val Acc: 0.8045
2026-09-07 21:12:42 [INFO] ✓ Saved best model: Val Acc=0.8045 at epoch 6
2026-09-07 21:12:44 [INFO] Epoch 007 | Train Loss: 1.3772 | Train Acc: 0.6737 | Val Loss: 0.5359 | Val Acc: 0.7922
2026-09-07 21:12:47 [INFO] Epoch 008 | Train Loss: 1.3797 | Train Acc: 0.6697 | Val Loss: 0.4290 | Val Acc: 0.8539
2026-09-07 21:12:47 [INFO] ✓ Saved best model: Val Acc=0.8539 at epoch 8
2026-09-07 21:12:50 [INFO] Epoch 009 | Train Loss: 1.2736 | Train Acc: 0.7000 | Val Loss: 0.4826 | Val Acc: 0.8560
2026-09-07 21:12:50 [INFO] ✓ Saved best model: Val Acc=0.8560 at epoch 9
2026-09-07 21:12:53 [INFO] Epoch 010 | Train Loss: 1.3213 | Train Acc: 0.6919 | Val Loss: 0.3777 | Val Acc: 0.8621
2026-09-07 21:12:53 [INFO] ✓ Saved best model: Val Acc=0.8621 at epoch 10
2026-09-07 21:12:56 [INFO] Epoch 011 | Train Loss: 1.3668 | Train Acc: 0.6899 | Val Loss: 0.4214 | Val Acc: 0.8519
2026-09-07 21:12:58 [INFO] Epoch 012 | Train Loss: 1.1598 | Train Acc: 0.7242 | Val Loss: 0.3990 | Val Acc: 0.8395
2026-09-07 21:13:01 [INFO] Epoch 013 | Train Loss: 1.1704 | Train Acc: 0.7333 | Val Loss: 0.3394 | Val Acc: 0.8745
2026-09-07 21:13:01 [INFO] ✓ Saved best model: Val Acc=0.8745 at epoch 13
2026-09-07 21:13:04 [INFO] Epoch 014 | Train Loss: 1.1514 | Train Acc: 0.7293 | Val Loss: 0.2932 | Val Acc: 0.8992
2026-09-07 21:13:04 [INFO] ✓ Saved best model: Val Acc=0.8992 at epoch 14
2026-09-07 21:13:07 [INFO] Epoch 015 | Train Loss: 1.0962 | Train Acc: 0.7374 | Val Loss: 0.3440 | Val Acc: 0.8745
2026-09-07 21:13:09 [INFO] Epoch 016 | Train Loss: 1.0029 | Train Acc: 0.7828 | Val Loss: 0.3305 | Val Acc: 0.8704
2026-09-07 21:13:12 [INFO] Epoch 017 | Train Loss: 0.9837 | Train Acc: 0.7788 | Val Loss: 0.3008 | Val Acc: 0.8765
2026-09-07 21:13:15 [INFO] Epoch 018 | Train Loss: 0.9773 | Train Acc: 0.7848 | Val Loss: 0.2382 | Val Acc: 0.9012
2026-09-07 21:13:15 [INFO] ✓ Saved best model: Val Acc=0.9012 at epoch 18
2026-09-07 21:13:18 [INFO] Epoch 019 | Train Loss: 0.9564 | Train Acc: 0.7879 | Val Loss: 0.2777 | Val Acc: 0.8951
2026-09-07 21:13:22 [INFO] Epoch 020 | Train Loss: 0.9168 | Train Acc: 0.8040 | Val Loss: 0.2371 | Val Acc: 0.8992
2026-09-07 21:13:25 [INFO] Epoch 021 | Train Loss: 0.8829 | Train Acc: 0.8020 | Val Loss: 0.2389 | Val Acc: 0.9033
2026-09-07 21:13:25 [INFO] ✓ Saved best model: Val Acc=0.9033 at epoch 21
2026-09-07 21:13:29 [INFO] Epoch 022 | Train Loss: 0.8860 | Train Acc: 0.7939 | Val Loss: 0.2441 | Val Acc: 0.9177
2026-09-07 21:13:29 [INFO] ✓ Saved best model: Val Acc=0.9177 at epoch 22
2026-09-07 21:13:35 [INFO] Epoch 023 | Train Loss: 0.8897 | Train Acc: 0.7980 | Val Loss: 0.2289 | Val Acc: 0.9074
2026-09-07 21:13:39 [INFO] Epoch 024 | Train Loss: 0.8293 | Train Acc: 0.8242 | Val Loss: 0.2562 | Val Acc: 0.8951
2026-09-07 21:13:42 [INFO] Epoch 025 | Train Loss: 0.7738 | Train Acc: 0.8333 | Val Loss: 0.2352 | Val Acc: 0.9074
2026-09-07 21:13:45 [INFO] Epoch 026 | Train Loss: 0.7913 | Train Acc: 0.8313 | Val Loss: 0.1814 | Val Acc: 0.9280
2026-09-07 21:13:45 [INFO] ✓ Saved best model: Val Acc=0.9280 at epoch 26
2026-09-07 21:13:47 [INFO] Epoch 027 | Train Loss: 0.8036 | Train Acc: 0.8414 | Val Loss: 0.2350 | Val Acc: 0.9074
2026-09-07 21:13:50 [INFO] Epoch 028 | Train Loss: 0.7459 | Train Acc: 0.8444 | Val Loss: 0.2024 | Val Acc: 0.9321
2026-09-07 21:13:50 [INFO] ✓ Saved best model: Val Acc=0.9321 at epoch 28
2026-09-07 21:13:53 [INFO] Epoch 029 | Train Loss: 0.7423 | Train Acc: 0.8263 | Val Loss: 0.2187 | Val Acc: 0.9156
2026-09-07 21:13:56 [INFO] Epoch 030 | Train Loss: 0.6726 | Train Acc: 0.8576 | Val Loss: 0.1750 | Val Acc: 0.9342
2026-09-07 21:13:56 [INFO] ✓ Saved best model: Val Acc=0.9342 at epoch 30
2026-09-07 21:13:59 [INFO] Epoch 031 | Train Loss: 0.6876 | Train Acc: 0.8586 | Val Loss: 0.1709 | Val Acc: 0.9300
2026-09-07 21:14:01 [INFO] Epoch 032 | Train Loss: 0.7201 | Train Acc: 0.8364 | Val Loss: 0.1784 | Val Acc: 0.9444
2026-09-07 21:14:01 [INFO] ✓ Saved best model: Val Acc=0.9444 at epoch 32
2026-09-07 21:14:04 [INFO] Epoch 033 | Train Loss: 0.7254 | Train Acc: 0.8424 | Val Loss: 0.2090 | Val Acc: 0.9177
2026-09-07 21:14:07 [INFO] Epoch 034 | Train Loss: 0.6666 | Train Acc: 0.8717 | Val Loss: 0.1539 | Val Acc: 0.9403
2026-09-07 21:14:10 [INFO] Epoch 035 | Train Loss: 0.6318 | Train Acc: 0.8667 | Val Loss: 0.1396 | Val Acc: 0.9486
2026-09-07 21:14:10 [INFO] ✓ Saved best model: Val Acc=0.9486 at epoch 35
2026-09-07 21:14:13 [INFO] Epoch 036 | Train Loss: 0.7315 | Train Acc: 0.8515 | Val Loss: 0.1858 | Val Acc: 0.9362
2026-09-07 21:14:16 [INFO] Epoch 037 | Train Loss: 0.6826 | Train Acc: 0.8485 | Val Loss: 0.1492 | Val Acc: 0.9424
2026-09-07 21:14:18 [INFO] Epoch 038 | Train Loss: 0.6133 | Train Acc: 0.8636 | Val Loss: 0.1517 | Val Acc: 0.9465
2026-09-07 21:14:21 [INFO] Epoch 039 | Train Loss: 0.6223 | Train Acc: 0.8727 | Val Loss: 0.1654 | Val Acc: 0.9444
2026-09-07 21:14:24 [INFO] Epoch 040 | Train Loss: 0.6026 | Train Acc: 0.8677 | Val Loss: 0.1329 | Val Acc: 0.9444
2026-09-07 21:14:26 [INFO] Epoch 041 | Train Loss: 0.5817 | Train Acc: 0.8717 | Val Loss: 0.1258 | Val Acc: 0.9547
2026-09-07 21:14:26 [INFO] ✓ Saved best model: Val Acc=0.9547 at epoch 41
2026-09-07 21:14:29 [INFO] Epoch 042 | Train Loss: 0.6353 | Train Acc: 0.8596 | Val Loss: 0.1453 | Val Acc: 0.9486
2026-09-07 21:14:32 [INFO] Epoch 043 | Train Loss: 0.6087 | Train Acc: 0.8687 | Val Loss: 0.1287 | Val Acc: 0.9486
2026-09-07 21:14:34 [INFO] Epoch 044 | Train Loss: 0.5472 | Train Acc: 0.8808 | Val Loss: 0.1122 | Val Acc: 0.9588
2026-09-07 21:14:34 [INFO] ✓ Saved best model: Val Acc=0.9588 at epoch 44
2026-09-07 21:14:37 [INFO] Epoch 045 | Train Loss: 0.5888 | Train Acc: 0.8838 | Val Loss: 0.1096 | Val Acc: 0.9568
2026-09-07 21:14:40 [INFO] Epoch 046 | Train Loss: 0.5643 | Train Acc: 0.8798 | Val Loss: 0.1179 | Val Acc: 0.9527
2026-09-07 21:14:43 [INFO] Epoch 047 | Train Loss: 0.5639 | Train Acc: 0.8758 | Val Loss: 0.1305 | Val Acc: 0.9465
2026-09-07 21:14:46 [INFO] Epoch 048 | Train Loss: 0.5932 | Train Acc: 0.8818 | Val Loss: 0.1119 | Val Acc: 0.9568
2026-09-07 21:14:49 [INFO] Epoch 049 | Train Loss: 0.5177 | Train Acc: 0.9051 | Val Loss: 0.1191 | Val Acc: 0.9547
2026-09-07 21:14:53 [INFO] Epoch 050 | Train Loss: 0.4914 | Train Acc: 0.9030 | Val Loss: 0.1333 | Val Acc: 0.9650
2026-09-07 21:14:53 [INFO] ✓ Saved best model: Val Acc=0.9650 at epoch 50
2026-09-07 21:14:55 [INFO] Epoch 051 | Train Loss: 0.4989 | Train Acc: 0.8939 | Val Loss: 0.1181 | Val Acc: 0.9609
2026-09-07 21:14:58 [INFO] Epoch 052 | Train Loss: 0.4906 | Train Acc: 0.8970 | Val Loss: 0.1350 | Val Acc: 0.9486
2026-09-07 21:15:01 [INFO] Epoch 053 | Train Loss: 0.5279 | Train Acc: 0.8899 | Val Loss: 0.1030 | Val Acc: 0.9650
2026-09-07 21:15:04 [INFO] Epoch 054 | Train Loss: 0.5775 | Train Acc: 0.8828 | Val Loss: 0.1335 | Val Acc: 0.9588
2026-09-07 21:15:06 [INFO] Epoch 055 | Train Loss: 0.4588 | Train Acc: 0.9000 | Val Loss: 0.1397 | Val Acc: 0.9486
2026-09-07 21:15:09 [INFO] Epoch 056 | Train Loss: 0.4993 | Train Acc: 0.8990 | Val Loss: 0.1479 | Val Acc: 0.9527
2026-09-07 21:15:12 [INFO] Epoch 057 | Train Loss: 0.4008 | Train Acc: 0.9333 | Val Loss: 0.1067 | Val Acc: 0.9588
2026-09-07 21:15:15 [INFO] Epoch 058 | Train Loss: 0.4150 | Train Acc: 0.9202 | Val Loss: 0.1308 | Val Acc: 0.9527
2026-09-07 21:15:18 [INFO] Epoch 059 | Train Loss: 0.4579 | Train Acc: 0.9020 | Val Loss: 0.1071 | Val Acc: 0.9671
2026-09-07 21:15:18 [INFO] ✓ Saved best model: Val Acc=0.9671 at epoch 59
2026-09-07 21:15:20 [INFO] Epoch 060 | Train Loss: 0.4669 | Train Acc: 0.9091 | Val Loss: 0.1362 | Val Acc: 0.9609
2026-09-07 21:15:24 [INFO] Epoch 061 | Train Loss: 0.4427 | Train Acc: 0.9071 | Val Loss: 0.0935 | Val Acc: 0.9588
2026-09-07 21:15:28 [INFO] Epoch 062 | Train Loss: 0.4322 | Train Acc: 0.9192 | Val Loss: 0.1400 | Val Acc: 0.9424
2026-09-07 21:15:32 [INFO] Epoch 063 | Train Loss: 0.4480 | Train Acc: 0.9141 | Val Loss: 0.1166 | Val Acc: 0.9547
2026-09-07 21:15:35 [INFO] Epoch 064 | Train Loss: 0.4468 | Train Acc: 0.9101 | Val Loss: 0.1068 | Val Acc: 0.9547
2026-09-07 21:15:37 [INFO] Epoch 065 | Train Loss: 0.4168 | Train Acc: 0.9192 | Val Loss: 0.0945 | Val Acc: 0.9671
2026-09-07 21:15:40 [INFO] Epoch 066 | Train Loss: 0.4164 | Train Acc: 0.9182 | Val Loss: 0.1068 | Val Acc: 0.9527
2026-09-07 21:15:43 [INFO] Epoch 067 | Train Loss: 0.4260 | Train Acc: 0.9101 | Val Loss: 0.1210 | Val Acc: 0.9486
2026-09-07 21:15:45 [INFO] Epoch 068 | Train Loss: 0.3813 | Train Acc: 0.9253 | Val Loss: 0.0884 | Val Acc: 0.9588
2026-09-07 21:15:49 [INFO] Epoch 069 | Train Loss: 0.4033 | Train Acc: 0.9182 | Val Loss: 0.0981 | Val Acc: 0.9671
2026-09-07 21:15:51 [INFO] Epoch 070 | Train Loss: 0.3405 | Train Acc: 0.9313 | Val Loss: 0.0940 | Val Acc: 0.9588
2026-09-07 21:15:54 [INFO] Epoch 071 | Train Loss: 0.3680 | Train Acc: 0.9313 | Val Loss: 0.1092 | Val Acc: 0.9630
2026-09-07 21:15:57 [INFO] Epoch 072 | Train Loss: 0.3763 | Train Acc: 0.9283 | Val Loss: 0.0898 | Val Acc: 0.9671
2026-09-07 21:15:59 [INFO] Epoch 073 | Train Loss: 0.4017 | Train Acc: 0.9273 | Val Loss: 0.0962 | Val Acc: 0.9671
2026-09-07 21:16:03 [INFO] Epoch 074 | Train Loss: 0.4055 | Train Acc: 0.9182 | Val Loss: 0.0822 | Val Acc: 0.9650
2026-09-07 21:16:06 [INFO] Epoch 075 | Train Loss: 0.3983 | Train Acc: 0.9172 | Val Loss: 0.0933 | Val Acc: 0.9630
2026-09-07 21:16:09 [INFO] Epoch 076 | Train Loss: 0.3735 | Train Acc: 0.9283 | Val Loss: 0.0918 | Val Acc: 0.9671
2026-09-07 21:16:12 [INFO] Epoch 077 | Train Loss: 0.4009 | Train Acc: 0.9172 | Val Loss: 0.0832 | Val Acc: 0.9671
2026-09-07 21:16:15 [INFO] Epoch 078 | Train Loss: 0.3271 | Train Acc: 0.9404 | Val Loss: 0.0886 | Val Acc: 0.9630
2026-09-07 21:16:17 [INFO] Epoch 079 | Train Loss: 0.3812 | Train Acc: 0.9323 | Val Loss: 0.0947 | Val Acc: 0.9650
2026-09-07 21:16:20 [INFO] Epoch 080 | Train Loss: 0.3751 | Train Acc: 0.9222 | Val Loss: 0.0983 | Val Acc: 0.9568
2026-09-07 21:16:23 [INFO] Epoch 081 | Train Loss: 0.3340 | Train Acc: 0.9404 | Val Loss: 0.0882 | Val Acc: 0.9650
2026-09-07 21:16:26 [INFO] Epoch 082 | Train Loss: 0.3475 | Train Acc: 0.9323 | Val Loss: 0.0952 | Val Acc: 0.9650
2026-09-07 21:16:29 [INFO] Epoch 083 | Train Loss: 0.3189 | Train Acc: 0.9394 | Val Loss: 0.0861 | Val Acc: 0.9650
2026-09-07 21:16:31 [INFO] Epoch 084 | Train Loss: 0.2687 | Train Acc: 0.9576 | Val Loss: 0.0876 | Val Acc: 0.9691
2026-09-07 21:16:31 [INFO] ✓ Saved best model: Val Acc=0.9691 at epoch 84
2026-09-07 21:16:34 [INFO] Epoch 085 | Train Loss: 0.3703 | Train Acc: 0.9323 | Val Loss: 0.0985 | Val Acc: 0.9588
2026-09-07 21:16:37 [INFO] Epoch 086 | Train Loss: 0.3799 | Train Acc: 0.9232 | Val Loss: 0.0877 | Val Acc: 0.9671
2026-09-07 21:16:40 [INFO] Epoch 087 | Train Loss: 0.3382 | Train Acc: 0.9343 | Val Loss: 0.0902 | Val Acc: 0.9650
2026-09-07 21:16:43 [INFO] Epoch 088 | Train Loss: 0.3348 | Train Acc: 0.9414 | Val Loss: 0.0828 | Val Acc: 0.9650
2026-09-07 21:16:45 [INFO] Epoch 089 | Train Loss: 0.3204 | Train Acc: 0.9424 | Val Loss: 0.0957 | Val Acc: 0.9630
2026-09-07 21:16:48 [INFO] Epoch 090 | Train Loss: 0.3509 | Train Acc: 0.9303 | Val Loss: 0.0862 | Val Acc: 0.9671
2026-09-07 21:16:51 [INFO] Epoch 091 | Train Loss: 0.3774 | Train Acc: 0.9273 | Val Loss: 0.0853 | Val Acc: 0.9630
2026-09-07 21:16:53 [INFO] Epoch 092 | Train Loss: 0.3458 | Train Acc: 0.9313 | Val Loss: 0.0835 | Val Acc: 0.9691
2026-09-07 21:16:56 [INFO] Epoch 093 | Train Loss: 0.3785 | Train Acc: 0.9323 | Val Loss: 0.0927 | Val Acc: 0.9650
2026-09-07 21:16:59 [INFO] Epoch 094 | Train Loss: 0.2906 | Train Acc: 0.9455 | Val Loss: 0.0887 | Val Acc: 0.9609
2026-09-07 21:17:02 [INFO] Epoch 095 | Train Loss: 0.3546 | Train Acc: 0.9354 | Val Loss: 0.0899 | Val Acc: 0.9630
2026-09-07 21:17:06 [INFO] Epoch 096 | Train Loss: 0.3253 | Train Acc: 0.9354 | Val Loss: 0.0868 | Val Acc: 0.9650
2026-09-07 21:17:09 [INFO] Epoch 097 | Train Loss: 0.2582 | Train Acc: 0.9576 | Val Loss: 0.0842 | Val Acc: 0.9650
2026-09-07 21:17:12 [INFO] Epoch 098 | Train Loss: 0.3010 | Train Acc: 0.9475 | Val Loss: 0.0874 | Val Acc: 0.9630
2026-09-07 21:17:15 [INFO] Epoch 099 | Train Loss: 0.3865 | Train Acc: 0.9253 | Val Loss: 0.0844 | Val Acc: 0.9650
2026-09-07 21:17:15 [INFO] Evaluating Best Model on TEST Set...
2026-09-07 21:17:15 [INFO] 
[RESUME] Đang nạp checkpoint từ: /home/biu-linux/DeepLearning_Projects/DoAnNganh/HybricMamba/Ressult/TFJ/LIGHT_HYBRIC_MAMBA/NEU-DET_surface-dec/LIGHT_HYBRIC_MAMBA_best.pth
2026-09-07 21:17:15 [INFO] 🎯 [TEST RESULT] Test Acc: 0.9722 | F1-Macro: 0.9721 | F1-Weighted: 0.9721
2026-09-07 21:18:43 [INFO] Dataset: NEU-DET_surface-dec | Số nhãn (classes): 6 | Tổng số ảnh: 1800
2026-09-07 21:18:43 [INFO] Dữ liệu đã chia -> Train (70%): 990 | Val (15%): 486 | Test (15%): 324
2026-09-07 21:18:43 [INFO] 
🔍 Kiểm tra phân bố class trong batch:
2026-09-07 21:18:45 [INFO]   Batch 0: 4 classes (first 5: [0, 1, 3, 5])
2026-09-07 21:18:45 [INFO]   Batch 1: 3 classes (first 5: [2, 3, 4])
2026-09-07 21:18:45 [INFO]   Batch 2: 4 classes (first 5: [0, 2, 3, 4])
2026-09-07 21:18:45 [INFO]   Batch 3: 4 classes (first 5: [0, 1, 2, 3])
2026-09-07 21:18:45 [INFO]   Batch 4: 3 classes (first 5: [0, 1, 3])
2026-09-07 21:18:45 [WARNING] ⚠️ WARNING: Trung bình 3.6 classes/batch - Dữ liệu chưa được trộn đều!
2026-09-07 21:18:45 [INFO] ============================================================
2026-09-07 21:18:45 [INFO] Starting training: LIGHT_HYBRIC_MAMBA
2026-09-07 21:18:45 [INFO] Dataset: NEU-DET_surface-dec | Path: /home/biu-linux/DeepLearning_Projects/DoAnNganh/data/NEU-DET
2026-09-07 21:18:45 [INFO] Device: cuda
2026-09-07 21:18:45 [INFO] GPU: NVIDIA GeForce RTX 3050 Laptop GPU
2026-09-07 21:18:45 [INFO] ============================================================
2026-09-07 21:18:49 [INFO] Epoch 000 | Train Loss: 2.7729 | Train Acc: 0.2818 | Val Loss: 1.5103 | Val Acc: 0.4095
2026-09-07 21:18:49 [INFO] ✓ Saved best model: Val Acc=0.4095 at epoch 0
2026-09-07 21:18:52 [INFO] Epoch 001 | Train Loss: 2.4439 | Train Acc: 0.4182 | Val Loss: 1.1304 | Val Acc: 0.5720
2026-09-07 21:18:52 [INFO] ✓ Saved best model: Val Acc=0.5720 at epoch 1
2026-09-07 21:18:55 [INFO] Epoch 002 | Train Loss: 2.1589 | Train Acc: 0.4949 | Val Loss: 0.8897 | Val Acc: 0.6872
2026-09-07 21:18:55 [INFO] ✓ Saved best model: Val Acc=0.6872 at epoch 2
2026-09-07 21:18:58 [INFO] Epoch 003 | Train Loss: 1.9981 | Train Acc: 0.5404 | Val Loss: 0.7337 | Val Acc: 0.7305
2026-09-07 21:18:58 [INFO] ✓ Saved best model: Val Acc=0.7305 at epoch 3
2026-09-07 21:19:01 [INFO] Epoch 004 | Train Loss: 1.8236 | Train Acc: 0.5798 | Val Loss: 0.6636 | Val Acc: 0.7387
2026-09-07 21:19:01 [INFO] ✓ Saved best model: Val Acc=0.7387 at epoch 4
2026-09-07 21:19:04 [INFO] Epoch 005 | Train Loss: 1.7852 | Train Acc: 0.5879 | Val Loss: 0.6318 | Val Acc: 0.7387
2026-09-07 21:19:07 [INFO] Epoch 006 | Train Loss: 1.6828 | Train Acc: 0.6040 | Val Loss: 0.6662 | Val Acc: 0.6934
2026-09-07 21:19:10 [INFO] Epoch 007 | Train Loss: 1.6457 | Train Acc: 0.6192 | Val Loss: 0.6264 | Val Acc: 0.7551
2026-09-07 21:19:10 [INFO] ✓ Saved best model: Val Acc=0.7551 at epoch 7
2026-09-07 21:19:46 [INFO] Dataset: NEU-DET_surface-dec | Số nhãn (classes): 6 | Tổng số ảnh: 1800
2026-09-07 21:19:46 [INFO] Dữ liệu đã chia -> Train (70%): 990 | Val (15%): 486 | Test (15%): 324
2026-09-07 21:19:46 [INFO] 
🔍 Kiểm tra phân bố class trong batch:
2026-09-07 21:19:48 [INFO]   Batch 0: 4 classes (first 5: [1, 3, 4, 5])
2026-09-07 21:19:48 [INFO]   Batch 1: 5 classes (first 5: [0, 1, 2, 3, 5])
2026-09-07 21:19:48 [INFO]   Batch 2: 5 classes (first 5: [0, 2, 3, 4, 5])
2026-09-07 21:19:48 [INFO]   Batch 3: 4 classes (first 5: [1, 2, 4, 5])
2026-09-07 21:19:48 [INFO]   Batch 4: 3 classes (first 5: [1, 2, 4])
2026-09-07 21:19:48 [WARNING] ⚠️ WARNING: Trung bình 4.2 classes/batch - Dữ liệu chưa được trộn đều!
2026-09-07 21:19:48 [INFO] ============================================================
2026-09-07 21:19:48 [INFO] Starting training: LIGHT_HYBRIC_MAMBA
2026-09-07 21:19:48 [INFO] Dataset: NEU-DET_surface-dec | Path: /home/biu-linux/DeepLearning_Projects/DoAnNganh/data/NEU-DET
2026-09-07 21:19:48 [INFO] Device: cuda
2026-09-07 21:19:48 [INFO] GPU: NVIDIA GeForce RTX 3050 Laptop GPU
2026-09-07 21:19:48 [INFO] ============================================================
2026-09-07 21:19:52 [INFO] Epoch 000 | Train Loss: 2.7908 | Train Acc: 0.2727 | Val Loss: 1.5210 | Val Acc: 0.4342
2026-09-07 21:19:52 [INFO] ✓ Saved best model: Val Acc=0.4342 at epoch 0
2026-09-07 21:19:55 [INFO] Epoch 001 | Train Loss: 2.4647 | Train Acc: 0.4000 | Val Loss: 1.1711 | Val Acc: 0.5041
2026-09-07 21:19:55 [INFO] ✓ Saved best model: Val Acc=0.5041 at epoch 1
2026-09-07 21:19:58 [INFO] Epoch 002 | Train Loss: 2.1769 | Train Acc: 0.4485 | Val Loss: 1.0546 | Val Acc: 0.5453
2026-09-07 21:19:58 [INFO] ✓ Saved best model: Val Acc=0.5453 at epoch 2
2026-09-07 21:20:01 [INFO] Epoch 003 | Train Loss: 2.0331 | Train Acc: 0.5030 | Val Loss: 0.8771 | Val Acc: 0.6461
2026-09-07 21:20:01 [INFO] ✓ Saved best model: Val Acc=0.6461 at epoch 3
2026-09-07 21:20:04 [INFO] Epoch 004 | Train Loss: 1.7914 | Train Acc: 0.5828 | Val Loss: 0.7005 | Val Acc: 0.7490
2026-09-07 21:20:04 [INFO] ✓ Saved best model: Val Acc=0.7490 at epoch 4
2026-09-07 21:20:06 [INFO] Epoch 005 | Train Loss: 1.6303 | Train Acc: 0.6212 | Val Loss: 0.7068 | Val Acc: 0.7387
2026-09-07 21:20:09 [INFO] Epoch 006 | Train Loss: 1.5008 | Train Acc: 0.6535 | Val Loss: 0.6159 | Val Acc: 0.7819
2026-09-07 21:20:09 [INFO] ✓ Saved best model: Val Acc=0.7819 at epoch 6
2026-09-07 21:20:12 [INFO] Epoch 007 | Train Loss: 1.5027 | Train Acc: 0.6343 | Val Loss: 0.6421 | Val Acc: 0.7510
2026-09-07 21:20:15 [INFO] Epoch 008 | Train Loss: 1.3255 | Train Acc: 0.6980 | Val Loss: 0.4914 | Val Acc: 0.8189
2026-09-07 21:20:15 [INFO] ✓ Saved best model: Val Acc=0.8189 at epoch 8
2026-09-07 21:20:18 [INFO] Epoch 009 | Train Loss: 1.3076 | Train Acc: 0.6798 | Val Loss: 0.5114 | Val Acc: 0.8045
2026-09-07 21:20:21 [INFO] Epoch 010 | Train Loss: 1.2368 | Train Acc: 0.7152 | Val Loss: 0.4874 | Val Acc: 0.8395
2026-09-07 21:20:21 [INFO] ✓ Saved best model: Val Acc=0.8395 at epoch 10
2026-09-07 21:20:24 [INFO] Epoch 011 | Train Loss: 1.2420 | Train Acc: 0.7242 | Val Loss: 0.5371 | Val Acc: 0.8128
2026-09-07 21:20:27 [INFO] Epoch 012 | Train Loss: 1.1838 | Train Acc: 0.7313 | Val Loss: 0.3624 | Val Acc: 0.8889
2026-09-07 21:20:27 [INFO] ✓ Saved best model: Val Acc=0.8889 at epoch 12
2026-09-07 21:20:30 [INFO] Epoch 013 | Train Loss: 1.1777 | Train Acc: 0.7253 | Val Loss: 0.3802 | Val Acc: 0.8663
2026-09-07 21:20:33 [INFO] Epoch 014 | Train Loss: 1.0755 | Train Acc: 0.7646 | Val Loss: 0.3035 | Val Acc: 0.9074
2026-09-07 21:20:33 [INFO] ✓ Saved best model: Val Acc=0.9074 at epoch 14
2026-09-07 21:20:36 [INFO] Epoch 015 | Train Loss: 1.0850 | Train Acc: 0.7556 | Val Loss: 0.4598 | Val Acc: 0.8560
2026-09-07 21:20:38 [INFO] Epoch 016 | Train Loss: 1.0269 | Train Acc: 0.7768 | Val Loss: 0.3601 | Val Acc: 0.8807
2026-09-07 21:20:41 [INFO] Epoch 017 | Train Loss: 1.0356 | Train Acc: 0.7788 | Val Loss: 0.2977 | Val Acc: 0.9012
2026-09-07 21:20:44 [INFO] Epoch 018 | Train Loss: 0.9354 | Train Acc: 0.7838 | Val Loss: 0.2659 | Val Acc: 0.9362
2026-09-07 21:20:44 [INFO] ✓ Saved best model: Val Acc=0.9362 at epoch 18
2026-09-07 21:20:47 [INFO] Epoch 019 | Train Loss: 0.9501 | Train Acc: 0.7879 | Val Loss: 0.2628 | Val Acc: 0.9198
2026-09-07 21:20:49 [INFO] Epoch 020 | Train Loss: 0.9548 | Train Acc: 0.7919 | Val Loss: 0.2925 | Val Acc: 0.8889
2026-09-07 21:20:52 [INFO] Epoch 021 | Train Loss: 0.9443 | Train Acc: 0.8020 | Val Loss: 0.2909 | Val Acc: 0.9095
2026-09-07 21:20:55 [INFO] Epoch 022 | Train Loss: 0.8241 | Train Acc: 0.8222 | Val Loss: 0.2983 | Val Acc: 0.9033
2026-09-07 21:20:58 [INFO] Epoch 023 | Train Loss: 0.8327 | Train Acc: 0.8162 | Val Loss: 0.2952 | Val Acc: 0.8992
2026-09-07 21:21:01 [INFO] Epoch 024 | Train Loss: 0.8547 | Train Acc: 0.8010 | Val Loss: 0.3347 | Val Acc: 0.9074
2026-09-07 21:21:03 [INFO] Epoch 025 | Train Loss: 0.8085 | Train Acc: 0.8232 | Val Loss: 0.2758 | Val Acc: 0.9095
2026-09-07 21:21:06 [INFO] Epoch 026 | Train Loss: 0.7818 | Train Acc: 0.8152 | Val Loss: 0.2399 | Val Acc: 0.9259
2026-09-07 21:21:09 [INFO] Epoch 027 | Train Loss: 0.7734 | Train Acc: 0.8303 | Val Loss: 0.2599 | Val Acc: 0.9156
2026-09-07 21:21:12 [INFO] Epoch 028 | Train Loss: 0.7735 | Train Acc: 0.8253 | Val Loss: 0.2344 | Val Acc: 0.9218
2026-09-07 21:21:15 [INFO] Epoch 029 | Train Loss: 0.7430 | Train Acc: 0.8354 | Val Loss: 0.2833 | Val Acc: 0.8992
2026-09-07 21:21:17 [INFO] Epoch 030 | Train Loss: 0.7286 | Train Acc: 0.8535 | Val Loss: 0.2448 | Val Acc: 0.9280
2026-09-07 21:21:20 [INFO] Epoch 031 | Train Loss: 0.7522 | Train Acc: 0.8465 | Val Loss: 0.2182 | Val Acc: 0.9280
2026-09-07 21:21:23 [INFO] Epoch 032 | Train Loss: 0.7233 | Train Acc: 0.8535 | Val Loss: 0.2285 | Val Acc: 0.9136
2026-09-07 21:21:28 [INFO] Epoch 033 | Train Loss: 0.7212 | Train Acc: 0.8404 | Val Loss: 0.1716 | Val Acc: 0.9403
2026-09-07 21:21:28 [INFO] ✓ Saved best model: Val Acc=0.9403 at epoch 33
2026-09-07 21:21:30 [INFO] Epoch 034 | Train Loss: 0.6977 | Train Acc: 0.8657 | Val Loss: 0.2127 | Val Acc: 0.9362
2026-09-07 21:21:33 [INFO] Epoch 035 | Train Loss: 0.7055 | Train Acc: 0.8475 | Val Loss: 0.2040 | Val Acc: 0.9300
2026-09-07 21:21:37 [INFO] Epoch 036 | Train Loss: 0.6996 | Train Acc: 0.8384 | Val Loss: 0.2633 | Val Acc: 0.9218
2026-09-07 21:21:40 [INFO] Epoch 037 | Train Loss: 0.6386 | Train Acc: 0.8616 | Val Loss: 0.1922 | Val Acc: 0.9342
2026-09-07 21:21:43 [INFO] Epoch 038 | Train Loss: 0.6780 | Train Acc: 0.8636 | Val Loss: 0.1770 | Val Acc: 0.9444
2026-09-07 21:21:43 [INFO] ✓ Saved best model: Val Acc=0.9444 at epoch 38
2026-09-07 21:21:46 [INFO] Epoch 039 | Train Loss: 0.6431 | Train Acc: 0.8687 | Val Loss: 0.2384 | Val Acc: 0.9198
2026-09-07 21:21:50 [INFO] Epoch 040 | Train Loss: 0.6198 | Train Acc: 0.8556 | Val Loss: 0.2063 | Val Acc: 0.9300
2026-09-07 21:21:52 [INFO] Epoch 041 | Train Loss: 0.5906 | Train Acc: 0.8818 | Val Loss: 0.1818 | Val Acc: 0.9424
2026-09-07 21:21:55 [INFO] Epoch 042 | Train Loss: 0.5300 | Train Acc: 0.8919 | Val Loss: 0.1665 | Val Acc: 0.9444
2026-09-07 21:21:58 [INFO] Epoch 043 | Train Loss: 0.6267 | Train Acc: 0.8778 | Val Loss: 0.1882 | Val Acc: 0.9321
2026-09-07 21:22:02 [INFO] Epoch 044 | Train Loss: 0.5529 | Train Acc: 0.8848 | Val Loss: 0.1753 | Val Acc: 0.9506
2026-09-07 21:22:02 [INFO] ✓ Saved best model: Val Acc=0.9506 at epoch 44
2026-09-07 21:22:05 [INFO] Epoch 045 | Train Loss: 0.5613 | Train Acc: 0.8838 | Val Loss: 0.1508 | Val Acc: 0.9444
2026-09-07 21:22:09 [INFO] Epoch 046 | Train Loss: 0.5208 | Train Acc: 0.8899 | Val Loss: 0.1898 | Val Acc: 0.9444
2026-09-07 21:22:12 [INFO] Epoch 047 | Train Loss: 0.6337 | Train Acc: 0.8727 | Val Loss: 0.1833 | Val Acc: 0.9486
2026-09-07 21:22:15 [INFO] Epoch 048 | Train Loss: 0.5453 | Train Acc: 0.8899 | Val Loss: 0.1761 | Val Acc: 0.9465
2026-09-07 21:22:18 [INFO] Epoch 049 | Train Loss: 0.4721 | Train Acc: 0.9030 | Val Loss: 0.1932 | Val Acc: 0.9444
2026-09-07 21:22:21 [INFO] Epoch 050 | Train Loss: 0.5258 | Train Acc: 0.8859 | Val Loss: 0.1984 | Val Acc: 0.9342
2026-09-07 21:22:24 [INFO] Epoch 051 | Train Loss: 0.5376 | Train Acc: 0.8848 | Val Loss: 0.1411 | Val Acc: 0.9588
2026-09-07 21:22:24 [INFO] ✓ Saved best model: Val Acc=0.9588 at epoch 51
2026-09-07 21:22:26 [INFO] Epoch 052 | Train Loss: 0.5761 | Train Acc: 0.8838 | Val Loss: 0.1633 | Val Acc: 0.9527
2026-09-07 21:22:30 [INFO] Epoch 053 | Train Loss: 0.5258 | Train Acc: 0.8909 | Val Loss: 0.1476 | Val Acc: 0.9609
2026-09-07 21:22:30 [INFO] ✓ Saved best model: Val Acc=0.9609 at epoch 53
2026-09-07 21:22:34 [INFO] Epoch 054 | Train Loss: 0.4885 | Train Acc: 0.8980 | Val Loss: 0.2133 | Val Acc: 0.9239
2026-09-07 21:22:37 [INFO] Epoch 055 | Train Loss: 0.4862 | Train Acc: 0.9010 | Val Loss: 0.1568 | Val Acc: 0.9588
2026-09-07 21:22:40 [INFO] Epoch 056 | Train Loss: 0.4859 | Train Acc: 0.8970 | Val Loss: 0.1677 | Val Acc: 0.9465
2026-09-07 21:22:42 [INFO] Epoch 057 | Train Loss: 0.5276 | Train Acc: 0.8960 | Val Loss: 0.1497 | Val Acc: 0.9465
2026-09-07 21:22:45 [INFO] Epoch 058 | Train Loss: 0.4381 | Train Acc: 0.9020 | Val Loss: 0.1717 | Val Acc: 0.9444
2026-09-07 21:22:48 [INFO] Epoch 059 | Train Loss: 0.4276 | Train Acc: 0.9162 | Val Loss: 0.1853 | Val Acc: 0.9547
2026-09-07 21:22:51 [INFO] Epoch 060 | Train Loss: 0.5100 | Train Acc: 0.9020 | Val Loss: 0.1539 | Val Acc: 0.9609
2026-09-07 21:22:54 [INFO] Epoch 061 | Train Loss: 0.4226 | Train Acc: 0.9141 | Val Loss: 0.1245 | Val Acc: 0.9609
2026-09-07 21:22:57 [INFO] Epoch 062 | Train Loss: 0.4703 | Train Acc: 0.9101 | Val Loss: 0.1668 | Val Acc: 0.9506
2026-09-07 21:22:59 [INFO] Epoch 063 | Train Loss: 0.5001 | Train Acc: 0.8990 | Val Loss: 0.1796 | Val Acc: 0.9547
2026-09-07 21:23:02 [INFO] Epoch 064 | Train Loss: 0.4749 | Train Acc: 0.9081 | Val Loss: 0.1754 | Val Acc: 0.9403
2026-09-07 21:23:05 [INFO] Epoch 065 | Train Loss: 0.4035 | Train Acc: 0.9303 | Val Loss: 0.1771 | Val Acc: 0.9527
2026-09-07 21:23:08 [INFO] Epoch 066 | Train Loss: 0.3852 | Train Acc: 0.9182 | Val Loss: 0.1703 | Val Acc: 0.9527
2026-09-07 21:23:10 [INFO] Epoch 067 | Train Loss: 0.3420 | Train Acc: 0.9333 | Val Loss: 0.1770 | Val Acc: 0.9383
2026-09-07 21:23:13 [INFO] Epoch 068 | Train Loss: 0.4412 | Train Acc: 0.9182 | Val Loss: 0.1363 | Val Acc: 0.9588
2026-09-07 21:23:16 [INFO] Epoch 069 | Train Loss: 0.3867 | Train Acc: 0.9242 | Val Loss: 0.1426 | Val Acc: 0.9588
2026-09-07 21:23:18 [INFO] Epoch 070 | Train Loss: 0.4274 | Train Acc: 0.9212 | Val Loss: 0.1529 | Val Acc: 0.9547
2026-09-07 21:23:21 [INFO] Epoch 071 | Train Loss: 0.4382 | Train Acc: 0.9141 | Val Loss: 0.1512 | Val Acc: 0.9547
2026-09-07 21:23:24 [INFO] Epoch 072 | Train Loss: 0.3615 | Train Acc: 0.9232 | Val Loss: 0.1476 | Val Acc: 0.9527
2026-09-07 21:23:26 [INFO] Epoch 073 | Train Loss: 0.3738 | Train Acc: 0.9303 | Val Loss: 0.1346 | Val Acc: 0.9547
2026-09-07 21:23:29 [INFO] Epoch 074 | Train Loss: 0.3665 | Train Acc: 0.9414 | Val Loss: 0.1458 | Val Acc: 0.9547
2026-09-07 21:23:32 [INFO] Epoch 075 | Train Loss: 0.3856 | Train Acc: 0.9101 | Val Loss: 0.1466 | Val Acc: 0.9527
2026-09-07 21:23:34 [INFO] Epoch 076 | Train Loss: 0.4273 | Train Acc: 0.9182 | Val Loss: 0.1460 | Val Acc: 0.9609
2026-09-07 21:23:37 [INFO] Epoch 077 | Train Loss: 0.3367 | Train Acc: 0.9323 | Val Loss: 0.1322 | Val Acc: 0.9547
2026-09-07 21:23:40 [INFO] Epoch 078 | Train Loss: 0.3241 | Train Acc: 0.9414 | Val Loss: 0.1380 | Val Acc: 0.9527
2026-09-07 21:23:43 [INFO] Epoch 079 | Train Loss: 0.3526 | Train Acc: 0.9263 | Val Loss: 0.1425 | Val Acc: 0.9527
2026-09-07 21:23:45 [INFO] Epoch 080 | Train Loss: 0.3774 | Train Acc: 0.9242 | Val Loss: 0.1383 | Val Acc: 0.9568
2026-09-07 21:23:49 [INFO] Epoch 081 | Train Loss: 0.3974 | Train Acc: 0.9303 | Val Loss: 0.1475 | Val Acc: 0.9588
2026-09-07 21:23:51 [INFO] Epoch 082 | Train Loss: 0.3721 | Train Acc: 0.9242 | Val Loss: 0.1301 | Val Acc: 0.9568
2026-09-07 21:23:54 [INFO] Epoch 083 | Train Loss: 0.3122 | Train Acc: 0.9505 | Val Loss: 0.1394 | Val Acc: 0.9547
2026-09-07 21:23:54 [INFO] ⏹ Early stopping tại epoch 83 (không cải thiện sau 30 epoch, best=0.9609)
2026-09-07 21:23:54 [INFO] Evaluating Best Model on TEST Set...
2026-09-07 21:23:54 [INFO] 
[RESUME] Đang nạp checkpoint từ: /home/biu-linux/DeepLearning_Projects/DoAnNganh/HybricMamba/Ressult/TFJ/LIGHT_HYBRIC_MAMBA/NEU-DET_surface-dec/LIGHT_HYBRIC_MAMBA_best.pth
2026-09-07 21:23:55 [INFO] 🎯 [TEST RESULT] Test Acc: 0.9290 | F1-Macro: 0.9290 | F1-Weighted: 0.9290
2026-09-07 21:33:59 [INFO] Dataset: NEU-DET_surface-dec | Số nhãn (classes): 6 | Tổng số ảnh: 1800
2026-09-07 21:33:59 [INFO] Dữ liệu đã chia -> Train (70%): 990 | Val (15%): 486 | Test (15%): 324
2026-09-07 21:33:59 [INFO] 
🔍 Kiểm tra phân bố class trong batch:
2026-09-07 21:34:01 [INFO]   Batch 0: 4 classes (first 5: [0, 2, 3, 4])
2026-09-07 21:34:01 [INFO]   Batch 1: 4 classes (first 5: [2, 3, 4, 5])
2026-09-07 21:34:01 [INFO]   Batch 2: 5 classes (first 5: [0, 1, 2, 3, 4])
2026-09-07 21:34:01 [INFO]   Batch 3: 4 classes (first 5: [0, 1, 2, 3])
2026-09-07 21:34:01 [INFO]   Batch 4: 4 classes (first 5: [1, 3, 4, 5])
2026-09-07 21:34:01 [WARNING] ⚠️ WARNING: Trung bình 4.2 classes/batch - Dữ liệu chưa được trộn đều!
2026-09-07 21:34:01 [INFO] ============================================================
2026-09-07 21:34:01 [INFO] Starting training: LIGHT_HYBRIC_MAMBA
2026-09-07 21:34:01 [INFO] Dataset: NEU-DET_surface-dec | Path: /home/biu-linux/DeepLearning_Projects/DoAnNganh/data/NEU-DET
2026-09-07 21:34:01 [INFO] Device: cuda
2026-09-07 21:34:01 [INFO] GPU: NVIDIA GeForce RTX 3050 Laptop GPU
2026-09-07 21:34:01 [INFO] ============================================================
2026-09-07 21:34:01 [INFO] 
[RESUME] Đang nạp checkpoint từ: /home/biu-linux/DeepLearning_Projects/DoAnNganh/HybricMamba/Ressult/TFJ/LIGHT_HYBRIC_MAMBA/NEU-DET_surface-dec/LIGHT_HYBRIC_MAMBA_best.pth
2026-09-07 21:34:06 [INFO] Epoch 054 | Train Loss: 0.5757 | Train Acc: 0.8758 | Val Loss: 0.1581 | Val Acc: 0.9362
2026-09-07 21:34:09 [INFO] Epoch 055 | Train Loss: 0.5928 | Train Acc: 0.8747 | Val Loss: 0.2118 | Val Acc: 0.9362
2026-09-07 21:34:12 [INFO] Epoch 056 | Train Loss: 0.5119 | Train Acc: 0.9000 | Val Loss: 0.1667 | Val Acc: 0.9403
2026-09-07 21:34:15 [INFO] Epoch 057 | Train Loss: 0.5094 | Train Acc: 0.8970 | Val Loss: 0.1473 | Val Acc: 0.9424
2026-09-07 21:34:18 [INFO] Epoch 058 | Train Loss: 0.5075 | Train Acc: 0.8919 | Val Loss: 0.1812 | Val Acc: 0.9321
2026-09-07 21:34:21 [INFO] Epoch 059 | Train Loss: 0.5591 | Train Acc: 0.8899 | Val Loss: 0.1698 | Val Acc: 0.9259
2026-09-07 21:34:24 [INFO] Epoch 060 | Train Loss: 0.4674 | Train Acc: 0.9020 | Val Loss: 0.1334 | Val Acc: 0.9568
2026-09-07 21:34:27 [INFO] Epoch 061 | Train Loss: 0.4398 | Train Acc: 0.9192 | Val Loss: 0.1596 | Val Acc: 0.9362
2026-09-07 21:34:30 [INFO] Epoch 062 | Train Loss: 0.5269 | Train Acc: 0.9030 | Val Loss: 0.1235 | Val Acc: 0.9547
2026-09-07 21:34:33 [INFO] Epoch 063 | Train Loss: 0.4732 | Train Acc: 0.9131 | Val Loss: 0.1791 | Val Acc: 0.9259
2026-09-07 21:34:36 [INFO] Epoch 064 | Train Loss: 0.4447 | Train Acc: 0.9131 | Val Loss: 0.1632 | Val Acc: 0.9300
2026-09-07 21:34:39 [INFO] Epoch 065 | Train Loss: 0.4793 | Train Acc: 0.9020 | Val Loss: 0.1630 | Val Acc: 0.9403
2026-09-07 21:34:42 [INFO] Epoch 066 | Train Loss: 0.4654 | Train Acc: 0.9081 | Val Loss: 0.1752 | Val Acc: 0.9403
2026-09-07 21:34:45 [INFO] Epoch 067 | Train Loss: 0.4417 | Train Acc: 0.9162 | Val Loss: 0.1522 | Val Acc: 0.9444
2026-09-07 21:34:48 [INFO] Epoch 068 | Train Loss: 0.4436 | Train Acc: 0.9212 | Val Loss: 0.1435 | Val Acc: 0.9424
2026-09-07 21:34:51 [INFO] Epoch 069 | Train Loss: 0.5178 | Train Acc: 0.8909 | Val Loss: 0.1621 | Val Acc: 0.9342
2026-09-07 21:34:54 [INFO] Epoch 070 | Train Loss: 0.4593 | Train Acc: 0.9081 | Val Loss: 0.1527 | Val Acc: 0.9403
2026-09-07 21:34:57 [INFO] Epoch 071 | Train Loss: 0.4432 | Train Acc: 0.9101 | Val Loss: 0.1427 | Val Acc: 0.9444
2026-09-07 21:35:00 [INFO] Epoch 072 | Train Loss: 0.4299 | Train Acc: 0.9101 | Val Loss: 0.1364 | Val Acc: 0.9486
2026-09-07 21:35:03 [INFO] Epoch 073 | Train Loss: 0.3864 | Train Acc: 0.9192 | Val Loss: 0.1810 | Val Acc: 0.9300
2026-09-07 21:35:06 [INFO] Epoch 074 | Train Loss: 0.3455 | Train Acc: 0.9263 | Val Loss: 0.1474 | Val Acc: 0.9403
2026-09-07 21:35:09 [INFO] Epoch 075 | Train Loss: 0.3892 | Train Acc: 0.9131 | Val Loss: 0.1816 | Val Acc: 0.9383
2026-09-07 21:35:12 [INFO] Epoch 076 | Train Loss: 0.4011 | Train Acc: 0.9212 | Val Loss: 0.1499 | Val Acc: 0.9362
2026-09-07 21:35:15 [INFO] Epoch 077 | Train Loss: 0.4147 | Train Acc: 0.9202 | Val Loss: 0.1510 | Val Acc: 0.9383
2026-09-07 21:35:18 [INFO] Epoch 078 | Train Loss: 0.3667 | Train Acc: 0.9283 | Val Loss: 0.1340 | Val Acc: 0.9465
2026-09-07 21:35:21 [INFO] Epoch 079 | Train Loss: 0.4208 | Train Acc: 0.9232 | Val Loss: 0.1441 | Val Acc: 0.9362
2026-09-07 21:35:24 [INFO] Epoch 080 | Train Loss: 0.3841 | Train Acc: 0.9242 | Val Loss: 0.1264 | Val Acc: 0.9465
2026-09-07 21:35:27 [INFO] Epoch 081 | Train Loss: 0.3450 | Train Acc: 0.9333 | Val Loss: 0.1570 | Val Acc: 0.9362
2026-09-07 21:35:30 [INFO] Epoch 082 | Train Loss: 0.4218 | Train Acc: 0.9152 | Val Loss: 0.1544 | Val Acc: 0.9383
2026-09-07 21:35:33 [INFO] Epoch 083 | Train Loss: 0.4291 | Train Acc: 0.9253 | Val Loss: 0.1408 | Val Acc: 0.9383
2026-09-07 21:35:36 [INFO] Epoch 084 | Train Loss: 0.3965 | Train Acc: 0.9212 | Val Loss: 0.1327 | Val Acc: 0.9444
2026-09-07 21:35:39 [INFO] Epoch 085 | Train Loss: 0.3494 | Train Acc: 0.9354 | Val Loss: 0.1305 | Val Acc: 0.9486
2026-09-07 21:35:42 [INFO] Epoch 086 | Train Loss: 0.3973 | Train Acc: 0.9263 | Val Loss: 0.1400 | Val Acc: 0.9424
2026-09-07 21:35:45 [INFO] Epoch 087 | Train Loss: 0.3837 | Train Acc: 0.9263 | Val Loss: 0.1552 | Val Acc: 0.9444
2026-09-07 21:35:48 [INFO] Epoch 088 | Train Loss: 0.3821 | Train Acc: 0.9222 | Val Loss: 0.1463 | Val Acc: 0.9424
2026-09-07 21:35:51 [INFO] Epoch 089 | Train Loss: 0.3848 | Train Acc: 0.9242 | Val Loss: 0.1409 | Val Acc: 0.9444
2026-09-07 21:36:34 [INFO] Dataset: NEU-DET_surface-dec | Số nhãn (classes): 6 | Tổng số ảnh: 1800
2026-09-07 21:36:34 [INFO] Dữ liệu đã chia -> Train (70%): 990 | Val (15%): 486 | Test (15%): 324
2026-09-07 21:36:34 [INFO] 
🔍 Kiểm tra phân bố class trong batch:
2026-09-07 21:36:36 [INFO]   Batch 0: 4 classes (first 5: [0, 2, 3, 5])
2026-09-07 21:36:36 [INFO]   Batch 1: 3 classes (first 5: [0, 1, 5])
2026-09-07 21:36:36 [INFO]   Batch 2: 6 classes (first 5: [0, 1, 2, 3, 4])
2026-09-07 21:36:36 [INFO]   Batch 3: 3 classes (first 5: [0, 1, 5])
2026-09-07 21:36:36 [INFO]   Batch 4: 4 classes (first 5: [1, 2, 3, 5])
2026-09-07 21:36:36 [WARNING] ⚠️ WARNING: Trung bình 4.0 classes/batch - Dữ liệu chưa được trộn đều!
2026-09-07 21:36:36 [INFO] ============================================================
2026-09-07 21:36:36 [INFO] Starting training: LIGHT_HYBRIC_MAMBA
2026-09-07 21:36:36 [INFO] Dataset: NEU-DET_surface-dec | Path: /home/biu-linux/DeepLearning_Projects/DoAnNganh/data/NEU-DET
2026-09-07 21:36:36 [INFO] Device: cuda
2026-09-07 21:36:36 [INFO] GPU: NVIDIA GeForce RTX 3050 Laptop GPU
2026-09-07 21:36:36 [INFO] ============================================================
2026-09-07 21:36:36 [INFO] 
[RESUME] Đang nạp checkpoint từ: /home/biu-linux/DeepLearning_Projects/DoAnNganh/HybricMamba/Ressult/TFJ/LIGHT_HYBRIC_MAMBA/NEU-DET_surface-dec/LIGHT_HYBRIC_MAMBA_best.pth
2026-09-07 21:36:56 [INFO] Dataset: NEU-DET_surface-dec | Số nhãn (classes): 6 | Tổng số ảnh: 1800
2026-09-07 21:36:56 [INFO] Dữ liệu đã chia -> Train (70%): 990 | Val (15%): 486 | Test (15%): 324
2026-09-07 21:36:56 [INFO] 
🔍 Kiểm tra phân bố class trong batch:
2026-09-07 21:36:58 [INFO]   Batch 0: 3 classes (first 5: [1, 2, 4])
2026-09-07 21:36:58 [INFO]   Batch 1: 3 classes (first 5: [0, 2, 4])
2026-09-07 21:36:58 [INFO]   Batch 2: 5 classes (first 5: [0, 1, 2, 3, 5])
2026-09-07 21:36:58 [INFO]   Batch 3: 5 classes (first 5: [0, 1, 2, 4, 5])
2026-09-07 21:36:58 [INFO]   Batch 4: 4 classes (first 5: [0, 2, 4, 5])
2026-09-07 21:36:58 [WARNING] ⚠️ WARNING: Trung bình 4.0 classes/batch - Dữ liệu chưa được trộn đều!
2026-09-07 21:36:58 [INFO] ============================================================
2026-09-07 21:36:58 [INFO] Starting training: LIGHT_HYBRIC_MAMBA
2026-09-07 21:36:58 [INFO] Dataset: NEU-DET_surface-dec | Path: /home/biu-linux/DeepLearning_Projects/DoAnNganh/data/NEU-DET
2026-09-07 21:36:58 [INFO] Device: cuda
2026-09-07 21:36:58 [INFO] GPU: NVIDIA GeForce RTX 3050 Laptop GPU
2026-09-07 21:36:58 [INFO] ============================================================
2026-09-07 21:37:03 [INFO] Epoch 000 | Train Loss: 2.7723 | Train Acc: 0.2818 | Val Loss: 1.5253 | Val Acc: 0.4671
2026-09-07 21:37:03 [INFO] ✓ Saved best model: Val Acc=0.4671 at epoch 0
2026-09-07 21:37:06 [INFO] Epoch 001 | Train Loss: 2.4240 | Train Acc: 0.4253 | Val Loss: 1.1282 | Val Acc: 0.5864
2026-09-07 21:37:06 [INFO] ✓ Saved best model: Val Acc=0.5864 at epoch 1
2026-09-07 21:37:09 [INFO] Epoch 002 | Train Loss: 2.1695 | Train Acc: 0.4606 | Val Loss: 0.9822 | Val Acc: 0.6667
2026-09-07 21:37:09 [INFO] ✓ Saved best model: Val Acc=0.6667 at epoch 2
2026-09-07 21:37:12 [INFO] Epoch 003 | Train Loss: 2.0615 | Train Acc: 0.5152 | Val Loss: 1.0661 | Val Acc: 0.5844
2026-09-07 21:37:15 [INFO] Epoch 004 | Train Loss: 1.9177 | Train Acc: 0.5424 | Val Loss: 0.7393 | Val Acc: 0.7881
2026-09-07 21:37:15 [INFO] ✓ Saved best model: Val Acc=0.7881 at epoch 4
2026-09-07 21:37:18 [INFO] Epoch 005 | Train Loss: 1.7955 | Train Acc: 0.5879 | Val Loss: 0.6847 | Val Acc: 0.7572
2026-09-07 21:37:21 [INFO] Epoch 006 | Train Loss: 1.6123 | Train Acc: 0.6384 | Val Loss: 0.6006 | Val Acc: 0.8169
2026-09-07 21:37:21 [INFO] ✓ Saved best model: Val Acc=0.8169 at epoch 6
2026-09-07 21:37:24 [INFO] Epoch 007 | Train Loss: 1.5617 | Train Acc: 0.6232 | Val Loss: 0.5415 | Val Acc: 0.8004
2026-09-07 21:37:27 [INFO] Epoch 008 | Train Loss: 1.4980 | Train Acc: 0.6586 | Val Loss: 0.5126 | Val Acc: 0.8251
2026-09-07 21:37:27 [INFO] ✓ Saved best model: Val Acc=0.8251 at epoch 8
2026-09-07 21:37:30 [INFO] Epoch 009 | Train Loss: 1.4377 | Train Acc: 0.6596 | Val Loss: 0.5589 | Val Acc: 0.8107
2026-09-07 21:37:33 [INFO] Epoch 010 | Train Loss: 1.3511 | Train Acc: 0.6838 | Val Loss: 0.4945 | Val Acc: 0.7901
2026-09-07 21:37:36 [INFO] Epoch 011 | Train Loss: 1.3289 | Train Acc: 0.6747 | Val Loss: 0.5334 | Val Acc: 0.7963
2026-09-07 21:37:39 [INFO] Epoch 012 | Train Loss: 1.2390 | Train Acc: 0.7222 | Val Loss: 0.4024 | Val Acc: 0.8580
2026-09-07 21:37:39 [INFO] ✓ Saved best model: Val Acc=0.8580 at epoch 12
2026-09-07 21:37:42 [INFO] Epoch 013 | Train Loss: 1.2296 | Train Acc: 0.7000 | Val Loss: 0.5487 | Val Acc: 0.7469
2026-09-07 21:37:45 [INFO] Epoch 014 | Train Loss: 1.1577 | Train Acc: 0.7313 | Val Loss: 0.3574 | Val Acc: 0.8848
2026-09-07 21:37:45 [INFO] ✓ Saved best model: Val Acc=0.8848 at epoch 14
2026-09-07 21:37:48 [INFO] Epoch 015 | Train Loss: 1.0494 | Train Acc: 0.7545 | Val Loss: 0.3559 | Val Acc: 0.9012
2026-09-07 21:37:48 [INFO] ✓ Saved best model: Val Acc=0.9012 at epoch 15
2026-09-07 21:37:51 [INFO] Epoch 016 | Train Loss: 1.1504 | Train Acc: 0.7273 | Val Loss: 0.3914 | Val Acc: 0.8539
2026-09-07 21:37:54 [INFO] Epoch 017 | Train Loss: 1.1404 | Train Acc: 0.7253 | Val Loss: 0.3731 | Val Acc: 0.8827
2026-09-07 21:37:57 [INFO] Epoch 018 | Train Loss: 1.0682 | Train Acc: 0.7636 | Val Loss: 0.3330 | Val Acc: 0.8827
2026-09-07 21:38:00 [INFO] Epoch 019 | Train Loss: 1.0133 | Train Acc: 0.7677 | Val Loss: 0.4066 | Val Acc: 0.8745
2026-09-07 21:38:03 [INFO] Epoch 020 | Train Loss: 1.0237 | Train Acc: 0.7667 | Val Loss: 0.4271 | Val Acc: 0.8560
2026-09-07 21:38:06 [INFO] Epoch 021 | Train Loss: 0.9885 | Train Acc: 0.7929 | Val Loss: 0.4049 | Val Acc: 0.8251
2026-09-07 21:38:09 [INFO] Epoch 022 | Train Loss: 1.0072 | Train Acc: 0.7687 | Val Loss: 0.3488 | Val Acc: 0.8786
2026-09-07 21:38:12 [INFO] Epoch 023 | Train Loss: 0.8847 | Train Acc: 0.7949 | Val Loss: 0.3225 | Val Acc: 0.8889
2026-09-07 21:38:15 [INFO] Epoch 024 | Train Loss: 0.9086 | Train Acc: 0.7939 | Val Loss: 0.3538 | Val Acc: 0.8786
2026-09-07 21:38:18 [INFO] Epoch 025 | Train Loss: 0.9600 | Train Acc: 0.7889 | Val Loss: 0.3137 | Val Acc: 0.8951
2026-09-07 21:38:21 [INFO] Epoch 026 | Train Loss: 0.9287 | Train Acc: 0.7879 | Val Loss: 0.2813 | Val Acc: 0.9053
2026-09-07 21:38:21 [INFO] ✓ Saved best model: Val Acc=0.9053 at epoch 26
2026-09-07 21:38:24 [INFO] Epoch 027 | Train Loss: 0.8890 | Train Acc: 0.7859 | Val Loss: 0.2826 | Val Acc: 0.8992
2026-09-07 21:38:27 [INFO] Epoch 028 | Train Loss: 0.9150 | Train Acc: 0.7960 | Val Loss: 0.2764 | Val Acc: 0.9074
2026-09-07 21:38:27 [INFO] ✓ Saved best model: Val Acc=0.9074 at epoch 28
2026-09-07 21:38:30 [INFO] Epoch 029 | Train Loss: 0.8722 | Train Acc: 0.7960 | Val Loss: 0.3475 | Val Acc: 0.8724
2026-09-07 21:38:33 [INFO] Epoch 030 | Train Loss: 0.7844 | Train Acc: 0.8374 | Val Loss: 0.2744 | Val Acc: 0.9115
2026-09-07 21:38:33 [INFO] ✓ Saved best model: Val Acc=0.9115 at epoch 30
2026-09-07 21:38:36 [INFO] Epoch 031 | Train Loss: 0.7688 | Train Acc: 0.8354 | Val Loss: 0.2856 | Val Acc: 0.8971
2026-09-07 21:38:39 [INFO] Epoch 032 | Train Loss: 0.8434 | Train Acc: 0.8030 | Val Loss: 0.2524 | Val Acc: 0.9198
2026-09-07 21:38:39 [INFO] ✓ Saved best model: Val Acc=0.9198 at epoch 32
2026-09-07 21:38:42 [INFO] Epoch 033 | Train Loss: 0.8399 | Train Acc: 0.8253 | Val Loss: 0.2279 | Val Acc: 0.9383
2026-09-07 21:38:42 [INFO] ✓ Saved best model: Val Acc=0.9383 at epoch 33
2026-09-07 21:38:45 [INFO] Epoch 034 | Train Loss: 0.8042 | Train Acc: 0.8101 | Val Loss: 0.2893 | Val Acc: 0.8951
2026-09-07 21:38:48 [INFO] Epoch 035 | Train Loss: 0.7144 | Train Acc: 0.8495 | Val Loss: 0.2512 | Val Acc: 0.9012
2026-09-07 21:38:51 [INFO] Epoch 036 | Train Loss: 0.7118 | Train Acc: 0.8535 | Val Loss: 0.2475 | Val Acc: 0.9136
2026-09-07 21:38:54 [INFO] Epoch 037 | Train Loss: 0.7445 | Train Acc: 0.8424 | Val Loss: 0.2450 | Val Acc: 0.9280
2026-09-07 21:38:57 [INFO] Epoch 038 | Train Loss: 0.7852 | Train Acc: 0.8354 | Val Loss: 0.2299 | Val Acc: 0.9239
2026-09-07 21:39:00 [INFO] Epoch 039 | Train Loss: 0.7099 | Train Acc: 0.8465 | Val Loss: 0.2756 | Val Acc: 0.8971
2026-09-07 21:39:03 [INFO] Epoch 040 | Train Loss: 0.7731 | Train Acc: 0.8374 | Val Loss: 0.2433 | Val Acc: 0.9300
2026-09-07 21:39:06 [INFO] Epoch 041 | Train Loss: 0.7007 | Train Acc: 0.8495 | Val Loss: 0.2154 | Val Acc: 0.9239
2026-09-07 21:39:09 [INFO] Epoch 042 | Train Loss: 0.7111 | Train Acc: 0.8444 | Val Loss: 0.2147 | Val Acc: 0.9239
2026-09-07 21:39:12 [INFO] Epoch 043 | Train Loss: 0.6276 | Train Acc: 0.8626 | Val Loss: 0.2631 | Val Acc: 0.9259
2026-09-07 21:39:15 [INFO] Epoch 044 | Train Loss: 0.6721 | Train Acc: 0.8657 | Val Loss: 0.2195 | Val Acc: 0.9300
2026-09-07 21:39:18 [INFO] Epoch 045 | Train Loss: 0.6731 | Train Acc: 0.8626 | Val Loss: 0.2607 | Val Acc: 0.9259
2026-09-07 21:39:21 [INFO] Epoch 046 | Train Loss: 0.6371 | Train Acc: 0.8485 | Val Loss: 0.2000 | Val Acc: 0.9403
2026-09-07 21:39:21 [INFO] ✓ Saved best model: Val Acc=0.9403 at epoch 46
2026-09-07 21:39:24 [INFO] Epoch 047 | Train Loss: 0.6715 | Train Acc: 0.8586 | Val Loss: 0.2363 | Val Acc: 0.9218
2026-09-07 21:39:27 [INFO] Epoch 048 | Train Loss: 0.6722 | Train Acc: 0.8606 | Val Loss: 0.2196 | Val Acc: 0.9280
2026-09-07 21:39:30 [INFO] Epoch 049 | Train Loss: 0.6153 | Train Acc: 0.8677 | Val Loss: 0.1848 | Val Acc: 0.9403
2026-09-07 21:39:33 [INFO] Epoch 050 | Train Loss: 0.5938 | Train Acc: 0.8697 | Val Loss: 0.2421 | Val Acc: 0.9136
2026-09-07 21:39:36 [INFO] Epoch 051 | Train Loss: 0.6167 | Train Acc: 0.8697 | Val Loss: 0.2161 | Val Acc: 0.9383
2026-09-07 21:39:39 [INFO] Epoch 052 | Train Loss: 0.5680 | Train Acc: 0.8879 | Val Loss: 0.2587 | Val Acc: 0.9177
2026-09-07 21:39:42 [INFO] Epoch 053 | Train Loss: 0.5862 | Train Acc: 0.8768 | Val Loss: 0.2437 | Val Acc: 0.9239
2026-09-07 21:39:45 [INFO] Epoch 054 | Train Loss: 0.5838 | Train Acc: 0.8768 | Val Loss: 0.1932 | Val Acc: 0.9300
2026-09-07 21:39:48 [INFO] Epoch 055 | Train Loss: 0.5998 | Train Acc: 0.8818 | Val Loss: 0.1959 | Val Acc: 0.9342
2026-09-07 21:39:52 [INFO] Epoch 056 | Train Loss: 0.5902 | Train Acc: 0.8697 | Val Loss: 0.2445 | Val Acc: 0.9280
2026-09-07 21:39:55 [INFO] Epoch 057 | Train Loss: 0.5906 | Train Acc: 0.8848 | Val Loss: 0.1885 | Val Acc: 0.9444
2026-09-07 21:39:55 [INFO] ✓ Saved best model: Val Acc=0.9444 at epoch 57
2026-09-07 21:39:58 [INFO] Epoch 058 | Train Loss: 0.5720 | Train Acc: 0.8848 | Val Loss: 0.2049 | Val Acc: 0.9424
2026-09-07 21:40:01 [INFO] Epoch 059 | Train Loss: 0.5721 | Train Acc: 0.8758 | Val Loss: 0.1974 | Val Acc: 0.9383
2026-09-07 21:40:04 [INFO] Epoch 060 | Train Loss: 0.5511 | Train Acc: 0.8889 | Val Loss: 0.1849 | Val Acc: 0.9383
2026-09-07 21:40:07 [INFO] Epoch 061 | Train Loss: 0.5235 | Train Acc: 0.8970 | Val Loss: 0.1918 | Val Acc: 0.9465
2026-09-07 21:40:07 [INFO] ✓ Saved best model: Val Acc=0.9465 at epoch 61
2026-09-07 21:40:10 [INFO] Epoch 062 | Train Loss: 0.5244 | Train Acc: 0.8970 | Val Loss: 0.1975 | Val Acc: 0.9218
2026-09-07 21:40:13 [INFO] Epoch 063 | Train Loss: 0.5305 | Train Acc: 0.8899 | Val Loss: 0.1759 | Val Acc: 0.9424
2026-09-07 21:40:16 [INFO] Epoch 064 | Train Loss: 0.5023 | Train Acc: 0.8949 | Val Loss: 0.2017 | Val Acc: 0.9342
2026-09-07 21:40:19 [INFO] Epoch 065 | Train Loss: 0.4669 | Train Acc: 0.9121 | Val Loss: 0.1868 | Val Acc: 0.9444
2026-09-07 21:40:22 [INFO] Epoch 066 | Train Loss: 0.4850 | Train Acc: 0.9020 | Val Loss: 0.1725 | Val Acc: 0.9424
2026-09-07 21:40:25 [INFO] Epoch 067 | Train Loss: 0.5543 | Train Acc: 0.8848 | Val Loss: 0.1728 | Val Acc: 0.9342
2026-09-07 21:40:28 [INFO] Epoch 068 | Train Loss: 0.5220 | Train Acc: 0.8909 | Val Loss: 0.1540 | Val Acc: 0.9506
2026-09-07 21:40:28 [INFO] ✓ Saved best model: Val Acc=0.9506 at epoch 68
2026-09-07 21:40:31 [INFO] Epoch 069 | Train Loss: 0.4595 | Train Acc: 0.9010 | Val Loss: 0.1442 | Val Acc: 0.9609
2026-09-07 21:40:31 [INFO] ✓ Saved best model: Val Acc=0.9609 at epoch 69
2026-09-07 21:40:34 [INFO] Epoch 070 | Train Loss: 0.4898 | Train Acc: 0.9071 | Val Loss: 0.1531 | Val Acc: 0.9547
2026-09-07 21:40:37 [INFO] Epoch 071 | Train Loss: 0.4914 | Train Acc: 0.8929 | Val Loss: 0.1794 | Val Acc: 0.9342
2026-09-07 21:40:40 [INFO] Epoch 072 | Train Loss: 0.4657 | Train Acc: 0.9040 | Val Loss: 0.1505 | Val Acc: 0.9547
2026-09-07 21:40:43 [INFO] Epoch 073 | Train Loss: 0.4726 | Train Acc: 0.9010 | Val Loss: 0.1494 | Val Acc: 0.9568
2026-09-07 21:40:46 [INFO] Epoch 074 | Train Loss: 0.4867 | Train Acc: 0.9020 | Val Loss: 0.1542 | Val Acc: 0.9465
2026-09-07 21:40:49 [INFO] Epoch 075 | Train Loss: 0.4675 | Train Acc: 0.9010 | Val Loss: 0.1469 | Val Acc: 0.9506
2026-09-07 21:40:52 [INFO] Epoch 076 | Train Loss: 0.4504 | Train Acc: 0.9081 | Val Loss: 0.1541 | Val Acc: 0.9444
2026-09-07 21:40:55 [INFO] Epoch 077 | Train Loss: 0.4508 | Train Acc: 0.9111 | Val Loss: 0.1501 | Val Acc: 0.9506
2026-09-07 21:40:58 [INFO] Epoch 078 | Train Loss: 0.4651 | Train Acc: 0.9091 | Val Loss: 0.1496 | Val Acc: 0.9486
2026-09-07 21:41:01 [INFO] Epoch 079 | Train Loss: 0.4176 | Train Acc: 0.9101 | Val Loss: 0.1516 | Val Acc: 0.9527
2026-09-07 21:41:04 [INFO] Epoch 080 | Train Loss: 0.4196 | Train Acc: 0.9242 | Val Loss: 0.1692 | Val Acc: 0.9486
2026-09-07 21:41:07 [INFO] Epoch 081 | Train Loss: 0.4214 | Train Acc: 0.9212 | Val Loss: 0.1633 | Val Acc: 0.9486
2026-09-07 21:41:10 [INFO] Epoch 082 | Train Loss: 0.4101 | Train Acc: 0.9141 | Val Loss: 0.1631 | Val Acc: 0.9588
2026-09-07 21:41:13 [INFO] Epoch 083 | Train Loss: 0.3987 | Train Acc: 0.9232 | Val Loss: 0.1373 | Val Acc: 0.9609
2026-09-07 21:41:16 [INFO] Epoch 084 | Train Loss: 0.4288 | Train Acc: 0.9141 | Val Loss: 0.1407 | Val Acc: 0.9506
2026-09-07 21:41:19 [INFO] Epoch 085 | Train Loss: 0.3845 | Train Acc: 0.9283 | Val Loss: 0.1483 | Val Acc: 0.9568
2026-09-07 21:41:21 [INFO] Epoch 086 | Train Loss: 0.4068 | Train Acc: 0.9131 | Val Loss: 0.1407 | Val Acc: 0.9609
2026-09-07 21:41:24 [INFO] Epoch 087 | Train Loss: 0.4223 | Train Acc: 0.9222 | Val Loss: 0.1400 | Val Acc: 0.9568
2026-09-07 21:41:27 [INFO] Epoch 088 | Train Loss: 0.3398 | Train Acc: 0.9232 | Val Loss: 0.1383 | Val Acc: 0.9527
2026-09-07 21:41:30 [INFO] Epoch 089 | Train Loss: 0.4106 | Train Acc: 0.9141 | Val Loss: 0.1445 | Val Acc: 0.9527
2026-09-07 21:41:33 [INFO] Epoch 090 | Train Loss: 0.4069 | Train Acc: 0.9101 | Val Loss: 0.1376 | Val Acc: 0.9568
2026-09-07 21:41:36 [INFO] Epoch 091 | Train Loss: 0.3761 | Train Acc: 0.9283 | Val Loss: 0.1365 | Val Acc: 0.9568
2026-09-07 21:41:39 [INFO] Epoch 092 | Train Loss: 0.4191 | Train Acc: 0.9162 | Val Loss: 0.1328 | Val Acc: 0.9630
2026-09-07 21:41:39 [INFO] ✓ Saved best model: Val Acc=0.9630 at epoch 92
2026-09-07 21:41:42 [INFO] Epoch 093 | Train Loss: 0.4092 | Train Acc: 0.9232 | Val Loss: 0.1447 | Val Acc: 0.9547
2026-09-07 21:41:45 [INFO] Epoch 094 | Train Loss: 0.3539 | Train Acc: 0.9394 | Val Loss: 0.1513 | Val Acc: 0.9506
2026-09-07 21:41:48 [INFO] Epoch 095 | Train Loss: 0.4372 | Train Acc: 0.9152 | Val Loss: 0.1372 | Val Acc: 0.9588
2026-09-07 21:41:51 [INFO] Epoch 096 | Train Loss: 0.3923 | Train Acc: 0.9152 | Val Loss: 0.1377 | Val Acc: 0.9568
2026-09-07 21:41:54 [INFO] Epoch 097 | Train Loss: 0.3833 | Train Acc: 0.9232 | Val Loss: 0.1393 | Val Acc: 0.9547
2026-09-07 21:41:57 [INFO] Epoch 098 | Train Loss: 0.3949 | Train Acc: 0.9202 | Val Loss: 0.1325 | Val Acc: 0.9609
2026-09-07 21:42:00 [INFO] Epoch 099 | Train Loss: 0.4163 | Train Acc: 0.9111 | Val Loss: 0.1331 | Val Acc: 0.9588
2026-09-07 21:42:19 [INFO] Dataset: NEU-DET_surface-dec | Số nhãn (classes): 6 | Tổng số ảnh: 1800
2026-09-07 21:42:19 [INFO] Dữ liệu đã chia -> Train (70%): 990 | Val (15%): 486 | Test (15%): 324
2026-09-07 21:42:19 [INFO] 
🔍 Kiểm tra phân bố class trong batch:
2026-09-07 21:42:21 [INFO]   Batch 0: 3 classes (first 5: [0, 1, 4])
2026-09-07 21:42:21 [INFO]   Batch 1: 5 classes (first 5: [0, 1, 2, 3, 5])
2026-09-07 21:42:21 [INFO]   Batch 2: 5 classes (first 5: [0, 1, 2, 3, 5])
2026-09-07 21:42:21 [INFO]   Batch 3: 5 classes (first 5: [1, 2, 3, 4, 5])
2026-09-07 21:42:21 [INFO]   Batch 4: 5 classes (first 5: [0, 1, 3, 4, 5])
2026-09-07 21:42:21 [WARNING] ⚠️ WARNING: Trung bình 4.6 classes/batch - Dữ liệu chưa được trộn đều!
2026-09-07 21:42:21 [INFO] ============================================================
2026-09-07 21:42:21 [INFO] Starting training: LIGHT_HYBRIC_MAMBA
2026-09-07 21:42:21 [INFO] Dataset: NEU-DET_surface-dec | Path: /home/biu-linux/DeepLearning_Projects/DoAnNganh/data/NEU-DET
2026-09-07 21:42:21 [INFO] Device: cuda
2026-09-07 21:42:21 [INFO] GPU: NVIDIA GeForce RTX 3050 Laptop GPU
2026-09-07 21:42:21 [INFO] ============================================================
2026-09-07 21:42:25 [INFO] Epoch 000 | Train Loss: 2.7807 | Train Acc: 0.2848 | Val Loss: 1.4795 | Val Acc: 0.4856
2026-09-07 21:42:25 [INFO] ✓ Saved best model: Val Acc=0.4856 at epoch 0
2026-09-07 21:42:28 [INFO] Epoch 001 | Train Loss: 2.4203 | Train Acc: 0.4505 | Val Loss: 1.1084 | Val Acc: 0.5844
2026-09-07 21:42:28 [INFO] ✓ Saved best model: Val Acc=0.5844 at epoch 1
2026-09-07 21:42:32 [INFO] Epoch 002 | Train Loss: 2.1587 | Train Acc: 0.5061 | Val Loss: 0.9113 | Val Acc: 0.6502
2026-09-07 21:42:32 [INFO] ✓ Saved best model: Val Acc=0.6502 at epoch 2
2026-09-07 21:42:37 [INFO] Epoch 003 | Train Loss: 1.9247 | Train Acc: 0.5657 | Val Loss: 0.8256 | Val Acc: 0.6975
2026-09-07 21:42:37 [INFO] ✓ Saved best model: Val Acc=0.6975 at epoch 3
2026-09-07 21:42:39 [INFO] Epoch 004 | Train Loss: 1.6611 | Train Acc: 0.6283 | Val Loss: 0.6051 | Val Acc: 0.7860
2026-09-07 21:42:39 [INFO] ✓ Saved best model: Val Acc=0.7860 at epoch 4
2026-09-07 21:42:45 [INFO] Epoch 005 | Train Loss: 1.5599 | Train Acc: 0.6313 | Val Loss: 0.6203 | Val Acc: 0.7490
2026-09-07 21:42:48 [INFO] Epoch 006 | Train Loss: 1.4845 | Train Acc: 0.6677 | Val Loss: 0.5494 | Val Acc: 0.7922
2026-09-07 21:42:48 [INFO] ✓ Saved best model: Val Acc=0.7922 at epoch 6
2026-09-07 21:42:52 [INFO] Epoch 007 | Train Loss: 1.3032 | Train Acc: 0.6960 | Val Loss: 0.5284 | Val Acc: 0.8107
2026-09-07 21:42:52 [INFO] ✓ Saved best model: Val Acc=0.8107 at epoch 7
2026-09-07 21:42:59 [INFO] Epoch 008 | Train Loss: 1.2326 | Train Acc: 0.7293 | Val Loss: 0.5334 | Val Acc: 0.7984
2026-09-07 21:43:04 [INFO] Epoch 009 | Train Loss: 1.1662 | Train Acc: 0.7434 | Val Loss: 0.3964 | Val Acc: 0.8580
2026-09-07 21:43:04 [INFO] ✓ Saved best model: Val Acc=0.8580 at epoch 9
2026-09-07 21:43:09 [INFO] Epoch 010 | Train Loss: 1.1732 | Train Acc: 0.7354 | Val Loss: 0.3639 | Val Acc: 0.8765
2026-09-07 21:43:09 [INFO] ✓ Saved best model: Val Acc=0.8765 at epoch 10
2026-09-07 21:43:12 [INFO] Epoch 011 | Train Loss: 1.1579 | Train Acc: 0.7333 | Val Loss: 0.3604 | Val Acc: 0.8868
2026-09-07 21:43:12 [INFO] ✓ Saved best model: Val Acc=0.8868 at epoch 11
2026-09-07 21:43:15 [INFO] Epoch 012 | Train Loss: 1.0544 | Train Acc: 0.7747 | Val Loss: 0.4235 | Val Acc: 0.8683
2026-09-07 21:43:18 [INFO] Epoch 013 | Train Loss: 1.0111 | Train Acc: 0.7818 | Val Loss: 0.3250 | Val Acc: 0.8745
2026-09-07 21:43:24 [INFO] Epoch 014 | Train Loss: 1.0584 | Train Acc: 0.7798 | Val Loss: 0.3066 | Val Acc: 0.8992
2026-09-07 21:43:24 [INFO] ✓ Saved best model: Val Acc=0.8992 at epoch 14
2026-09-07 21:43:30 [INFO] Epoch 015 | Train Loss: 0.9559 | Train Acc: 0.7737 | Val Loss: 0.2753 | Val Acc: 0.9177
2026-09-07 21:43:30 [INFO] ✓ Saved best model: Val Acc=0.9177 at epoch 15
2026-09-07 21:43:33 [INFO] Epoch 016 | Train Loss: 0.9563 | Train Acc: 0.7990 | Val Loss: 0.3283 | Val Acc: 0.8848
2026-09-07 21:43:37 [INFO] Epoch 017 | Train Loss: 0.9566 | Train Acc: 0.7889 | Val Loss: 0.2802 | Val Acc: 0.8930
2026-09-07 21:43:44 [INFO] Epoch 018 | Train Loss: 0.9219 | Train Acc: 0.8020 | Val Loss: 0.2919 | Val Acc: 0.8951
2026-09-07 21:43:47 [INFO] Epoch 019 | Train Loss: 0.8766 | Train Acc: 0.8141 | Val Loss: 0.2477 | Val Acc: 0.9239
2026-09-07 21:43:47 [INFO] ✓ Saved best model: Val Acc=0.9239 at epoch 19
2026-09-07 21:43:50 [INFO] Epoch 020 | Train Loss: 0.8647 | Train Acc: 0.8040 | Val Loss: 0.2559 | Val Acc: 0.9074
2026-09-07 21:43:53 [INFO] Epoch 021 | Train Loss: 0.7997 | Train Acc: 0.8414 | Val Loss: 0.2973 | Val Acc: 0.8992
2026-09-07 21:43:55 [INFO] Epoch 022 | Train Loss: 0.8070 | Train Acc: 0.8253 | Val Loss: 0.2996 | Val Acc: 0.9033
2026-09-07 21:44:01 [INFO] Epoch 023 | Train Loss: 0.7944 | Train Acc: 0.8343 | Val Loss: 0.2886 | Val Acc: 0.8971
2026-09-07 21:44:05 [INFO] Epoch 024 | Train Loss: 0.7544 | Train Acc: 0.8424 | Val Loss: 0.2348 | Val Acc: 0.9280
2026-09-07 21:44:05 [INFO] ✓ Saved best model: Val Acc=0.9280 at epoch 24
2026-09-07 21:44:07 [INFO] Epoch 025 | Train Loss: 0.8491 | Train Acc: 0.8242 | Val Loss: 0.2916 | Val Acc: 0.8951
2026-09-07 21:44:10 [INFO] Epoch 026 | Train Loss: 0.7380 | Train Acc: 0.8303 | Val Loss: 0.2709 | Val Acc: 0.9115
2026-09-07 21:44:14 [INFO] Epoch 027 | Train Loss: 0.7245 | Train Acc: 0.8495 | Val Loss: 0.3064 | Val Acc: 0.8786
2026-09-07 21:44:19 [INFO] Epoch 028 | Train Loss: 0.6745 | Train Acc: 0.8515 | Val Loss: 0.3362 | Val Acc: 0.8765
2026-09-07 21:44:23 [INFO] Epoch 029 | Train Loss: 0.7539 | Train Acc: 0.8404 | Val Loss: 0.1937 | Val Acc: 0.9403
2026-09-07 21:44:23 [INFO] ✓ Saved best model: Val Acc=0.9403 at epoch 29
2026-09-07 21:44:29 [INFO] Epoch 030 | Train Loss: 0.6426 | Train Acc: 0.8707 | Val Loss: 0.2367 | Val Acc: 0.9012
2026-09-07 21:44:34 [INFO] Epoch 031 | Train Loss: 0.7029 | Train Acc: 0.8414 | Val Loss: 0.2057 | Val Acc: 0.9156
2026-09-07 21:44:37 [INFO] Epoch 032 | Train Loss: 0.5723 | Train Acc: 0.8778 | Val Loss: 0.2051 | Val Acc: 0.9342
2026-09-07 21:44:40 [INFO] Epoch 033 | Train Loss: 0.6792 | Train Acc: 0.8616 | Val Loss: 0.1974 | Val Acc: 0.9444
2026-09-07 21:44:40 [INFO] ✓ Saved best model: Val Acc=0.9444 at epoch 33
2026-09-07 21:44:43 [INFO] Epoch 034 | Train Loss: 0.6522 | Train Acc: 0.8596 | Val Loss: 0.2422 | Val Acc: 0.9177
2026-09-07 21:44:47 [INFO] Epoch 035 | Train Loss: 0.5695 | Train Acc: 0.8818 | Val Loss: 0.2345 | Val Acc: 0.9239
2026-09-07 21:44:50 [INFO] Epoch 036 | Train Loss: 0.6091 | Train Acc: 0.8717 | Val Loss: 0.2813 | Val Acc: 0.9012
2026-09-07 21:44:53 [INFO] Epoch 037 | Train Loss: 0.6448 | Train Acc: 0.8646 | Val Loss: 0.2163 | Val Acc: 0.9239
2026-09-07 21:44:56 [INFO] Epoch 038 | Train Loss: 0.5948 | Train Acc: 0.8717 | Val Loss: 0.2744 | Val Acc: 0.9074
2026-09-07 21:44:59 [INFO] Epoch 039 | Train Loss: 0.5515 | Train Acc: 0.8899 | Val Loss: 0.2239 | Val Acc: 0.9259
2026-09-07 21:45:02 [INFO] Epoch 040 | Train Loss: 0.5850 | Train Acc: 0.8828 | Val Loss: 0.2998 | Val Acc: 0.8971
2026-09-07 21:45:05 [INFO] Epoch 041 | Train Loss: 0.5450 | Train Acc: 0.8929 | Val Loss: 0.3155 | Val Acc: 0.8868
2026-09-07 21:45:08 [INFO] Epoch 042 | Train Loss: 0.5334 | Train Acc: 0.8899 | Val Loss: 0.2052 | Val Acc: 0.9218
2026-09-07 21:45:11 [INFO] Epoch 043 | Train Loss: 0.5075 | Train Acc: 0.8889 | Val Loss: 0.2225 | Val Acc: 0.9239
2026-09-07 21:45:14 [INFO] Epoch 044 | Train Loss: 0.5397 | Train Acc: 0.8879 | Val Loss: 0.2939 | Val Acc: 0.8868
2026-09-07 21:45:17 [INFO] Epoch 045 | Train Loss: 0.5922 | Train Acc: 0.8808 | Val Loss: 0.1937 | Val Acc: 0.9198
2026-09-07 21:45:20 [INFO] Epoch 046 | Train Loss: 0.4998 | Train Acc: 0.9061 | Val Loss: 0.1975 | Val Acc: 0.9259
2026-09-07 21:45:23 [INFO] Epoch 047 | Train Loss: 0.5284 | Train Acc: 0.8859 | Val Loss: 0.1966 | Val Acc: 0.9280
2026-09-07 21:45:26 [INFO] Epoch 048 | Train Loss: 0.5171 | Train Acc: 0.8980 | Val Loss: 0.1887 | Val Acc: 0.9198
2026-09-07 21:45:30 [INFO] Epoch 049 | Train Loss: 0.4906 | Train Acc: 0.9081 | Val Loss: 0.2543 | Val Acc: 0.8992
2026-09-07 21:45:36 [INFO] Epoch 050 | Train Loss: 0.4385 | Train Acc: 0.9263 | Val Loss: 0.2221 | Val Acc: 0.9218
2026-09-07 21:45:39 [INFO] Epoch 051 | Train Loss: 0.5010 | Train Acc: 0.9020 | Val Loss: 0.2914 | Val Acc: 0.9115
2026-09-07 21:45:42 [INFO] Epoch 052 | Train Loss: 0.4999 | Train Acc: 0.8879 | Val Loss: 0.2271 | Val Acc: 0.9156
2026-09-07 21:45:45 [INFO] Epoch 053 | Train Loss: 0.4530 | Train Acc: 0.9212 | Val Loss: 0.2240 | Val Acc: 0.9321
2026-09-07 21:45:49 [INFO] Epoch 054 | Train Loss: 0.4169 | Train Acc: 0.9101 | Val Loss: 0.2467 | Val Acc: 0.9198
2026-09-07 21:45:53 [INFO] Epoch 055 | Train Loss: 0.4613 | Train Acc: 0.9081 | Val Loss: 0.2979 | Val Acc: 0.8807
2026-09-07 21:45:56 [INFO] Epoch 056 | Train Loss: 0.4705 | Train Acc: 0.9091 | Val Loss: 0.2086 | Val Acc: 0.9383
2026-09-07 21:45:59 [INFO] Epoch 057 | Train Loss: 0.4735 | Train Acc: 0.9020 | Val Loss: 0.2355 | Val Acc: 0.9177
2026-09-07 21:46:03 [INFO] Epoch 058 | Train Loss: 0.4382 | Train Acc: 0.9121 | Val Loss: 0.2629 | Val Acc: 0.8951
2026-09-07 21:46:07 [INFO] Epoch 059 | Train Loss: 0.4481 | Train Acc: 0.9061 | Val Loss: 0.1738 | Val Acc: 0.9424
2026-09-07 21:46:11 [INFO] Epoch 060 | Train Loss: 0.4354 | Train Acc: 0.9030 | Val Loss: 0.2089 | Val Acc: 0.9321
2026-09-07 21:46:15 [INFO] Epoch 061 | Train Loss: 0.4428 | Train Acc: 0.9121 | Val Loss: 0.2583 | Val Acc: 0.9280
2026-09-07 21:46:18 [INFO] Epoch 062 | Train Loss: 0.3836 | Train Acc: 0.9303 | Val Loss: 0.2301 | Val Acc: 0.9198
2026-09-07 21:46:21 [INFO] Epoch 063 | Train Loss: 0.3803 | Train Acc: 0.9283 | Val Loss: 0.2119 | Val Acc: 0.9156
2026-09-07 21:46:27 [INFO] Epoch 064 | Train Loss: 0.4433 | Train Acc: 0.9040 | Val Loss: 0.1675 | Val Acc: 0.9424
2026-09-07 21:46:32 [INFO] Epoch 065 | Train Loss: 0.4104 | Train Acc: 0.9212 | Val Loss: 0.2218 | Val Acc: 0.9198
2026-09-07 21:46:35 [INFO] Epoch 066 | Train Loss: 0.3621 | Train Acc: 0.9313 | Val Loss: 0.2012 | Val Acc: 0.9218
2026-09-07 21:46:39 [INFO] Epoch 067 | Train Loss: 0.4079 | Train Acc: 0.9273 | Val Loss: 0.1806 | Val Acc: 0.9342
2026-09-07 21:46:43 [INFO] Epoch 068 | Train Loss: 0.3757 | Train Acc: 0.9273 | Val Loss: 0.2216 | Val Acc: 0.9218
2026-09-07 21:46:47 [INFO] Epoch 069 | Train Loss: 0.3501 | Train Acc: 0.9303 | Val Loss: 0.1692 | Val Acc: 0.9300
2026-09-07 21:46:51 [INFO] Epoch 070 | Train Loss: 0.3714 | Train Acc: 0.9293 | Val Loss: 0.2222 | Val Acc: 0.9198
2026-09-07 21:46:55 [INFO] Epoch 071 | Train Loss: 0.3995 | Train Acc: 0.9232 | Val Loss: 0.1722 | Val Acc: 0.9383
2026-09-07 21:46:59 [INFO] Epoch 072 | Train Loss: 0.3343 | Train Acc: 0.9273 | Val Loss: 0.1752 | Val Acc: 0.9342
2026-09-07 21:47:03 [INFO] Epoch 073 | Train Loss: 0.3346 | Train Acc: 0.9323 | Val Loss: 0.2563 | Val Acc: 0.9156
2026-09-07 21:47:07 [INFO] Epoch 074 | Train Loss: 0.3626 | Train Acc: 0.9333 | Val Loss: 0.2040 | Val Acc: 0.9239
2026-09-07 21:47:11 [INFO] Epoch 075 | Train Loss: 0.3271 | Train Acc: 0.9384 | Val Loss: 0.2388 | Val Acc: 0.9218
2026-09-07 21:47:15 [INFO] Epoch 076 | Train Loss: 0.3851 | Train Acc: 0.9293 | Val Loss: 0.1970 | Val Acc: 0.9280
2026-09-07 21:47:19 [INFO] Epoch 077 | Train Loss: 0.3548 | Train Acc: 0.9313 | Val Loss: 0.2698 | Val Acc: 0.9198
2026-09-07 21:47:23 [INFO] Epoch 078 | Train Loss: 0.3696 | Train Acc: 0.9303 | Val Loss: 0.1518 | Val Acc: 0.9403
2026-09-07 21:47:27 [INFO] Epoch 079 | Train Loss: 0.3302 | Train Acc: 0.9303 | Val Loss: 0.2050 | Val Acc: 0.9321
2026-09-07 21:47:31 [INFO] Epoch 080 | Train Loss: 0.3840 | Train Acc: 0.9313 | Val Loss: 0.1850 | Val Acc: 0.9362
2026-09-07 21:47:35 [INFO] Epoch 081 | Train Loss: 0.3436 | Train Acc: 0.9354 | Val Loss: 0.2575 | Val Acc: 0.9115
2026-09-07 21:47:38 [INFO] Epoch 082 | Train Loss: 0.3029 | Train Acc: 0.9374 | Val Loss: 0.2180 | Val Acc: 0.9239
2026-09-07 21:47:42 [INFO] Epoch 083 | Train Loss: 0.3445 | Train Acc: 0.9374 | Val Loss: 0.1866 | Val Acc: 0.9342
2026-09-07 21:47:42 [INFO] ⏹ Early stopping tại epoch 83 (không cải thiện sau 50 epoch, best=0.9444)
2026-09-07 21:47:42 [INFO] Evaluating Best Model on TEST Set...
2026-09-07 21:47:42 [INFO] 
[RESUME] Đang nạp checkpoint từ: /home/biu-linux/DeepLearning_Projects/DoAnNganh/HybricMamba/Ressult/TFJ/LIGHT_HYBRIC_MAMBA/NEU-DET_surface-dec/LIGHT_HYBRIC_MAMBA_best.pth
2026-09-07 21:47:43 [INFO] 🎯 [TEST RESULT] Test Acc: 0.9537 | F1-Macro: 0.9538 | F1-Weighted: 0.9538
2026-09-07 21:54:23 [INFO] Dataset: NEU-DET_surface-dec | Số nhãn (classes): 6 | Tổng số ảnh: 1800
2026-09-07 21:54:23 [INFO] Dữ liệu đã chia -> Train (70%): 990 | Val (15%): 486 | Test (15%): 324
2026-09-07 21:54:23 [INFO] 
🔍 Kiểm tra phân bố class trong batch:
2026-09-07 21:54:23 [INFO]   Batch 0: 5 classes (first 5: [1, 2, 3, 4, 5])
2026-09-07 21:54:23 [INFO]   Batch 1: 4 classes (first 5: [0, 3, 4, 5])
2026-09-07 21:54:23 [INFO]   Batch 2: 5 classes (first 5: [1, 2, 3, 4, 5])
2026-09-07 21:54:23 [INFO]   Batch 3: 3 classes (first 5: [3, 4, 5])
2026-09-07 21:54:23 [INFO]   Batch 4: 5 classes (first 5: [0, 1, 2, 3, 4])
2026-09-07 21:54:23 [WARNING] ⚠️ WARNING: Trung bình 4.4 classes/batch - Dữ liệu chưa được trộn đều!
2026-09-07 21:54:23 [INFO] ============================================================
2026-09-07 21:54:23 [INFO] Starting training: LIGHT_HYBRIC_MAMBA
2026-09-07 21:54:23 [INFO] Dataset: NEU-DET_surface-dec | Path: /home/biu-linux/DeepLearning_Projects/DoAnNganh/data/NEU-DET
2026-09-07 21:54:23 [INFO] Device: cuda
2026-09-07 21:54:23 [INFO] GPU: NVIDIA GeForce RTX 3050 Laptop GPU
2026-09-07 21:54:23 [INFO] ============================================================
2026-09-07 21:54:29 [INFO] Epoch 000 | Train Loss: 2.7984 | Train Acc: 0.2667 | Val Loss: 1.5454 | Val Acc: 0.4177
2026-09-07 21:54:29 [INFO] ✓ Saved best model: Val Acc=0.4177 at epoch 0
2026-09-07 21:54:33 [INFO] Epoch 001 | Train Loss: 2.5077 | Train Acc: 0.3939 | Val Loss: 1.2166 | Val Acc: 0.5802
2026-09-07 21:54:33 [INFO] ✓ Saved best model: Val Acc=0.5802 at epoch 1
2026-09-07 21:54:38 [INFO] Epoch 002 | Train Loss: 2.2059 | Train Acc: 0.4717 | Val Loss: 0.9789 | Val Acc: 0.6523
2026-09-07 21:54:38 [INFO] ✓ Saved best model: Val Acc=0.6523 at epoch 2
2026-09-07 21:54:42 [INFO] Epoch 003 | Train Loss: 2.0222 | Train Acc: 0.5384 | Val Loss: 0.8236 | Val Acc: 0.6626
2026-09-07 21:54:42 [INFO] ✓ Saved best model: Val Acc=0.6626 at epoch 3
2026-09-07 21:54:47 [INFO] Epoch 004 | Train Loss: 1.7996 | Train Acc: 0.5919 | Val Loss: 0.7025 | Val Acc: 0.7366
2026-09-07 21:54:47 [INFO] ✓ Saved best model: Val Acc=0.7366 at epoch 4
2026-09-07 21:54:51 [INFO] Epoch 005 | Train Loss: 1.7173 | Train Acc: 0.5990 | Val Loss: 0.6807 | Val Acc: 0.7840
2026-09-07 21:54:51 [INFO] ✓ Saved best model: Val Acc=0.7840 at epoch 5
2026-09-07 21:54:55 [INFO] Epoch 006 | Train Loss: 1.5447 | Train Acc: 0.6253 | Val Loss: 0.5973 | Val Acc: 0.7737
2026-09-07 21:55:00 [INFO] Epoch 007 | Train Loss: 1.4506 | Train Acc: 0.6707 | Val Loss: 0.5060 | Val Acc: 0.8416
2026-09-07 21:55:00 [INFO] ✓ Saved best model: Val Acc=0.8416 at epoch 7
2026-09-07 21:55:04 [INFO] Epoch 008 | Train Loss: 1.4209 | Train Acc: 0.6626 | Val Loss: 0.6586 | Val Acc: 0.7695
2026-09-07 21:55:08 [INFO] Epoch 009 | Train Loss: 1.3737 | Train Acc: 0.6919 | Val Loss: 0.5219 | Val Acc: 0.7984
2026-09-07 21:55:13 [INFO] Epoch 010 | Train Loss: 1.3121 | Train Acc: 0.6879 | Val Loss: 0.4516 | Val Acc: 0.8374
2026-09-07 21:55:17 [INFO] Epoch 011 | Train Loss: 1.2644 | Train Acc: 0.7121 | Val Loss: 0.4393 | Val Acc: 0.8416
2026-09-07 21:55:21 [INFO] Epoch 012 | Train Loss: 1.1570 | Train Acc: 0.7343 | Val Loss: 0.3959 | Val Acc: 0.8745
2026-09-07 21:55:21 [INFO] ✓ Saved best model: Val Acc=0.8745 at epoch 12
2026-09-07 21:55:25 [INFO] Epoch 013 | Train Loss: 1.1953 | Train Acc: 0.7192 | Val Loss: 0.3689 | Val Acc: 0.8539
2026-09-07 21:55:30 [INFO] Epoch 014 | Train Loss: 1.1239 | Train Acc: 0.7444 | Val Loss: 0.3635 | Val Acc: 0.8909
2026-09-07 21:55:30 [INFO] ✓ Saved best model: Val Acc=0.8909 at epoch 14
2026-09-07 21:55:34 [INFO] Epoch 015 | Train Loss: 1.0925 | Train Acc: 0.7374 | Val Loss: 0.4222 | Val Acc: 0.8601
2026-09-07 21:55:38 [INFO] Epoch 016 | Train Loss: 1.0453 | Train Acc: 0.7596 | Val Loss: 0.4481 | Val Acc: 0.8539
2026-09-07 21:55:42 [INFO] Epoch 017 | Train Loss: 1.0011 | Train Acc: 0.7717 | Val Loss: 0.3672 | Val Acc: 0.8683
2026-09-07 21:55:47 [INFO] Epoch 018 | Train Loss: 1.1255 | Train Acc: 0.7455 | Val Loss: 0.3252 | Val Acc: 0.8992
2026-09-07 21:55:47 [INFO] ✓ Saved best model: Val Acc=0.8992 at epoch 18
2026-09-07 21:55:51 [INFO] Epoch 019 | Train Loss: 0.9743 | Train Acc: 0.7879 | Val Loss: 0.3355 | Val Acc: 0.8930
2026-09-07 21:55:55 [INFO] Epoch 020 | Train Loss: 0.9826 | Train Acc: 0.7808 | Val Loss: 0.2518 | Val Acc: 0.9218
2026-09-07 21:55:55 [INFO] ✓ Saved best model: Val Acc=0.9218 at epoch 20
2026-09-07 21:55:59 [INFO] Epoch 021 | Train Loss: 0.8866 | Train Acc: 0.8010 | Val Loss: 0.3146 | Val Acc: 0.8930
2026-09-07 21:56:03 [INFO] Epoch 022 | Train Loss: 0.9353 | Train Acc: 0.8020 | Val Loss: 0.2538 | Val Acc: 0.9136
2026-09-07 21:56:07 [INFO] Epoch 023 | Train Loss: 0.8599 | Train Acc: 0.8121 | Val Loss: 0.3290 | Val Acc: 0.8951
2026-09-07 21:56:11 [INFO] Epoch 024 | Train Loss: 0.8226 | Train Acc: 0.8141 | Val Loss: 0.3474 | Val Acc: 0.8807
2026-09-07 21:56:15 [INFO] Epoch 025 | Train Loss: 0.8846 | Train Acc: 0.8162 | Val Loss: 0.3041 | Val Acc: 0.9033
2026-09-07 21:56:19 [INFO] Epoch 026 | Train Loss: 0.8417 | Train Acc: 0.8162 | Val Loss: 0.2860 | Val Acc: 0.8868
2026-09-07 21:56:23 [INFO] Epoch 027 | Train Loss: 0.7736 | Train Acc: 0.8182 | Val Loss: 0.2583 | Val Acc: 0.8909
2026-09-07 21:56:27 [INFO] Epoch 028 | Train Loss: 0.7631 | Train Acc: 0.8343 | Val Loss: 0.1921 | Val Acc: 0.9527
2026-09-07 21:56:27 [INFO] ✓ Saved best model: Val Acc=0.9527 at epoch 28
2026-09-07 21:56:31 [INFO] Epoch 029 | Train Loss: 0.8326 | Train Acc: 0.8111 | Val Loss: 0.2788 | Val Acc: 0.9012
2026-09-07 21:56:35 [INFO] Epoch 030 | Train Loss: 0.7796 | Train Acc: 0.8232 | Val Loss: 0.2432 | Val Acc: 0.9095
2026-09-07 21:56:39 [INFO] Epoch 031 | Train Loss: 0.7297 | Train Acc: 0.8455 | Val Loss: 0.3103 | Val Acc: 0.8909
2026-09-07 21:56:43 [INFO] Epoch 032 | Train Loss: 0.7646 | Train Acc: 0.8283 | Val Loss: 0.2750 | Val Acc: 0.9074
2026-09-07 21:56:46 [INFO] Epoch 033 | Train Loss: 0.6993 | Train Acc: 0.8596 | Val Loss: 0.2240 | Val Acc: 0.9136
2026-09-07 21:56:50 [INFO] Epoch 034 | Train Loss: 0.6718 | Train Acc: 0.8566 | Val Loss: 0.1849 | Val Acc: 0.9280
2026-09-07 21:56:54 [INFO] Epoch 035 | Train Loss: 0.6682 | Train Acc: 0.8687 | Val Loss: 0.2717 | Val Acc: 0.8951
2026-09-07 21:56:58 [INFO] Epoch 036 | Train Loss: 0.6837 | Train Acc: 0.8394 | Val Loss: 0.2376 | Val Acc: 0.9115
2026-09-07 21:57:02 [INFO] Epoch 037 | Train Loss: 0.6781 | Train Acc: 0.8606 | Val Loss: 0.2363 | Val Acc: 0.9115
2026-09-07 21:57:05 [INFO] Epoch 038 | Train Loss: 0.6504 | Train Acc: 0.8646 | Val Loss: 0.2183 | Val Acc: 0.9156
2026-09-07 21:57:09 [INFO] Epoch 039 | Train Loss: 0.6323 | Train Acc: 0.8737 | Val Loss: 0.2523 | Val Acc: 0.8992
2026-09-07 21:57:13 [INFO] Epoch 040 | Train Loss: 0.5711 | Train Acc: 0.8758 | Val Loss: 0.2781 | Val Acc: 0.9115
2026-09-07 21:57:17 [INFO] Epoch 041 | Train Loss: 0.6160 | Train Acc: 0.8677 | Val Loss: 0.2571 | Val Acc: 0.9136
2026-09-07 21:57:21 [INFO] Epoch 042 | Train Loss: 0.6859 | Train Acc: 0.8424 | Val Loss: 0.1625 | Val Acc: 0.9383
2026-09-07 21:57:26 [INFO] Epoch 043 | Train Loss: 0.6421 | Train Acc: 0.8687 | Val Loss: 0.1661 | Val Acc: 0.9424
2026-09-07 21:57:29 [INFO] Epoch 044 | Train Loss: 0.6105 | Train Acc: 0.8596 | Val Loss: 0.2171 | Val Acc: 0.9218
2026-09-07 21:57:33 [INFO] Epoch 045 | Train Loss: 0.6812 | Train Acc: 0.8475 | Val Loss: 0.2652 | Val Acc: 0.9095
2026-09-07 21:57:37 [INFO] Epoch 046 | Train Loss: 0.5786 | Train Acc: 0.8828 | Val Loss: 0.1894 | Val Acc: 0.9403
2026-09-07 21:57:41 [INFO] Epoch 047 | Train Loss: 0.5596 | Train Acc: 0.8818 | Val Loss: 0.1875 | Val Acc: 0.9362
2026-09-07 21:57:45 [INFO] Epoch 048 | Train Loss: 0.6338 | Train Acc: 0.8677 | Val Loss: 0.2650 | Val Acc: 0.9074
2026-09-07 21:57:49 [INFO] Epoch 049 | Train Loss: 0.5426 | Train Acc: 0.8970 | Val Loss: 0.2976 | Val Acc: 0.8909
2026-09-07 21:57:53 [INFO] Epoch 050 | Train Loss: 0.5160 | Train Acc: 0.8869 | Val Loss: 0.1884 | Val Acc: 0.9424
2026-09-07 21:57:57 [INFO] Epoch 051 | Train Loss: 0.5163 | Train Acc: 0.8949 | Val Loss: 0.2102 | Val Acc: 0.9239
2026-09-07 21:58:01 [INFO] Epoch 052 | Train Loss: 0.5308 | Train Acc: 0.9030 | Val Loss: 0.2264 | Val Acc: 0.9321
2026-09-07 21:58:05 [INFO] Epoch 053 | Train Loss: 0.5307 | Train Acc: 0.8980 | Val Loss: 0.2075 | Val Acc: 0.9321
2026-09-07 21:58:08 [INFO] Epoch 054 | Train Loss: 0.5505 | Train Acc: 0.8949 | Val Loss: 0.2506 | Val Acc: 0.9177
2026-09-07 21:58:13 [INFO] Epoch 055 | Train Loss: 0.5602 | Train Acc: 0.8788 | Val Loss: 0.1933 | Val Acc: 0.9342
2026-09-07 21:58:17 [INFO] Epoch 056 | Train Loss: 0.5750 | Train Acc: 0.8859 | Val Loss: 0.1880 | Val Acc: 0.9403
2026-09-07 21:58:20 [INFO] Epoch 057 | Train Loss: 0.5522 | Train Acc: 0.8818 | Val Loss: 0.2306 | Val Acc: 0.9156
2026-09-07 21:58:24 [INFO] Epoch 058 | Train Loss: 0.5247 | Train Acc: 0.8889 | Val Loss: 0.2144 | Val Acc: 0.9198
2026-09-07 21:58:28 [INFO] Epoch 059 | Train Loss: 0.5198 | Train Acc: 0.8970 | Val Loss: 0.2578 | Val Acc: 0.9012
2026-09-07 21:58:32 [INFO] Epoch 060 | Train Loss: 0.5206 | Train Acc: 0.8838 | Val Loss: 0.1772 | Val Acc: 0.9321
2026-09-07 21:58:36 [INFO] Epoch 061 | Train Loss: 0.4545 | Train Acc: 0.9101 | Val Loss: 0.2199 | Val Acc: 0.9259
2026-09-07 21:58:40 [INFO] Epoch 062 | Train Loss: 0.4513 | Train Acc: 0.9010 | Val Loss: 0.1849 | Val Acc: 0.9403
2026-09-07 21:58:44 [INFO] Epoch 063 | Train Loss: 0.3902 | Train Acc: 0.9141 | Val Loss: 0.1974 | Val Acc: 0.9321
2026-09-07 21:58:48 [INFO] Epoch 064 | Train Loss: 0.4700 | Train Acc: 0.8980 | Val Loss: 0.1816 | Val Acc: 0.9342
2026-09-07 21:58:52 [INFO] Epoch 065 | Train Loss: 0.5174 | Train Acc: 0.9000 | Val Loss: 0.1937 | Val Acc: 0.9259
2026-09-07 21:58:56 [INFO] Epoch 066 | Train Loss: 0.4670 | Train Acc: 0.9071 | Val Loss: 0.2137 | Val Acc: 0.9239
2026-09-07 21:59:00 [INFO] Epoch 067 | Train Loss: 0.4398 | Train Acc: 0.9202 | Val Loss: 0.1891 | Val Acc: 0.9280
2026-09-07 21:59:04 [INFO] Epoch 068 | Train Loss: 0.3866 | Train Acc: 0.9182 | Val Loss: 0.1668 | Val Acc: 0.9383
2026-09-07 21:59:09 [INFO] Epoch 069 | Train Loss: 0.4161 | Train Acc: 0.9222 | Val Loss: 0.1428 | Val Acc: 0.9547
2026-09-07 21:59:09 [INFO] ✓ Saved best model: Val Acc=0.9547 at epoch 69
2026-09-07 21:59:13 [INFO] Epoch 070 | Train Loss: 0.4974 | Train Acc: 0.9061 | Val Loss: 0.1771 | Val Acc: 0.9362
2026-09-07 21:59:17 [INFO] Epoch 071 | Train Loss: 0.4752 | Train Acc: 0.8990 | Val Loss: 0.1649 | Val Acc: 0.9486
2026-09-07 21:59:21 [INFO] Epoch 072 | Train Loss: 0.4228 | Train Acc: 0.9111 | Val Loss: 0.1809 | Val Acc: 0.9383
2026-09-07 21:59:26 [INFO] Epoch 073 | Train Loss: 0.3762 | Train Acc: 0.9283 | Val Loss: 0.2234 | Val Acc: 0.9218
2026-09-07 21:59:30 [INFO] Epoch 074 | Train Loss: 0.3732 | Train Acc: 0.9263 | Val Loss: 0.2156 | Val Acc: 0.9444
2026-09-07 21:59:34 [INFO] Epoch 075 | Train Loss: 0.4283 | Train Acc: 0.9192 | Val Loss: 0.1996 | Val Acc: 0.9280
2026-09-07 21:59:38 [INFO] Epoch 076 | Train Loss: 0.4001 | Train Acc: 0.9182 | Val Loss: 0.1995 | Val Acc: 0.9403
2026-09-07 21:59:43 [INFO] Epoch 077 | Train Loss: 0.4237 | Train Acc: 0.9131 | Val Loss: 0.1755 | Val Acc: 0.9486
2026-09-07 21:59:47 [INFO] Epoch 078 | Train Loss: 0.4176 | Train Acc: 0.9222 | Val Loss: 0.2270 | Val Acc: 0.9259
2026-09-07 21:59:51 [INFO] Epoch 079 | Train Loss: 0.4000 | Train Acc: 0.9212 | Val Loss: 0.2081 | Val Acc: 0.9300
2026-09-07 21:59:59 [INFO] Epoch 080 | Train Loss: 0.3832 | Train Acc: 0.9202 | Val Loss: 0.1549 | Val Acc: 0.9383
2026-09-07 22:00:08 [INFO] Epoch 081 | Train Loss: 0.3349 | Train Acc: 0.9394 | Val Loss: 0.1785 | Val Acc: 0.9342
2026-09-07 22:00:13 [INFO] Epoch 082 | Train Loss: 0.4205 | Train Acc: 0.9202 | Val Loss: 0.1612 | Val Acc: 0.9486
2026-09-07 22:00:19 [INFO] Epoch 083 | Train Loss: 0.3285 | Train Acc: 0.9283 | Val Loss: 0.1703 | Val Acc: 0.9403
2026-09-07 22:00:25 [INFO] Epoch 084 | Train Loss: 0.3903 | Train Acc: 0.9242 | Val Loss: 0.1877 | Val Acc: 0.9300
2026-09-07 22:00:32 [INFO] Epoch 085 | Train Loss: 0.3080 | Train Acc: 0.9323 | Val Loss: 0.2397 | Val Acc: 0.9362
2026-09-07 22:00:39 [INFO] Epoch 086 | Train Loss: 0.3410 | Train Acc: 0.9354 | Val Loss: 0.1723 | Val Acc: 0.9424
2026-09-07 22:00:46 [INFO] Epoch 087 | Train Loss: 0.3491 | Train Acc: 0.9293 | Val Loss: 0.1954 | Val Acc: 0.9300
2026-09-07 22:00:52 [INFO] Epoch 088 | Train Loss: 0.3228 | Train Acc: 0.9374 | Val Loss: 0.1587 | Val Acc: 0.9465
2026-09-07 22:00:58 [INFO] Epoch 089 | Train Loss: 0.3543 | Train Acc: 0.9364 | Val Loss: 0.1742 | Val Acc: 0.9424
2026-09-07 22:01:08 [INFO] Epoch 090 | Train Loss: 0.3221 | Train Acc: 0.9313 | Val Loss: 0.1505 | Val Acc: 0.9486
2026-09-07 22:01:13 [INFO] Epoch 091 | Train Loss: 0.3118 | Train Acc: 0.9424 | Val Loss: 0.1650 | Val Acc: 0.9527
2026-09-07 22:01:18 [INFO] Epoch 092 | Train Loss: 0.3043 | Train Acc: 0.9384 | Val Loss: 0.1644 | Val Acc: 0.9362
2026-09-07 22:01:22 [INFO] Epoch 093 | Train Loss: 0.3333 | Train Acc: 0.9354 | Val Loss: 0.1696 | Val Acc: 0.9465
2026-09-07 22:01:26 [INFO] Epoch 094 | Train Loss: 0.3575 | Train Acc: 0.9253 | Val Loss: 0.1989 | Val Acc: 0.9198
2026-09-07 22:01:30 [INFO] Epoch 095 | Train Loss: 0.3603 | Train Acc: 0.9404 | Val Loss: 0.1753 | Val Acc: 0.9424
2026-09-07 22:01:35 [INFO] Epoch 096 | Train Loss: 0.2966 | Train Acc: 0.9444 | Val Loss: 0.1746 | Val Acc: 0.9444
2026-09-07 22:01:38 [INFO] Epoch 097 | Train Loss: 0.3520 | Train Acc: 0.9354 | Val Loss: 0.1794 | Val Acc: 0.9342
2026-09-07 22:01:43 [INFO] Epoch 098 | Train Loss: 0.3564 | Train Acc: 0.9303 | Val Loss: 0.1703 | Val Acc: 0.9465
2026-09-07 22:01:47 [INFO] Epoch 099 | Train Loss: 0.2889 | Train Acc: 0.9424 | Val Loss: 0.1503 | Val Acc: 0.9486
2026-09-07 22:01:50 [INFO] Epoch 100 | Train Loss: 0.3376 | Train Acc: 0.9374 | Val Loss: 0.1800 | Val Acc: 0.9362
2026-09-07 22:01:53 [INFO] Epoch 101 | Train Loss: 0.3172 | Train Acc: 0.9394 | Val Loss: 0.1810 | Val Acc: 0.9383
2026-09-07 22:01:57 [INFO] Epoch 102 | Train Loss: 0.2985 | Train Acc: 0.9404 | Val Loss: 0.1758 | Val Acc: 0.9465
2026-09-07 22:02:01 [INFO] Epoch 103 | Train Loss: 0.2771 | Train Acc: 0.9384 | Val Loss: 0.1733 | Val Acc: 0.9465
2026-09-07 22:02:05 [INFO] Epoch 104 | Train Loss: 0.2974 | Train Acc: 0.9414 | Val Loss: 0.1852 | Val Acc: 0.9444
2026-09-07 22:02:09 [INFO] Epoch 105 | Train Loss: 0.3399 | Train Acc: 0.9303 | Val Loss: 0.1546 | Val Acc: 0.9547
2026-09-07 22:02:12 [INFO] Epoch 106 | Train Loss: 0.2925 | Train Acc: 0.9475 | Val Loss: 0.1467 | Val Acc: 0.9609
2026-09-07 22:02:12 [INFO] ✓ Saved best model: Val Acc=0.9609 at epoch 106
2026-09-07 22:02:16 [INFO] Epoch 107 | Train Loss: 0.3494 | Train Acc: 0.9283 | Val Loss: 0.1659 | Val Acc: 0.9403
2026-09-07 22:02:20 [INFO] Epoch 108 | Train Loss: 0.2761 | Train Acc: 0.9434 | Val Loss: 0.1579 | Val Acc: 0.9568
2026-09-07 22:02:24 [INFO] Epoch 109 | Train Loss: 0.2586 | Train Acc: 0.9505 | Val Loss: 0.1500 | Val Acc: 0.9568
2026-09-07 22:02:28 [INFO] Epoch 110 | Train Loss: 0.3418 | Train Acc: 0.9374 | Val Loss: 0.1726 | Val Acc: 0.9486
2026-09-07 22:02:32 [INFO] Epoch 111 | Train Loss: 0.2764 | Train Acc: 0.9505 | Val Loss: 0.1439 | Val Acc: 0.9588
2026-09-07 22:02:36 [INFO] Epoch 112 | Train Loss: 0.2714 | Train Acc: 0.9424 | Val Loss: 0.1336 | Val Acc: 0.9609
2026-09-07 22:02:40 [INFO] Epoch 113 | Train Loss: 0.2799 | Train Acc: 0.9475 | Val Loss: 0.1573 | Val Acc: 0.9547
2026-09-07 22:02:45 [INFO] Epoch 114 | Train Loss: 0.2598 | Train Acc: 0.9515 | Val Loss: 0.1592 | Val Acc: 0.9506
2026-09-07 22:02:49 [INFO] Epoch 115 | Train Loss: 0.2917 | Train Acc: 0.9424 | Val Loss: 0.1439 | Val Acc: 0.9588
2026-09-07 22:02:53 [INFO] Epoch 116 | Train Loss: 0.2763 | Train Acc: 0.9455 | Val Loss: 0.1458 | Val Acc: 0.9650
2026-09-07 22:02:53 [INFO] ✓ Saved best model: Val Acc=0.9650 at epoch 116
2026-09-07 22:02:58 [INFO] Epoch 117 | Train Loss: 0.2554 | Train Acc: 0.9475 | Val Loss: 0.1592 | Val Acc: 0.9547
2026-09-07 22:03:02 [INFO] Epoch 118 | Train Loss: 0.2298 | Train Acc: 0.9556 | Val Loss: 0.1404 | Val Acc: 0.9630
2026-09-07 22:03:06 [INFO] Epoch 119 | Train Loss: 0.2810 | Train Acc: 0.9485 | Val Loss: 0.1503 | Val Acc: 0.9588
2026-09-07 22:03:10 [INFO] Epoch 120 | Train Loss: 0.3052 | Train Acc: 0.9444 | Val Loss: 0.1430 | Val Acc: 0.9609
2026-09-07 22:03:15 [INFO] Epoch 121 | Train Loss: 0.2485 | Train Acc: 0.9556 | Val Loss: 0.1509 | Val Acc: 0.9609
2026-09-07 22:03:19 [INFO] Epoch 122 | Train Loss: 0.2790 | Train Acc: 0.9374 | Val Loss: 0.1538 | Val Acc: 0.9588
2026-09-07 22:03:23 [INFO] Epoch 123 | Train Loss: 0.2183 | Train Acc: 0.9576 | Val Loss: 0.1472 | Val Acc: 0.9609
2026-09-07 22:03:27 [INFO] Epoch 124 | Train Loss: 0.2635 | Train Acc: 0.9505 | Val Loss: 0.1418 | Val Acc: 0.9609
2026-09-07 22:03:31 [INFO] Epoch 125 | Train Loss: 0.3345 | Train Acc: 0.9394 | Val Loss: 0.1583 | Val Acc: 0.9527
2026-09-07 22:03:35 [INFO] Epoch 126 | Train Loss: 0.2651 | Train Acc: 0.9515 | Val Loss: 0.1489 | Val Acc: 0.9568
2026-09-07 22:03:39 [INFO] Epoch 127 | Train Loss: 0.2382 | Train Acc: 0.9525 | Val Loss: 0.1449 | Val Acc: 0.9588
2026-09-07 22:03:44 [INFO] Epoch 128 | Train Loss: 0.3151 | Train Acc: 0.9384 | Val Loss: 0.1492 | Val Acc: 0.9568
2026-09-07 22:03:48 [INFO] Epoch 129 | Train Loss: 0.3225 | Train Acc: 0.9394 | Val Loss: 0.1525 | Val Acc: 0.9547
2026-09-07 22:03:52 [INFO] Epoch 130 | Train Loss: 0.3641 | Train Acc: 0.9343 | Val Loss: 0.1450 | Val Acc: 0.9630
2026-09-07 22:03:56 [INFO] Epoch 131 | Train Loss: 0.2956 | Train Acc: 0.9404 | Val Loss: 0.1357 | Val Acc: 0.9609
2026-09-07 22:04:00 [INFO] Epoch 132 | Train Loss: 0.2742 | Train Acc: 0.9444 | Val Loss: 0.1531 | Val Acc: 0.9568
2026-09-07 22:04:04 [INFO] Epoch 133 | Train Loss: 0.2544 | Train Acc: 0.9465 | Val Loss: 0.1569 | Val Acc: 0.9527
2026-09-07 22:04:09 [INFO] Epoch 134 | Train Loss: 0.3099 | Train Acc: 0.9465 | Val Loss: 0.1622 | Val Acc: 0.9547
2026-09-07 22:04:13 [INFO] Epoch 135 | Train Loss: 0.2870 | Train Acc: 0.9434 | Val Loss: 0.1448 | Val Acc: 0.9630
2026-09-07 22:04:17 [INFO] Epoch 136 | Train Loss: 0.2960 | Train Acc: 0.9444 | Val Loss: 0.1551 | Val Acc: 0.9527
2026-09-07 22:04:21 [INFO] Epoch 137 | Train Loss: 0.2502 | Train Acc: 0.9556 | Val Loss: 0.1638 | Val Acc: 0.9527
2026-09-07 22:04:25 [INFO] Epoch 138 | Train Loss: 0.2874 | Train Acc: 0.9434 | Val Loss: 0.1454 | Val Acc: 0.9547
2026-09-07 22:04:32 [INFO] Epoch 139 | Train Loss: 0.2660 | Train Acc: 0.9485 | Val Loss: 0.1465 | Val Acc: 0.9588
2026-09-07 22:04:32 [INFO] Evaluating Best Model on TEST Set...
2026-09-07 22:04:32 [INFO] 
[RESUME] Đang nạp checkpoint từ: /home/biu-linux/DeepLearning_Projects/DoAnNganh/HybricMamba/Ressult/TFJ/LIGHT_HYBRIC_MAMBA/NEU-DET_surface-dec/LIGHT_HYBRIC_MAMBA_best.pth
2026-09-07 22:04:32 [INFO] 🎯 [TEST RESULT] Test Acc: 0.9691 | F1-Macro: 0.9692 | F1-Weighted: 0.9692
