2026-08-25 09:47:28 [INFO] Dataset: NEU-DET_surface-dec | Số nhãn (classes): 6 | Tổng số ảnh: 1800
2026-08-25 09:47:28 [INFO] Dữ liệu đã chia -> Train (70%): 1260 | Val (15%): 270 | Test (15%): 270
2026-08-25 09:47:28 [INFO] 
🔍 Kiểm tra phân bố class trong batch:
2026-08-25 09:47:28 [INFO]   Batch 0: 6 classes (first 5: [0, 1, 2, 3, 4])
2026-08-25 09:47:28 [INFO]   Batch 1: 6 classes (first 5: [0, 1, 2, 3, 4])
2026-08-25 09:47:28 [INFO]   Batch 2: 6 classes (first 5: [0, 1, 2, 3, 4])
2026-08-25 09:47:28 [INFO]   Batch 3: 6 classes (first 5: [0, 1, 2, 3, 4])
2026-08-25 09:47:28 [INFO]   Batch 4: 6 classes (first 5: [0, 1, 2, 3, 4])
2026-08-25 09:47:29 [WARNING] ⚠️ WARNING: Trung bình 6.0 classes/batch - Dữ liệu chưa được trộn đều!
2026-08-25 09:47:29 [INFO] ============================================================
2026-08-25 09:47:29 [INFO] Starting training: MEDIUM_HYBRIC_MAMBA
2026-08-25 09:47:29 [INFO] Dataset: NEU-DET_surface-dec | Path: /home/biu-linux/DeepLearning_Projects/DoAnNganh/data/NEU-DET
2026-08-25 09:47:29 [INFO] Device: cuda
2026-08-25 09:47:29 [INFO] GPU: NVIDIA GeForce RTX 3050 Laptop GPU
2026-08-25 09:47:29 [INFO] ============================================================
2026-08-25 09:47:32 [INFO] Epoch 000 | Train Loss: 2.4804 | Train Acc: 0.3810 | Val Loss: 2.0882 | Val Acc: 0.2370
2026-08-25 09:47:32 [INFO] ✓ Saved best model: Val Acc=0.2370 at epoch 0
2026-08-25 09:47:34 [INFO] Epoch 001 | Train Loss: 2.0056 | Train Acc: 0.5444 | Val Loss: 1.3719 | Val Acc: 0.4889
2026-08-25 09:47:34 [INFO] ✓ Saved best model: Val Acc=0.4889 at epoch 1
2026-08-25 09:47:36 [INFO] Epoch 002 | Train Loss: 1.7705 | Train Acc: 0.6190 | Val Loss: 0.7808 | Val Acc: 0.7074
2026-08-25 09:47:36 [INFO] ✓ Saved best model: Val Acc=0.7074 at epoch 2
2026-08-25 09:47:37 [INFO] Epoch 003 | Train Loss: 1.4799 | Train Acc: 0.7159 | Val Loss: 0.7279 | Val Acc: 0.7593
2026-08-25 09:47:37 [INFO] ✓ Saved best model: Val Acc=0.7593 at epoch 3
2026-08-25 09:47:38 [INFO] Epoch 004 | Train Loss: 1.3135 | Train Acc: 0.7413 | Val Loss: 0.5905 | Val Acc: 0.7815
2026-08-25 09:47:38 [INFO] ✓ Saved best model: Val Acc=0.7815 at epoch 4
2026-08-25 09:47:39 [INFO] Epoch 005 | Train Loss: 1.1922 | Train Acc: 0.7683 | Val Loss: 0.4681 | Val Acc: 0.8556
2026-08-25 09:47:39 [INFO] ✓ Saved best model: Val Acc=0.8556 at epoch 5
2026-08-25 09:47:40 [INFO] Epoch 006 | Train Loss: 1.0554 | Train Acc: 0.8008 | Val Loss: 0.4265 | Val Acc: 0.8667
2026-08-25 09:47:40 [INFO] ✓ Saved best model: Val Acc=0.8667 at epoch 6
2026-08-25 09:47:41 [INFO] Epoch 007 | Train Loss: 1.0587 | Train Acc: 0.7817 | Val Loss: 0.3985 | Val Acc: 0.8667
2026-08-25 09:47:42 [INFO] Epoch 008 | Train Loss: 0.9517 | Train Acc: 0.8063 | Val Loss: 0.4228 | Val Acc: 0.8519
2026-08-25 09:47:42 [INFO] Epoch 009 | Train Loss: 0.9316 | Train Acc: 0.8151 | Val Loss: 0.5546 | Val Acc: 0.7704
2026-08-25 09:47:43 [INFO] Epoch 010 | Train Loss: 0.8593 | Train Acc: 0.8421 | Val Loss: 0.3951 | Val Acc: 0.8556
2026-08-25 09:47:44 [INFO] Epoch 011 | Train Loss: 0.8376 | Train Acc: 0.8333 | Val Loss: 0.2820 | Val Acc: 0.8926
2026-08-25 09:47:44 [INFO] ✓ Saved best model: Val Acc=0.8926 at epoch 11
2026-08-25 09:47:45 [INFO] Epoch 012 | Train Loss: 0.8125 | Train Acc: 0.8254 | Val Loss: 0.3336 | Val Acc: 0.8593
2026-08-25 09:47:46 [INFO] Epoch 013 | Train Loss: 0.7707 | Train Acc: 0.8381 | Val Loss: 0.2640 | Val Acc: 0.9148
2026-08-25 09:47:46 [INFO] ✓ Saved best model: Val Acc=0.9148 at epoch 13
2026-08-25 09:47:47 [INFO] Epoch 014 | Train Loss: 0.7258 | Train Acc: 0.8524 | Val Loss: 0.3407 | Val Acc: 0.8926
2026-08-25 09:47:48 [INFO] Epoch 015 | Train Loss: 0.7039 | Train Acc: 0.8500 | Val Loss: 0.2633 | Val Acc: 0.9037
2026-08-25 09:47:50 [INFO] Epoch 016 | Train Loss: 0.6671 | Train Acc: 0.8603 | Val Loss: 0.2424 | Val Acc: 0.9185
2026-08-25 09:47:50 [INFO] ✓ Saved best model: Val Acc=0.9185 at epoch 16
2026-08-25 09:47:52 [INFO] Epoch 017 | Train Loss: 0.6213 | Train Acc: 0.8714 | Val Loss: 0.3088 | Val Acc: 0.8852
2026-08-25 09:47:53 [INFO] Epoch 018 | Train Loss: 0.5819 | Train Acc: 0.8929 | Val Loss: 0.2226 | Val Acc: 0.9185
2026-08-25 09:47:54 [INFO] Epoch 019 | Train Loss: 0.6002 | Train Acc: 0.8706 | Val Loss: 0.2152 | Val Acc: 0.9185
2026-08-25 09:47:55 [INFO] Epoch 020 | Train Loss: 0.5656 | Train Acc: 0.8841 | Val Loss: 0.1886 | Val Acc: 0.9259
2026-08-25 09:47:55 [INFO] ✓ Saved best model: Val Acc=0.9259 at epoch 20
2026-08-25 09:47:55 [INFO] Epoch 021 | Train Loss: 0.5756 | Train Acc: 0.8762 | Val Loss: 0.2334 | Val Acc: 0.9111
2026-08-25 09:47:56 [INFO] Epoch 022 | Train Loss: 0.4892 | Train Acc: 0.9032 | Val Loss: 0.2520 | Val Acc: 0.8926
2026-08-25 09:47:57 [INFO] Epoch 023 | Train Loss: 0.5563 | Train Acc: 0.8881 | Val Loss: 0.1813 | Val Acc: 0.9333
2026-08-25 09:47:57 [INFO] ✓ Saved best model: Val Acc=0.9333 at epoch 23
2026-08-25 09:47:58 [INFO] Epoch 024 | Train Loss: 0.5613 | Train Acc: 0.8905 | Val Loss: 0.2009 | Val Acc: 0.9296
2026-08-25 09:47:59 [INFO] Epoch 025 | Train Loss: 0.4742 | Train Acc: 0.9071 | Val Loss: 0.2061 | Val Acc: 0.9111
2026-08-25 09:48:00 [INFO] Epoch 026 | Train Loss: 0.4950 | Train Acc: 0.9008 | Val Loss: 0.2260 | Val Acc: 0.9111
2026-08-25 09:48:01 [INFO] Epoch 027 | Train Loss: 0.5019 | Train Acc: 0.9087 | Val Loss: 0.1482 | Val Acc: 0.9370
2026-08-25 09:48:01 [INFO] ✓ Saved best model: Val Acc=0.9370 at epoch 27
2026-08-25 09:48:02 [INFO] Epoch 028 | Train Loss: 0.4265 | Train Acc: 0.9175 | Val Loss: 0.1562 | Val Acc: 0.9333
2026-08-25 09:48:03 [INFO] Epoch 029 | Train Loss: 0.4205 | Train Acc: 0.9222 | Val Loss: 0.1729 | Val Acc: 0.9333
2026-08-25 09:48:05 [INFO] Epoch 030 | Train Loss: 0.4283 | Train Acc: 0.9135 | Val Loss: 0.2568 | Val Acc: 0.8889
2026-08-25 09:48:07 [INFO] Epoch 031 | Train Loss: 0.5338 | Train Acc: 0.8857 | Val Loss: 0.2495 | Val Acc: 0.8815
2026-08-25 09:48:08 [INFO] Epoch 032 | Train Loss: 0.4709 | Train Acc: 0.9095 | Val Loss: 0.1873 | Val Acc: 0.9370
2026-08-25 09:48:09 [INFO] Epoch 033 | Train Loss: 0.4569 | Train Acc: 0.9111 | Val Loss: 0.1768 | Val Acc: 0.9370
2026-08-25 09:48:09 [INFO] Epoch 034 | Train Loss: 0.4114 | Train Acc: 0.9063 | Val Loss: 0.1569 | Val Acc: 0.9370
2026-08-25 09:48:10 [INFO] Epoch 035 | Train Loss: 0.3854 | Train Acc: 0.9175 | Val Loss: 0.1220 | Val Acc: 0.9519
2026-08-25 09:48:10 [INFO] ✓ Saved best model: Val Acc=0.9519 at epoch 35
2026-08-25 09:48:11 [INFO] Epoch 036 | Train Loss: 0.3924 | Train Acc: 0.9286 | Val Loss: 0.1282 | Val Acc: 0.9519
2026-08-25 09:48:12 [INFO] Epoch 037 | Train Loss: 0.3782 | Train Acc: 0.9198 | Val Loss: 0.1388 | Val Acc: 0.9259
2026-08-25 09:48:13 [INFO] Epoch 038 | Train Loss: 0.3597 | Train Acc: 0.9262 | Val Loss: 0.1672 | Val Acc: 0.9296
2026-08-25 09:48:14 [INFO] Epoch 039 | Train Loss: 0.3396 | Train Acc: 0.9286 | Val Loss: 0.1028 | Val Acc: 0.9556
2026-08-25 09:48:14 [INFO] ✓ Saved best model: Val Acc=0.9556 at epoch 39
2026-08-25 09:48:15 [INFO] Epoch 040 | Train Loss: 0.3376 | Train Acc: 0.9421 | Val Loss: 0.1452 | Val Acc: 0.9444
2026-08-25 09:48:16 [INFO] Epoch 041 | Train Loss: 0.3132 | Train Acc: 0.9413 | Val Loss: 0.1315 | Val Acc: 0.9444
2026-08-25 09:48:17 [INFO] Epoch 042 | Train Loss: 0.3426 | Train Acc: 0.9302 | Val Loss: 0.1166 | Val Acc: 0.9556
2026-08-25 09:48:18 [INFO] Epoch 043 | Train Loss: 0.3289 | Train Acc: 0.9389 | Val Loss: 0.1439 | Val Acc: 0.9444
2026-08-25 09:48:20 [INFO] Epoch 044 | Train Loss: 0.3870 | Train Acc: 0.9183 | Val Loss: 0.1184 | Val Acc: 0.9556
2026-08-25 09:48:21 [INFO] Epoch 045 | Train Loss: 0.3176 | Train Acc: 0.9365 | Val Loss: 0.1788 | Val Acc: 0.9333
2026-08-25 09:48:22 [INFO] Epoch 046 | Train Loss: 0.3569 | Train Acc: 0.9278 | Val Loss: 0.1470 | Val Acc: 0.9296
2026-08-25 09:48:23 [INFO] Epoch 047 | Train Loss: 0.3302 | Train Acc: 0.9310 | Val Loss: 0.1186 | Val Acc: 0.9444
2026-08-25 09:48:24 [INFO] Epoch 048 | Train Loss: 0.2745 | Train Acc: 0.9444 | Val Loss: 0.0935 | Val Acc: 0.9519
2026-08-25 09:48:25 [INFO] Epoch 049 | Train Loss: 0.3225 | Train Acc: 0.9357 | Val Loss: 0.1360 | Val Acc: 0.9444
2026-08-25 09:48:26 [INFO] Epoch 050 | Train Loss: 0.2481 | Train Acc: 0.9492 | Val Loss: 0.0915 | Val Acc: 0.9593
2026-08-25 09:48:26 [INFO] ✓ Saved best model: Val Acc=0.9593 at epoch 50
2026-08-25 09:48:27 [INFO] Epoch 051 | Train Loss: 0.2980 | Train Acc: 0.9373 | Val Loss: 0.0833 | Val Acc: 0.9593
2026-08-25 09:48:28 [INFO] Epoch 052 | Train Loss: 0.2774 | Train Acc: 0.9492 | Val Loss: 0.0835 | Val Acc: 0.9630
2026-08-25 09:48:28 [INFO] ✓ Saved best model: Val Acc=0.9630 at epoch 52
2026-08-25 09:48:29 [INFO] Epoch 053 | Train Loss: 0.2361 | Train Acc: 0.9595 | Val Loss: 0.0818 | Val Acc: 0.9630
2026-08-25 09:48:30 [INFO] Epoch 054 | Train Loss: 0.2311 | Train Acc: 0.9532 | Val Loss: 0.0741 | Val Acc: 0.9630
2026-08-25 09:48:31 [INFO] Epoch 055 | Train Loss: 0.2145 | Train Acc: 0.9651 | Val Loss: 0.0774 | Val Acc: 0.9667
2026-08-25 09:48:31 [INFO] ✓ Saved best model: Val Acc=0.9667 at epoch 55
2026-08-25 09:48:32 [INFO] Epoch 056 | Train Loss: 0.2413 | Train Acc: 0.9540 | Val Loss: 0.0719 | Val Acc: 0.9667
2026-08-25 09:48:33 [INFO] Epoch 057 | Train Loss: 0.2277 | Train Acc: 0.9532 | Val Loss: 0.0707 | Val Acc: 0.9630
2026-08-25 09:48:34 [INFO] Epoch 058 | Train Loss: 0.2057 | Train Acc: 0.9635 | Val Loss: 0.0696 | Val Acc: 0.9667
2026-08-25 09:48:36 [INFO] Epoch 059 | Train Loss: 0.2378 | Train Acc: 0.9635 | Val Loss: 0.0738 | Val Acc: 0.9593
2026-08-25 09:48:37 [INFO] Epoch 060 | Train Loss: 0.2333 | Train Acc: 0.9587 | Val Loss: 0.0707 | Val Acc: 0.9667
2026-08-25 09:48:38 [INFO] Epoch 061 | Train Loss: 0.2165 | Train Acc: 0.9595 | Val Loss: 0.0707 | Val Acc: 0.9667
2026-08-25 09:48:39 [INFO] Epoch 062 | Train Loss: 0.2430 | Train Acc: 0.9563 | Val Loss: 0.0751 | Val Acc: 0.9704
2026-08-25 09:48:39 [INFO] ✓ Saved best model: Val Acc=0.9704 at epoch 62
2026-08-25 09:48:40 [INFO] Epoch 063 | Train Loss: 0.2335 | Train Acc: 0.9548 | Val Loss: 0.0705 | Val Acc: 0.9704
2026-08-25 09:48:41 [INFO] Epoch 064 | Train Loss: 0.2194 | Train Acc: 0.9563 | Val Loss: 0.0687 | Val Acc: 0.9667
2026-08-25 09:48:42 [INFO] Epoch 065 | Train Loss: 0.2281 | Train Acc: 0.9579 | Val Loss: 0.0700 | Val Acc: 0.9704
2026-08-25 09:48:43 [INFO] Epoch 066 | Train Loss: 0.2249 | Train Acc: 0.9579 | Val Loss: 0.0654 | Val Acc: 0.9667
2026-08-25 09:48:43 [INFO] Epoch 067 | Train Loss: 0.2141 | Train Acc: 0.9587 | Val Loss: 0.0647 | Val Acc: 0.9704
2026-08-25 09:48:44 [INFO] Epoch 068 | Train Loss: 0.2141 | Train Acc: 0.9667 | Val Loss: 0.0696 | Val Acc: 0.9667
2026-08-25 09:48:45 [INFO] Epoch 069 | Train Loss: 0.2333 | Train Acc: 0.9563 | Val Loss: 0.0632 | Val Acc: 0.9741
2026-08-25 09:48:45 [INFO] ✓ Saved best model: Val Acc=0.9741 at epoch 69
2026-08-25 09:48:46 [INFO] Epoch 070 | Train Loss: 0.2291 | Train Acc: 0.9619 | Val Loss: 0.0617 | Val Acc: 0.9778
2026-08-25 09:48:46 [INFO] ✓ Saved best model: Val Acc=0.9778 at epoch 70
2026-08-25 09:48:47 [INFO] Epoch 071 | Train Loss: 0.2030 | Train Acc: 0.9659 | Val Loss: 0.0653 | Val Acc: 0.9778
2026-08-25 09:48:48 [INFO] Epoch 072 | Train Loss: 0.2350 | Train Acc: 0.9595 | Val Loss: 0.0641 | Val Acc: 0.9778
2026-08-25 09:48:51 [INFO] Epoch 073 | Train Loss: 0.1961 | Train Acc: 0.9643 | Val Loss: 0.0643 | Val Acc: 0.9741
2026-08-25 09:48:52 [INFO] Epoch 074 | Train Loss: 0.2016 | Train Acc: 0.9611 | Val Loss: 0.0626 | Val Acc: 0.9741
2026-08-25 09:48:53 [INFO] Epoch 075 | Train Loss: 0.2220 | Train Acc: 0.9635 | Val Loss: 0.0642 | Val Acc: 0.9704
2026-08-25 09:48:54 [INFO] Epoch 076 | Train Loss: 0.2167 | Train Acc: 0.9571 | Val Loss: 0.0657 | Val Acc: 0.9741
2026-08-25 09:48:55 [INFO] Epoch 077 | Train Loss: 0.2092 | Train Acc: 0.9571 | Val Loss: 0.0656 | Val Acc: 0.9741
2026-08-25 09:48:56 [INFO] Epoch 078 | Train Loss: 0.2220 | Train Acc: 0.9603 | Val Loss: 0.0674 | Val Acc: 0.9741
2026-08-25 09:48:57 [INFO] Epoch 079 | Train Loss: 0.2066 | Train Acc: 0.9571 | Val Loss: 0.0666 | Val Acc: 0.9741
2026-08-25 09:48:57 [INFO] Epoch 080 | Train Loss: 0.1954 | Train Acc: 0.9579 | Val Loss: 0.0647 | Val Acc: 0.9778
2026-08-25 09:48:58 [INFO] Epoch 081 | Train Loss: 0.1876 | Train Acc: 0.9675 | Val Loss: 0.0660 | Val Acc: 0.9704
2026-08-25 09:48:59 [INFO] Epoch 082 | Train Loss: 0.2268 | Train Acc: 0.9524 | Val Loss: 0.0645 | Val Acc: 0.9778
2026-08-25 09:49:00 [INFO] Epoch 083 | Train Loss: 0.1922 | Train Acc: 0.9643 | Val Loss: 0.0650 | Val Acc: 0.9778
2026-08-25 09:49:01 [INFO] Epoch 084 | Train Loss: 0.2232 | Train Acc: 0.9563 | Val Loss: 0.0661 | Val Acc: 0.9741
2026-08-25 09:49:02 [INFO] Epoch 085 | Train Loss: 0.2322 | Train Acc: 0.9579 | Val Loss: 0.0648 | Val Acc: 0.9778
2026-08-25 09:49:03 [INFO] Epoch 086 | Train Loss: 0.2126 | Train Acc: 0.9563 | Val Loss: 0.0623 | Val Acc: 0.9815
2026-08-25 09:49:03 [INFO] ✓ Saved best model: Val Acc=0.9815 at epoch 86
2026-08-25 09:49:05 [INFO] Epoch 087 | Train Loss: 0.2175 | Train Acc: 0.9595 | Val Loss: 0.0627 | Val Acc: 0.9815
2026-08-25 09:49:07 [INFO] Epoch 088 | Train Loss: 0.2136 | Train Acc: 0.9619 | Val Loss: 0.0629 | Val Acc: 0.9778
2026-08-25 09:49:08 [INFO] Epoch 089 | Train Loss: 0.2400 | Train Acc: 0.9468 | Val Loss: 0.0624 | Val Acc: 0.9704
2026-08-25 09:49:09 [INFO] Epoch 090 | Train Loss: 0.2186 | Train Acc: 0.9540 | Val Loss: 0.0629 | Val Acc: 0.9741
2026-08-25 09:49:10 [INFO] Epoch 091 | Train Loss: 0.1907 | Train Acc: 0.9635 | Val Loss: 0.0644 | Val Acc: 0.9704
2026-08-25 09:49:11 [INFO] Epoch 092 | Train Loss: 0.1927 | Train Acc: 0.9619 | Val Loss: 0.0615 | Val Acc: 0.9704
2026-08-25 09:49:11 [INFO] Epoch 093 | Train Loss: 0.2027 | Train Acc: 0.9579 | Val Loss: 0.0626 | Val Acc: 0.9704
2026-08-25 09:49:12 [INFO] Epoch 094 | Train Loss: 0.1831 | Train Acc: 0.9667 | Val Loss: 0.0620 | Val Acc: 0.9778
2026-08-25 09:49:13 [INFO] Epoch 095 | Train Loss: 0.1834 | Train Acc: 0.9643 | Val Loss: 0.0639 | Val Acc: 0.9704
2026-08-25 09:49:14 [INFO] Epoch 096 | Train Loss: 0.1845 | Train Acc: 0.9667 | Val Loss: 0.0636 | Val Acc: 0.9704
2026-08-25 09:49:15 [INFO] Epoch 097 | Train Loss: 0.2199 | Train Acc: 0.9619 | Val Loss: 0.0622 | Val Acc: 0.9741
2026-08-25 09:49:16 [INFO] Epoch 098 | Train Loss: 0.2130 | Train Acc: 0.9595 | Val Loss: 0.0623 | Val Acc: 0.9704
2026-08-25 09:49:17 [INFO] Epoch 099 | Train Loss: 0.2044 | Train Acc: 0.9627 | Val Loss: 0.0643 | Val Acc: 0.9704
2026-08-25 09:49:18 [INFO] Epoch 100 | Train Loss: 0.1938 | Train Acc: 0.9627 | Val Loss: 0.0624 | Val Acc: 0.9741
2026-08-25 09:49:20 [INFO] Epoch 101 | Train Loss: 0.2201 | Train Acc: 0.9524 | Val Loss: 0.0620 | Val Acc: 0.9741
2026-08-25 09:49:22 [INFO] Epoch 102 | Train Loss: 0.2172 | Train Acc: 0.9587 | Val Loss: 0.0642 | Val Acc: 0.9741
2026-08-25 09:49:23 [INFO] Epoch 103 | Train Loss: 0.1944 | Train Acc: 0.9651 | Val Loss: 0.0616 | Val Acc: 0.9778
2026-08-25 09:49:24 [INFO] Epoch 104 | Train Loss: 0.1852 | Train Acc: 0.9706 | Val Loss: 0.0631 | Val Acc: 0.9704
2026-08-25 09:49:25 [INFO] Epoch 105 | Train Loss: 0.1914 | Train Acc: 0.9690 | Val Loss: 0.0627 | Val Acc: 0.9741
2026-08-25 09:49:26 [INFO] Epoch 106 | Train Loss: 0.2047 | Train Acc: 0.9651 | Val Loss: 0.0636 | Val Acc: 0.9741
2026-08-25 09:49:26 [INFO] Epoch 107 | Train Loss: 0.2120 | Train Acc: 0.9571 | Val Loss: 0.0645 | Val Acc: 0.9741
2026-08-25 09:49:27 [INFO] Epoch 108 | Train Loss: 0.1932 | Train Acc: 0.9667 | Val Loss: 0.0629 | Val Acc: 0.9815
2026-08-25 09:49:28 [INFO] Epoch 109 | Train Loss: 0.1959 | Train Acc: 0.9587 | Val Loss: 0.0617 | Val Acc: 0.9778
2026-08-25 09:49:29 [INFO] Epoch 110 | Train Loss: 0.1917 | Train Acc: 0.9683 | Val Loss: 0.0624 | Val Acc: 0.9778
2026-08-25 09:49:30 [INFO] Epoch 111 | Train Loss: 0.2047 | Train Acc: 0.9595 | Val Loss: 0.0646 | Val Acc: 0.9704
2026-08-25 09:49:31 [INFO] Epoch 112 | Train Loss: 0.2170 | Train Acc: 0.9587 | Val Loss: 0.0633 | Val Acc: 0.9778
2026-08-25 09:49:32 [INFO] Epoch 113 | Train Loss: 0.1989 | Train Acc: 0.9690 | Val Loss: 0.0634 | Val Acc: 0.9704
2026-08-25 09:49:33 [INFO] Epoch 114 | Train Loss: 0.1819 | Train Acc: 0.9698 | Val Loss: 0.0619 | Val Acc: 0.9741
2026-08-25 09:49:35 [INFO] Epoch 115 | Train Loss: 0.2050 | Train Acc: 0.9627 | Val Loss: 0.0630 | Val Acc: 0.9778
2026-08-25 09:49:37 [INFO] Epoch 116 | Train Loss: 0.2102 | Train Acc: 0.9563 | Val Loss: 0.0625 | Val Acc: 0.9778
2026-08-25 09:49:38 [INFO] Epoch 117 | Train Loss: 0.2170 | Train Acc: 0.9635 | Val Loss: 0.0642 | Val Acc: 0.9741
2026-08-25 09:49:38 [INFO] Epoch 118 | Train Loss: 0.2041 | Train Acc: 0.9611 | Val Loss: 0.0615 | Val Acc: 0.9778
2026-08-25 09:49:39 [INFO] Epoch 119 | Train Loss: 0.1875 | Train Acc: 0.9690 | Val Loss: 0.0628 | Val Acc: 0.9741
2026-08-25 09:49:40 [INFO] Epoch 120 | Train Loss: 0.1960 | Train Acc: 0.9675 | Val Loss: 0.0623 | Val Acc: 0.9704
2026-08-25 09:49:41 [INFO] Epoch 121 | Train Loss: 0.1992 | Train Acc: 0.9619 | Val Loss: 0.0651 | Val Acc: 0.9704
2026-08-25 09:49:42 [INFO] Epoch 122 | Train Loss: 0.1850 | Train Acc: 0.9659 | Val Loss: 0.0621 | Val Acc: 0.9741
2026-08-25 09:49:43 [INFO] Epoch 123 | Train Loss: 0.1874 | Train Acc: 0.9714 | Val Loss: 0.0640 | Val Acc: 0.9741
2026-08-25 09:49:44 [INFO] Epoch 124 | Train Loss: 0.2082 | Train Acc: 0.9595 | Val Loss: 0.0635 | Val Acc: 0.9704
2026-08-25 09:49:45 [INFO] Epoch 125 | Train Loss: 0.1998 | Train Acc: 0.9603 | Val Loss: 0.0638 | Val Acc: 0.9704
2026-08-25 09:49:46 [INFO] Epoch 126 | Train Loss: 0.1726 | Train Acc: 0.9675 | Val Loss: 0.0633 | Val Acc: 0.9778
2026-08-25 09:49:47 [INFO] Epoch 127 | Train Loss: 0.2095 | Train Acc: 0.9643 | Val Loss: 0.0627 | Val Acc: 0.9778
2026-08-25 09:49:48 [INFO] Epoch 128 | Train Loss: 0.1974 | Train Acc: 0.9643 | Val Loss: 0.0629 | Val Acc: 0.9741
2026-08-25 09:49:49 [INFO] Epoch 129 | Train Loss: 0.2283 | Train Acc: 0.9563 | Val Loss: 0.0610 | Val Acc: 0.9778
2026-08-25 09:49:49 [INFO] Evaluating Best Model on TEST Set...
2026-08-25 09:49:49 [INFO] 
[RESUME] Đang nạp checkpoint từ: /home/biu-linux/DeepLearning_Projects/DoAnNganh/HybricMamba/Ressult/TFJ/MEDIUM_HYBRIC_MAMBA/NEU-DET_surface-dec/MEDIUM_HYBRIC_MAMBA_best.pth
2026-08-25 09:49:50 [INFO] 🎯 [TEST RESULT] Test Acc: 0.9444 | F1-Macro: 0.9436 | F1-Weighted: 0.9436
2026-08-25 10:35:46 [INFO] Dataset: NEU-DET_surface-dec | Số nhãn (classes): 6 | Tổng số ảnh: 1800
2026-08-25 10:35:46 [INFO] Dữ liệu đã chia -> Train (70%): 1260 | Val (15%): 270 | Test (15%): 270
2026-08-25 10:35:46 [INFO] 
🔍 Kiểm tra phân bố class trong batch:
2026-08-25 10:35:46 [INFO]   Batch 0: 6 classes (first 5: [0, 1, 2, 3, 4])
2026-08-25 10:35:46 [INFO]   Batch 1: 6 classes (first 5: [0, 1, 2, 3, 4])
2026-08-25 10:35:46 [INFO]   Batch 2: 6 classes (first 5: [0, 1, 2, 3, 4])
2026-08-25 10:35:46 [INFO]   Batch 3: 6 classes (first 5: [0, 1, 2, 3, 4])
2026-08-25 10:35:46 [INFO]   Batch 4: 6 classes (first 5: [0, 1, 2, 3, 4])
2026-08-25 10:35:46 [WARNING] ⚠️ WARNING: Trung bình 6.0 classes/batch - Dữ liệu chưa được trộn đều!
2026-08-25 10:35:46 [INFO] ============================================================
2026-08-25 10:35:46 [INFO] Starting training: MEDIUM_HYBRIC_MAMBA
2026-08-25 10:35:46 [INFO] Dataset: NEU-DET_surface-dec | Path: /home/biu-linux/DeepLearning_Projects/DoAnNganh/data/NEU-DET
2026-08-25 10:35:46 [INFO] Device: cuda
2026-08-25 10:35:46 [INFO] GPU: NVIDIA GeForce RTX 3050 Laptop GPU
2026-08-25 10:35:46 [INFO] ============================================================
2026-08-25 10:35:51 [INFO] Epoch 000 | Train Loss: 2.5356 | Train Acc: 0.3595 | Val Loss: 1.8170 | Val Acc: 0.2704
2026-08-25 10:35:51 [INFO] ✓ Saved best model: Val Acc=0.2704 at epoch 0
2026-08-25 10:35:53 [INFO] Epoch 001 | Train Loss: 1.9539 | Train Acc: 0.5762 | Val Loss: 1.5691 | Val Acc: 0.4111
2026-08-25 10:35:53 [INFO] ✓ Saved best model: Val Acc=0.4111 at epoch 1
2026-08-25 10:35:54 [INFO] Epoch 002 | Train Loss: 1.6669 | Train Acc: 0.6627 | Val Loss: 0.7085 | Val Acc: 0.7407
2026-08-25 10:35:54 [INFO] ✓ Saved best model: Val Acc=0.7407 at epoch 2
2026-08-25 10:35:55 [INFO] Epoch 003 | Train Loss: 1.3428 | Train Acc: 0.7524 | Val Loss: 0.5597 | Val Acc: 0.8185
2026-08-25 10:35:55 [INFO] ✓ Saved best model: Val Acc=0.8185 at epoch 3
2026-08-25 10:35:55 [INFO] Epoch 004 | Train Loss: 1.2711 | Train Acc: 0.7500 | Val Loss: 0.5075 | Val Acc: 0.7963
2026-08-25 10:35:56 [INFO] Epoch 005 | Train Loss: 1.1093 | Train Acc: 0.7881 | Val Loss: 0.3979 | Val Acc: 0.8667
2026-08-25 10:35:56 [INFO] ✓ Saved best model: Val Acc=0.8667 at epoch 5
2026-08-25 10:35:57 [INFO] Epoch 006 | Train Loss: 1.0860 | Train Acc: 0.7857 | Val Loss: 0.4230 | Val Acc: 0.8593
2026-08-25 10:35:58 [INFO] Epoch 007 | Train Loss: 1.0198 | Train Acc: 0.7897 | Val Loss: 0.3970 | Val Acc: 0.8481
2026-08-25 10:35:59 [INFO] Epoch 008 | Train Loss: 0.9633 | Train Acc: 0.8024 | Val Loss: 0.3857 | Val Acc: 0.8704
2026-08-25 10:35:59 [INFO] ✓ Saved best model: Val Acc=0.8704 at epoch 8
2026-08-25 10:36:00 [INFO] Epoch 009 | Train Loss: 0.9037 | Train Acc: 0.8349 | Val Loss: 0.4245 | Val Acc: 0.8148
2026-08-25 10:36:01 [INFO] Epoch 010 | Train Loss: 0.8693 | Train Acc: 0.8214 | Val Loss: 0.3612 | Val Acc: 0.8741
2026-08-25 10:36:01 [INFO] ✓ Saved best model: Val Acc=0.8741 at epoch 10
2026-08-25 10:36:02 [INFO] Epoch 011 | Train Loss: 0.8754 | Train Acc: 0.8262 | Val Loss: 0.2902 | Val Acc: 0.8926
2026-08-25 10:36:02 [INFO] ✓ Saved best model: Val Acc=0.8926 at epoch 11
2026-08-25 10:36:02 [INFO] Epoch 012 | Train Loss: 0.7777 | Train Acc: 0.8444 | Val Loss: 0.3665 | Val Acc: 0.8519
2026-08-25 10:36:03 [INFO] Epoch 013 | Train Loss: 0.7564 | Train Acc: 0.8484 | Val Loss: 0.2678 | Val Acc: 0.9111
2026-08-25 10:36:03 [INFO] ✓ Saved best model: Val Acc=0.9111 at epoch 13
2026-08-25 10:36:05 [INFO] Epoch 014 | Train Loss: 0.7134 | Train Acc: 0.8611 | Val Loss: 0.2684 | Val Acc: 0.9037
2026-08-25 10:36:07 [INFO] Epoch 015 | Train Loss: 0.6608 | Train Acc: 0.8730 | Val Loss: 0.2761 | Val Acc: 0.8963
2026-08-25 10:36:08 [INFO] Epoch 016 | Train Loss: 0.6179 | Train Acc: 0.8770 | Val Loss: 0.2387 | Val Acc: 0.9185
2026-08-25 10:36:08 [INFO] ✓ Saved best model: Val Acc=0.9185 at epoch 16
2026-08-25 10:36:09 [INFO] Epoch 017 | Train Loss: 0.6189 | Train Acc: 0.8714 | Val Loss: 0.2572 | Val Acc: 0.8926
2026-08-25 10:36:10 [INFO] Epoch 018 | Train Loss: 0.5981 | Train Acc: 0.8905 | Val Loss: 0.2910 | Val Acc: 0.8630
2026-08-25 10:36:11 [INFO] Epoch 019 | Train Loss: 0.6002 | Train Acc: 0.8706 | Val Loss: 0.1943 | Val Acc: 0.9296
2026-08-25 10:36:11 [INFO] ✓ Saved best model: Val Acc=0.9296 at epoch 19
2026-08-25 10:36:12 [INFO] Epoch 020 | Train Loss: 0.5737 | Train Acc: 0.8881 | Val Loss: 0.1794 | Val Acc: 0.9333
2026-08-25 10:36:12 [INFO] ✓ Saved best model: Val Acc=0.9333 at epoch 20
2026-08-25 10:36:13 [INFO] Epoch 021 | Train Loss: 0.5184 | Train Acc: 0.8976 | Val Loss: 0.2081 | Val Acc: 0.9185
2026-08-25 10:36:14 [INFO] Epoch 022 | Train Loss: 0.4834 | Train Acc: 0.9071 | Val Loss: 0.1904 | Val Acc: 0.9259
2026-08-25 10:36:14 [INFO] Epoch 023 | Train Loss: 0.5495 | Train Acc: 0.8889 | Val Loss: 0.1955 | Val Acc: 0.9259
2026-08-25 10:36:15 [INFO] Epoch 024 | Train Loss: 0.5241 | Train Acc: 0.8968 | Val Loss: 0.2258 | Val Acc: 0.9185
2026-08-25 10:36:16 [INFO] Epoch 025 | Train Loss: 0.5039 | Train Acc: 0.9032 | Val Loss: 0.2436 | Val Acc: 0.9148
2026-08-25 10:36:17 [INFO] Epoch 026 | Train Loss: 0.4559 | Train Acc: 0.9095 | Val Loss: 0.1860 | Val Acc: 0.9407
2026-08-25 10:36:17 [INFO] ✓ Saved best model: Val Acc=0.9407 at epoch 26
2026-08-25 10:36:18 [INFO] Epoch 027 | Train Loss: 0.4542 | Train Acc: 0.9087 | Val Loss: 0.1639 | Val Acc: 0.9444
2026-08-25 10:36:18 [INFO] ✓ Saved best model: Val Acc=0.9444 at epoch 27
2026-08-25 10:36:19 [INFO] Epoch 028 | Train Loss: 0.4151 | Train Acc: 0.9175 | Val Loss: 0.1615 | Val Acc: 0.9370
2026-08-25 10:36:20 [INFO] Epoch 029 | Train Loss: 0.3896 | Train Acc: 0.9246 | Val Loss: 0.1540 | Val Acc: 0.9370
2026-08-25 10:36:22 [INFO] Epoch 030 | Train Loss: 0.4366 | Train Acc: 0.9135 | Val Loss: 0.1957 | Val Acc: 0.9185
2026-08-25 10:36:23 [INFO] Epoch 031 | Train Loss: 0.4113 | Train Acc: 0.9198 | Val Loss: 0.1694 | Val Acc: 0.9333
2026-08-25 10:36:24 [INFO] Epoch 032 | Train Loss: 0.4459 | Train Acc: 0.9103 | Val Loss: 0.1862 | Val Acc: 0.9222
2026-08-25 10:36:25 [INFO] Epoch 033 | Train Loss: 0.4607 | Train Acc: 0.9056 | Val Loss: 0.1764 | Val Acc: 0.9519
2026-08-25 10:36:25 [INFO] ✓ Saved best model: Val Acc=0.9519 at epoch 33
2026-08-25 10:36:26 [INFO] Epoch 034 | Train Loss: 0.4197 | Train Acc: 0.9143 | Val Loss: 0.2388 | Val Acc: 0.9074
2026-08-25 10:36:27 [INFO] Epoch 035 | Train Loss: 0.4025 | Train Acc: 0.9254 | Val Loss: 0.1181 | Val Acc: 0.9556
2026-08-25 10:36:27 [INFO] ✓ Saved best model: Val Acc=0.9556 at epoch 35
2026-08-25 10:36:28 [INFO] Epoch 036 | Train Loss: 0.4252 | Train Acc: 0.9198 | Val Loss: 0.1173 | Val Acc: 0.9704
2026-08-25 10:36:28 [INFO] ✓ Saved best model: Val Acc=0.9704 at epoch 36
2026-08-25 10:36:29 [INFO] Epoch 037 | Train Loss: 0.4038 | Train Acc: 0.9167 | Val Loss: 0.1372 | Val Acc: 0.9481
2026-08-25 10:36:29 [INFO] Epoch 038 | Train Loss: 0.3596 | Train Acc: 0.9278 | Val Loss: 0.1675 | Val Acc: 0.9481
2026-08-25 10:36:30 [INFO] Epoch 039 | Train Loss: 0.3029 | Train Acc: 0.9421 | Val Loss: 0.1262 | Val Acc: 0.9519
2026-08-25 10:36:31 [INFO] Epoch 040 | Train Loss: 0.3810 | Train Acc: 0.9222 | Val Loss: 0.1452 | Val Acc: 0.9444
2026-08-25 10:36:32 [INFO] Epoch 041 | Train Loss: 0.3371 | Train Acc: 0.9317 | Val Loss: 0.1794 | Val Acc: 0.9333
2026-08-25 10:36:33 [INFO] Epoch 042 | Train Loss: 0.3609 | Train Acc: 0.9286 | Val Loss: 0.1740 | Val Acc: 0.9407
2026-08-25 10:36:34 [INFO] Epoch 043 | Train Loss: 0.3180 | Train Acc: 0.9302 | Val Loss: 0.2331 | Val Acc: 0.9185
2026-08-25 10:36:36 [INFO] Epoch 044 | Train Loss: 0.3353 | Train Acc: 0.9302 | Val Loss: 0.1699 | Val Acc: 0.9296
2026-08-25 10:36:38 [INFO] Epoch 045 | Train Loss: 0.3284 | Train Acc: 0.9317 | Val Loss: 0.1649 | Val Acc: 0.9333
2026-08-25 10:36:39 [INFO] Epoch 046 | Train Loss: 0.3492 | Train Acc: 0.9325 | Val Loss: 0.1537 | Val Acc: 0.9519
2026-08-25 10:36:40 [INFO] Epoch 047 | Train Loss: 0.3104 | Train Acc: 0.9349 | Val Loss: 0.1057 | Val Acc: 0.9593
2026-08-25 10:36:40 [INFO] Epoch 048 | Train Loss: 0.3010 | Train Acc: 0.9444 | Val Loss: 0.1422 | Val Acc: 0.9407
2026-08-25 10:36:41 [INFO] Epoch 049 | Train Loss: 0.2496 | Train Acc: 0.9484 | Val Loss: 0.1222 | Val Acc: 0.9481
2026-08-25 10:36:42 [INFO] Epoch 050 | Train Loss: 0.2205 | Train Acc: 0.9595 | Val Loss: 0.0976 | Val Acc: 0.9630
2026-08-25 10:36:43 [INFO] Epoch 051 | Train Loss: 0.2539 | Train Acc: 0.9476 | Val Loss: 0.1016 | Val Acc: 0.9593
2026-08-25 10:36:44 [INFO] Epoch 052 | Train Loss: 0.2215 | Train Acc: 0.9619 | Val Loss: 0.1029 | Val Acc: 0.9630
2026-08-25 10:36:45 [INFO] Epoch 053 | Train Loss: 0.2239 | Train Acc: 0.9659 | Val Loss: 0.1072 | Val Acc: 0.9556
2026-08-25 10:36:46 [INFO] Epoch 054 | Train Loss: 0.2321 | Train Acc: 0.9540 | Val Loss: 0.0905 | Val Acc: 0.9630
2026-08-25 10:36:46 [INFO] Epoch 055 | Train Loss: 0.2100 | Train Acc: 0.9611 | Val Loss: 0.0940 | Val Acc: 0.9667
2026-08-25 10:36:47 [INFO] Epoch 056 | Train Loss: 0.2538 | Train Acc: 0.9484 | Val Loss: 0.0971 | Val Acc: 0.9630
2026-08-25 10:36:47 [INFO] ⏹ Early stopping tại epoch 56 (không cải thiện sau 20 epoch, best=0.9704)
2026-08-25 10:36:47 [INFO] Evaluating Best Model on TEST Set...
2026-08-25 10:36:47 [INFO] 
[RESUME] Đang nạp checkpoint từ: /home/biu-linux/DeepLearning_Projects/DoAnNganh/HybricMamba/Ressult/TFJ/MEDIUM_HYBRIC_MAMBA/NEU-DET_surface-dec/MEDIUM_HYBRIC_MAMBA_best.pth
2026-08-25 10:36:47 [INFO] 🎯 [TEST RESULT] Test Acc: 0.9407 | F1-Macro: 0.9401 | F1-Weighted: 0.9401
2026-08-25 10:38:39 [INFO] Dataset: NEU-DET_surface-dec | Số nhãn (classes): 6 | Tổng số ảnh: 1800
2026-08-25 10:38:39 [INFO] Dữ liệu đã chia -> Train (70%): 1260 | Val (15%): 270 | Test (15%): 270
2026-08-25 10:38:39 [INFO] 
🔍 Kiểm tra phân bố class trong batch:
2026-08-25 10:38:39 [INFO]   Batch 0: 6 classes (first 5: [0, 1, 2, 3, 4])
2026-08-25 10:38:39 [INFO]   Batch 1: 6 classes (first 5: [0, 1, 2, 3, 4])
2026-08-25 10:38:39 [INFO]   Batch 2: 6 classes (first 5: [0, 1, 2, 3, 4])
2026-08-25 10:38:39 [INFO]   Batch 3: 6 classes (first 5: [0, 1, 2, 3, 4])
2026-08-25 10:38:39 [INFO]   Batch 4: 6 classes (first 5: [0, 1, 2, 3, 4])
2026-08-25 10:38:39 [WARNING] ⚠️ WARNING: Trung bình 6.0 classes/batch - Dữ liệu chưa được trộn đều!
2026-08-25 10:38:39 [INFO] ============================================================
2026-08-25 10:38:39 [INFO] Starting training: MEDIUM_HYBRIC_MAMBA
2026-08-25 10:38:39 [INFO] Dataset: NEU-DET_surface-dec | Path: /home/biu-linux/DeepLearning_Projects/DoAnNganh/data/NEU-DET
2026-08-25 10:38:39 [INFO] Device: cuda
2026-08-25 10:38:39 [INFO] GPU: NVIDIA GeForce RTX 3050 Laptop GPU
2026-08-25 10:38:39 [INFO] ============================================================
2026-08-25 10:38:43 [INFO] Epoch 000 | Train Loss: 2.5151 | Train Acc: 0.3849 | Val Loss: 2.1525 | Val Acc: 0.2481
2026-08-25 10:38:43 [INFO] ✓ Saved best model: Val Acc=0.2481 at epoch 0
2026-08-25 10:38:44 [INFO] Epoch 001 | Train Loss: 2.0192 | Train Acc: 0.5651 | Val Loss: 1.6690 | Val Acc: 0.3519
2026-08-25 10:38:44 [INFO] ✓ Saved best model: Val Acc=0.3519 at epoch 1
2026-08-25 10:38:45 [INFO] Epoch 002 | Train Loss: 1.8294 | Train Acc: 0.5968 | Val Loss: 0.7748 | Val Acc: 0.7185
2026-08-25 10:38:45 [INFO] ✓ Saved best model: Val Acc=0.7185 at epoch 2
2026-08-25 10:38:48 [INFO] Epoch 003 | Train Loss: 1.5453 | Train Acc: 0.7024 | Val Loss: 0.6482 | Val Acc: 0.7815
2026-08-25 10:38:48 [INFO] ✓ Saved best model: Val Acc=0.7815 at epoch 3
2026-08-25 10:38:49 [INFO] Epoch 004 | Train Loss: 1.4007 | Train Acc: 0.7190 | Val Loss: 0.5841 | Val Acc: 0.7556
2026-08-25 10:38:50 [INFO] Epoch 005 | Train Loss: 1.2863 | Train Acc: 0.7262 | Val Loss: 0.4872 | Val Acc: 0.8296
2026-08-25 10:38:50 [INFO] ✓ Saved best model: Val Acc=0.8296 at epoch 5
2026-08-25 10:38:51 [INFO] Epoch 006 | Train Loss: 1.1783 | Train Acc: 0.7643 | Val Loss: 0.5033 | Val Acc: 0.8296
2026-08-25 10:38:52 [INFO] Epoch 007 | Train Loss: 1.1390 | Train Acc: 0.7675 | Val Loss: 0.4628 | Val Acc: 0.8000
2026-08-25 10:38:53 [INFO] Epoch 008 | Train Loss: 1.0533 | Train Acc: 0.7929 | Val Loss: 0.4292 | Val Acc: 0.8296
2026-08-25 10:38:54 [INFO] Epoch 009 | Train Loss: 1.0393 | Train Acc: 0.8032 | Val Loss: 0.3801 | Val Acc: 0.8519
2026-08-25 10:38:54 [INFO] ✓ Saved best model: Val Acc=0.8519 at epoch 9
2026-08-25 10:38:54 [INFO] Epoch 010 | Train Loss: 0.9614 | Train Acc: 0.8175 | Val Loss: 0.4036 | Val Acc: 0.8741
2026-08-25 10:38:54 [INFO] ✓ Saved best model: Val Acc=0.8741 at epoch 10
2026-08-25 10:38:55 [INFO] Epoch 011 | Train Loss: 0.9174 | Train Acc: 0.8270 | Val Loss: 0.3528 | Val Acc: 0.8815
2026-08-25 10:38:55 [INFO] ✓ Saved best model: Val Acc=0.8815 at epoch 11
2026-08-25 10:38:56 [INFO] Epoch 012 | Train Loss: 0.9186 | Train Acc: 0.8056 | Val Loss: 0.4023 | Val Acc: 0.8741
2026-08-25 10:38:57 [INFO] Epoch 013 | Train Loss: 0.8664 | Train Acc: 0.8183 | Val Loss: 0.3251 | Val Acc: 0.8926
2026-08-25 10:38:57 [INFO] ✓ Saved best model: Val Acc=0.8926 at epoch 13
2026-08-25 10:38:58 [INFO] Epoch 014 | Train Loss: 0.7974 | Train Acc: 0.8421 | Val Loss: 0.3221 | Val Acc: 0.8741
2026-08-25 10:38:59 [INFO] Epoch 015 | Train Loss: 0.7435 | Train Acc: 0.8492 | Val Loss: 0.2693 | Val Acc: 0.9074
2026-08-25 10:38:59 [INFO] ✓ Saved best model: Val Acc=0.9074 at epoch 15
2026-08-25 10:39:01 [INFO] Epoch 016 | Train Loss: 0.7338 | Train Acc: 0.8571 | Val Loss: 0.2400 | Val Acc: 0.9148
2026-08-25 10:39:01 [INFO] ✓ Saved best model: Val Acc=0.9148 at epoch 16
2026-08-25 10:39:03 [INFO] Epoch 017 | Train Loss: 0.6790 | Train Acc: 0.8667 | Val Loss: 0.2123 | Val Acc: 0.9148
2026-08-25 10:39:04 [INFO] Epoch 018 | Train Loss: 0.6590 | Train Acc: 0.8675 | Val Loss: 0.2108 | Val Acc: 0.9259
2026-08-25 10:39:04 [INFO] ✓ Saved best model: Val Acc=0.9259 at epoch 18
2026-08-25 10:39:05 [INFO] Epoch 019 | Train Loss: 0.6430 | Train Acc: 0.8619 | Val Loss: 0.2147 | Val Acc: 0.9037
2026-08-25 10:39:06 [INFO] Epoch 020 | Train Loss: 0.5894 | Train Acc: 0.8778 | Val Loss: 0.1928 | Val Acc: 0.9296
2026-08-25 10:39:06 [INFO] ✓ Saved best model: Val Acc=0.9296 at epoch 20
2026-08-25 10:39:07 [INFO] Epoch 021 | Train Loss: 0.5391 | Train Acc: 0.8897 | Val Loss: 0.2062 | Val Acc: 0.9037
2026-08-25 10:39:08 [INFO] Epoch 022 | Train Loss: 0.4836 | Train Acc: 0.9071 | Val Loss: 0.2192 | Val Acc: 0.9148
2026-08-25 10:39:08 [INFO] Epoch 023 | Train Loss: 0.5647 | Train Acc: 0.8778 | Val Loss: 0.2030 | Val Acc: 0.9222
2026-08-25 10:39:09 [INFO] Epoch 024 | Train Loss: 0.4876 | Train Acc: 0.9008 | Val Loss: 0.2035 | Val Acc: 0.9148
2026-08-25 10:39:10 [INFO] Epoch 025 | Train Loss: 0.4793 | Train Acc: 0.9071 | Val Loss: 0.1683 | Val Acc: 0.9296
2026-08-25 10:39:11 [INFO] Epoch 026 | Train Loss: 0.5175 | Train Acc: 0.8984 | Val Loss: 0.1884 | Val Acc: 0.9185
2026-08-25 10:39:12 [INFO] Epoch 027 | Train Loss: 0.4763 | Train Acc: 0.8992 | Val Loss: 0.1644 | Val Acc: 0.9333
2026-08-25 10:39:12 [INFO] ✓ Saved best model: Val Acc=0.9333 at epoch 27
2026-08-25 10:39:13 [INFO] Epoch 028 | Train Loss: 0.4292 | Train Acc: 0.9119 | Val Loss: 0.1866 | Val Acc: 0.9222
2026-08-25 10:39:14 [INFO] Epoch 029 | Train Loss: 0.4384 | Train Acc: 0.9095 | Val Loss: 0.1594 | Val Acc: 0.9296
2026-08-25 10:39:15 [INFO] Epoch 030 | Train Loss: 0.4337 | Train Acc: 0.9103 | Val Loss: 0.2168 | Val Acc: 0.9037
2026-08-25 10:39:17 [INFO] Epoch 031 | Train Loss: 0.4444 | Train Acc: 0.9111 | Val Loss: 0.1865 | Val Acc: 0.9222
2026-08-25 10:39:19 [INFO] Epoch 032 | Train Loss: 0.4297 | Train Acc: 0.9167 | Val Loss: 0.1509 | Val Acc: 0.9556
2026-08-25 10:39:19 [INFO] ✓ Saved best model: Val Acc=0.9556 at epoch 32
2026-08-25 10:39:20 [INFO] Epoch 033 | Train Loss: 0.4253 | Train Acc: 0.9183 | Val Loss: 0.1904 | Val Acc: 0.9296
2026-08-25 10:39:21 [INFO] Epoch 034 | Train Loss: 0.4169 | Train Acc: 0.9190 | Val Loss: 0.2100 | Val Acc: 0.9037
2026-08-25 10:39:21 [INFO] Epoch 035 | Train Loss: 0.3817 | Train Acc: 0.9246 | Val Loss: 0.1438 | Val Acc: 0.9444
2026-08-25 10:39:22 [INFO] Epoch 036 | Train Loss: 0.3630 | Train Acc: 0.9341 | Val Loss: 0.1324 | Val Acc: 0.9519
2026-08-25 10:39:23 [INFO] Epoch 037 | Train Loss: 0.3676 | Train Acc: 0.9278 | Val Loss: 0.1166 | Val Acc: 0.9444
2026-08-25 10:39:24 [INFO] Epoch 038 | Train Loss: 0.3374 | Train Acc: 0.9341 | Val Loss: 0.1475 | Val Acc: 0.9444
2026-08-25 10:39:25 [INFO] Epoch 039 | Train Loss: 0.3229 | Train Acc: 0.9294 | Val Loss: 0.1340 | Val Acc: 0.9444
2026-08-25 10:39:26 [INFO] Epoch 040 | Train Loss: 0.3717 | Train Acc: 0.9222 | Val Loss: 0.1692 | Val Acc: 0.9222
2026-08-25 10:39:27 [INFO] Epoch 041 | Train Loss: 0.3535 | Train Acc: 0.9286 | Val Loss: 0.1550 | Val Acc: 0.9444
2026-08-25 10:39:28 [INFO] Epoch 042 | Train Loss: 0.3164 | Train Acc: 0.9397 | Val Loss: 0.1818 | Val Acc: 0.9296
2026-08-25 10:39:29 [INFO] Epoch 043 | Train Loss: 0.3154 | Train Acc: 0.9317 | Val Loss: 0.1852 | Val Acc: 0.9333
2026-08-25 10:39:30 [INFO] Epoch 044 | Train Loss: 0.3549 | Train Acc: 0.9317 | Val Loss: 0.1321 | Val Acc: 0.9556
2026-08-25 10:39:32 [INFO] Epoch 045 | Train Loss: 0.3147 | Train Acc: 0.9365 | Val Loss: 0.2095 | Val Acc: 0.9333
2026-08-25 10:39:33 [INFO] Epoch 046 | Train Loss: 0.3347 | Train Acc: 0.9381 | Val Loss: 0.1591 | Val Acc: 0.9333
2026-08-25 10:39:34 [INFO] Epoch 047 | Train Loss: 0.3183 | Train Acc: 0.9349 | Val Loss: 0.1249 | Val Acc: 0.9407
2026-08-25 10:39:35 [INFO] Epoch 048 | Train Loss: 0.2804 | Train Acc: 0.9373 | Val Loss: 0.1245 | Val Acc: 0.9370
2026-08-25 10:39:36 [INFO] Epoch 049 | Train Loss: 0.2926 | Train Acc: 0.9373 | Val Loss: 0.1066 | Val Acc: 0.9593
2026-08-25 10:39:36 [INFO] ✓ Saved best model: Val Acc=0.9593 at epoch 49
2026-08-25 10:39:37 [INFO] Epoch 050 | Train Loss: 0.2387 | Train Acc: 0.9571 | Val Loss: 0.0991 | Val Acc: 0.9630
2026-08-25 10:39:37 [INFO] ✓ Saved best model: Val Acc=0.9630 at epoch 50
2026-08-25 10:39:38 [INFO] Epoch 051 | Train Loss: 0.2265 | Train Acc: 0.9571 | Val Loss: 0.0939 | Val Acc: 0.9630
2026-08-25 10:39:39 [INFO] Epoch 052 | Train Loss: 0.2126 | Train Acc: 0.9587 | Val Loss: 0.0962 | Val Acc: 0.9593
2026-08-25 10:39:40 [INFO] Epoch 053 | Train Loss: 0.2471 | Train Acc: 0.9460 | Val Loss: 0.1098 | Val Acc: 0.9556
2026-08-25 10:39:41 [INFO] Epoch 054 | Train Loss: 0.2160 | Train Acc: 0.9619 | Val Loss: 0.1024 | Val Acc: 0.9519
2026-08-25 10:39:41 [INFO] Epoch 055 | Train Loss: 0.1964 | Train Acc: 0.9690 | Val Loss: 0.0946 | Val Acc: 0.9630
2026-08-25 10:39:42 [INFO] Epoch 056 | Train Loss: 0.2281 | Train Acc: 0.9563 | Val Loss: 0.0974 | Val Acc: 0.9593
2026-08-25 10:39:43 [INFO] Epoch 057 | Train Loss: 0.2183 | Train Acc: 0.9548 | Val Loss: 0.0960 | Val Acc: 0.9630
2026-08-25 10:39:44 [INFO] Epoch 058 | Train Loss: 0.1935 | Train Acc: 0.9690 | Val Loss: 0.0932 | Val Acc: 0.9593
2026-08-25 10:39:47 [INFO] Epoch 059 | Train Loss: 0.2366 | Train Acc: 0.9492 | Val Loss: 0.0906 | Val Acc: 0.9667
2026-08-25 10:39:47 [INFO] ✓ Saved best model: Val Acc=0.9667 at epoch 59
2026-08-25 10:39:49 [INFO] Epoch 060 | Train Loss: 0.1978 | Train Acc: 0.9643 | Val Loss: 0.0926 | Val Acc: 0.9630
2026-08-25 10:39:50 [INFO] Epoch 061 | Train Loss: 0.2180 | Train Acc: 0.9659 | Val Loss: 0.0953 | Val Acc: 0.9741
2026-08-25 10:39:50 [INFO] ✓ Saved best model: Val Acc=0.9741 at epoch 61
2026-08-25 10:39:51 [INFO] Epoch 062 | Train Loss: 0.1974 | Train Acc: 0.9675 | Val Loss: 0.1010 | Val Acc: 0.9593
2026-08-25 10:39:52 [INFO] Epoch 063 | Train Loss: 0.2050 | Train Acc: 0.9651 | Val Loss: 0.0988 | Val Acc: 0.9593
2026-08-25 10:39:52 [INFO] Epoch 064 | Train Loss: 0.1792 | Train Acc: 0.9698 | Val Loss: 0.0914 | Val Acc: 0.9593
2026-08-25 10:39:53 [INFO] Epoch 065 | Train Loss: 0.2058 | Train Acc: 0.9659 | Val Loss: 0.0836 | Val Acc: 0.9667
2026-08-25 10:39:54 [INFO] Epoch 066 | Train Loss: 0.1916 | Train Acc: 0.9587 | Val Loss: 0.0864 | Val Acc: 0.9630
2026-08-25 10:39:55 [INFO] Epoch 067 | Train Loss: 0.1858 | Train Acc: 0.9611 | Val Loss: 0.0896 | Val Acc: 0.9667
2026-08-25 10:39:56 [INFO] Epoch 068 | Train Loss: 0.2091 | Train Acc: 0.9627 | Val Loss: 0.0968 | Val Acc: 0.9630
2026-08-25 10:39:57 [INFO] Epoch 069 | Train Loss: 0.1927 | Train Acc: 0.9635 | Val Loss: 0.0964 | Val Acc: 0.9667
2026-08-25 10:39:58 [INFO] Epoch 070 | Train Loss: 0.1925 | Train Acc: 0.9611 | Val Loss: 0.0953 | Val Acc: 0.9630
2026-08-25 10:39:59 [INFO] Epoch 071 | Train Loss: 0.1945 | Train Acc: 0.9627 | Val Loss: 0.0901 | Val Acc: 0.9704
2026-08-25 10:40:00 [INFO] Epoch 072 | Train Loss: 0.2271 | Train Acc: 0.9587 | Val Loss: 0.0836 | Val Acc: 0.9741
2026-08-25 10:40:02 [INFO] Epoch 073 | Train Loss: 0.1677 | Train Acc: 0.9690 | Val Loss: 0.0893 | Val Acc: 0.9667
2026-08-25 10:40:04 [INFO] Epoch 074 | Train Loss: 0.1991 | Train Acc: 0.9571 | Val Loss: 0.0929 | Val Acc: 0.9630
2026-08-25 10:40:05 [INFO] Epoch 075 | Train Loss: 0.2118 | Train Acc: 0.9587 | Val Loss: 0.0856 | Val Acc: 0.9704
2026-08-25 10:40:06 [INFO] Epoch 076 | Train Loss: 0.1800 | Train Acc: 0.9667 | Val Loss: 0.0859 | Val Acc: 0.9630
2026-08-25 10:40:06 [INFO] Epoch 077 | Train Loss: 0.1842 | Train Acc: 0.9651 | Val Loss: 0.0848 | Val Acc: 0.9667
2026-08-25 10:40:07 [INFO] Epoch 078 | Train Loss: 0.1917 | Train Acc: 0.9611 | Val Loss: 0.0924 | Val Acc: 0.9741
2026-08-25 10:40:08 [INFO] Epoch 079 | Train Loss: 0.1906 | Train Acc: 0.9683 | Val Loss: 0.0866 | Val Acc: 0.9741
2026-08-25 10:40:09 [INFO] Epoch 080 | Train Loss: 0.1889 | Train Acc: 0.9643 | Val Loss: 0.0861 | Val Acc: 0.9704
2026-08-25 10:40:10 [INFO] Epoch 081 | Train Loss: 0.1866 | Train Acc: 0.9651 | Val Loss: 0.0854 | Val Acc: 0.9741
2026-08-25 10:40:11 [INFO] Epoch 082 | Train Loss: 0.1949 | Train Acc: 0.9651 | Val Loss: 0.0893 | Val Acc: 0.9704
2026-08-25 10:40:12 [INFO] Epoch 083 | Train Loss: 0.1797 | Train Acc: 0.9675 | Val Loss: 0.0868 | Val Acc: 0.9741
2026-08-25 10:40:13 [INFO] Epoch 084 | Train Loss: 0.2133 | Train Acc: 0.9627 | Val Loss: 0.0876 | Val Acc: 0.9667
2026-08-25 10:40:14 [INFO] Epoch 085 | Train Loss: 0.2027 | Train Acc: 0.9627 | Val Loss: 0.0834 | Val Acc: 0.9741
2026-08-25 10:40:14 [INFO] Epoch 086 | Train Loss: 0.1731 | Train Acc: 0.9730 | Val Loss: 0.0830 | Val Acc: 0.9741
2026-08-25 10:40:14 [INFO] ⏹ Early stopping tại epoch 86 (không cải thiện sau 25 epoch, best=0.9741)
2026-08-25 10:40:14 [INFO] Evaluating Best Model on TEST Set...
2026-08-25 10:40:14 [INFO] 
[RESUME] Đang nạp checkpoint từ: /home/biu-linux/DeepLearning_Projects/DoAnNganh/HybricMamba/Ressult/TFJ/MEDIUM_HYBRIC_MAMBA/NEU-DET_surface-dec/MEDIUM_HYBRIC_MAMBA_best.pth
2026-08-25 10:40:15 [INFO] 🎯 [TEST RESULT] Test Acc: 0.9593 | F1-Macro: 0.9592 | F1-Weighted: 0.9592
2026-08-25 10:45:41 [INFO] Dataset: NEU-DET_surface-dec | Số nhãn (classes): 6 | Tổng số ảnh: 1800
2026-08-25 10:45:41 [INFO] Dữ liệu đã chia -> Train (70%): 1260 | Val (15%): 270 | Test (15%): 270
2026-08-25 10:45:41 [INFO] 
🔍 Kiểm tra phân bố class trong batch:
2026-08-25 10:45:41 [INFO]   Batch 0: 6 classes (first 5: [0, 1, 2, 3, 4])
2026-08-25 10:45:41 [INFO]   Batch 1: 6 classes (first 5: [0, 1, 2, 3, 4])
2026-08-25 10:45:41 [INFO]   Batch 2: 6 classes (first 5: [0, 1, 2, 3, 4])
2026-08-25 10:45:41 [INFO]   Batch 3: 6 classes (first 5: [0, 1, 2, 3, 4])
2026-08-25 10:45:41 [INFO]   Batch 4: 6 classes (first 5: [0, 1, 2, 3, 4])
2026-08-25 10:45:41 [WARNING] ⚠️ WARNING: Trung bình 6.0 classes/batch - Dữ liệu chưa được trộn đều!
2026-08-25 10:45:41 [INFO] ============================================================
2026-08-25 10:45:41 [INFO] Starting training: MEDIUM_HYBRIC_MAMBA
2026-08-25 10:45:41 [INFO] Dataset: NEU-DET_surface-dec | Path: /home/biu-linux/DeepLearning_Projects/DoAnNganh/data/NEU-DET
2026-08-25 10:45:41 [INFO] Device: cuda
2026-08-25 10:45:41 [INFO] GPU: NVIDIA GeForce RTX 3050 Laptop GPU
2026-08-25 10:45:41 [INFO] ============================================================
2026-08-25 10:45:45 [INFO] Epoch 000 | Train Loss: 2.8279 | Train Acc: 0.2619 | Val Loss: 1.7170 | Val Acc: 0.3111
2026-08-25 10:45:45 [INFO] ✓ Saved best model: Val Acc=0.3111 at epoch 0
2026-08-25 10:45:46 [INFO] Epoch 001 | Train Loss: 2.5130 | Train Acc: 0.4476 | Val Loss: 1.4717 | Val Acc: 0.4444
2026-08-25 10:45:46 [INFO] ✓ Saved best model: Val Acc=0.4444 at epoch 1
2026-08-25 10:45:47 [INFO] Epoch 002 | Train Loss: 2.1701 | Train Acc: 0.5246 | Val Loss: 1.0652 | Val Acc: 0.6481
2026-08-25 10:45:47 [INFO] ✓ Saved best model: Val Acc=0.6481 at epoch 2
2026-08-25 10:45:48 [INFO] Epoch 003 | Train Loss: 1.8434 | Train Acc: 0.6246 | Val Loss: 0.9523 | Val Acc: 0.6630
2026-08-25 10:45:48 [INFO] ✓ Saved best model: Val Acc=0.6630 at epoch 3
2026-08-25 10:45:49 [INFO] Epoch 004 | Train Loss: 1.6632 | Train Acc: 0.6548 | Val Loss: 0.7264 | Val Acc: 0.7074
2026-08-25 10:45:49 [INFO] ✓ Saved best model: Val Acc=0.7074 at epoch 4
2026-08-25 10:45:49 [INFO] Epoch 005 | Train Loss: 1.3544 | Train Acc: 0.7357 | Val Loss: 0.4956 | Val Acc: 0.8222
2026-08-25 10:45:49 [INFO] ✓ Saved best model: Val Acc=0.8222 at epoch 5
2026-08-25 10:45:51 [INFO] Epoch 006 | Train Loss: 1.1659 | Train Acc: 0.7532 | Val Loss: 0.4026 | Val Acc: 0.8556
2026-08-25 10:45:51 [INFO] ✓ Saved best model: Val Acc=0.8556 at epoch 6
2026-08-25 10:45:53 [INFO] Epoch 007 | Train Loss: 1.0412 | Train Acc: 0.7873 | Val Loss: 0.3354 | Val Acc: 0.8778
2026-08-25 10:45:53 [INFO] ✓ Saved best model: Val Acc=0.8778 at epoch 7
2026-08-25 10:45:55 [INFO] Epoch 008 | Train Loss: 0.9111 | Train Acc: 0.8262 | Val Loss: 0.3936 | Val Acc: 0.8407
2026-08-25 10:45:56 [INFO] Epoch 009 | Train Loss: 0.8592 | Train Acc: 0.8405 | Val Loss: 0.4063 | Val Acc: 0.8296
2026-08-25 10:45:57 [INFO] Epoch 010 | Train Loss: 0.8158 | Train Acc: 0.8365 | Val Loss: 0.3984 | Val Acc: 0.8333
2026-08-25 10:45:58 [INFO] Epoch 011 | Train Loss: 0.7790 | Train Acc: 0.8381 | Val Loss: 0.2444 | Val Acc: 0.9111
2026-08-25 10:45:58 [INFO] ✓ Saved best model: Val Acc=0.9111 at epoch 11
2026-08-25 10:45:59 [INFO] Epoch 012 | Train Loss: 0.7640 | Train Acc: 0.8349 | Val Loss: 0.3313 | Val Acc: 0.8630
2026-08-25 10:46:00 [INFO] Epoch 013 | Train Loss: 0.6787 | Train Acc: 0.8619 | Val Loss: 0.2800 | Val Acc: 0.8852
2026-08-25 10:46:00 [INFO] Epoch 014 | Train Loss: 0.6505 | Train Acc: 0.8635 | Val Loss: 0.2853 | Val Acc: 0.8926
2026-08-25 10:46:01 [INFO] Epoch 015 | Train Loss: 0.6186 | Train Acc: 0.8714 | Val Loss: 0.2443 | Val Acc: 0.8926
2026-08-25 10:46:02 [INFO] Epoch 016 | Train Loss: 0.5573 | Train Acc: 0.8778 | Val Loss: 0.2109 | Val Acc: 0.9074
2026-08-25 10:46:03 [INFO] Epoch 017 | Train Loss: 0.5856 | Train Acc: 0.8817 | Val Loss: 0.2274 | Val Acc: 0.9185
2026-08-25 10:46:03 [INFO] ✓ Saved best model: Val Acc=0.9185 at epoch 17
2026-08-25 10:46:04 [INFO] Epoch 018 | Train Loss: 0.5318 | Train Acc: 0.8952 | Val Loss: 0.2152 | Val Acc: 0.9222
2026-08-25 10:46:04 [INFO] ✓ Saved best model: Val Acc=0.9222 at epoch 18
2026-08-25 10:46:05 [INFO] Epoch 019 | Train Loss: 0.5099 | Train Acc: 0.8952 | Val Loss: 0.1507 | Val Acc: 0.9407
2026-08-25 10:46:05 [INFO] ✓ Saved best model: Val Acc=0.9407 at epoch 19
2026-08-25 10:46:07 [INFO] Epoch 020 | Train Loss: 0.4829 | Train Acc: 0.9095 | Val Loss: 0.1460 | Val Acc: 0.9333
2026-08-25 10:46:10 [INFO] Epoch 021 | Train Loss: 0.4602 | Train Acc: 0.9087 | Val Loss: 0.1677 | Val Acc: 0.9444
2026-08-25 10:46:10 [INFO] ✓ Saved best model: Val Acc=0.9444 at epoch 21
2026-08-25 10:46:11 [INFO] Epoch 022 | Train Loss: 0.4150 | Train Acc: 0.9183 | Val Loss: 0.1852 | Val Acc: 0.9333
2026-08-25 10:46:12 [INFO] Epoch 023 | Train Loss: 0.5417 | Train Acc: 0.8857 | Val Loss: 0.1760 | Val Acc: 0.9259
2026-08-25 10:46:13 [INFO] Epoch 024 | Train Loss: 0.4481 | Train Acc: 0.9190 | Val Loss: 0.1788 | Val Acc: 0.9296
2026-08-25 10:46:14 [INFO] Epoch 025 | Train Loss: 0.4225 | Train Acc: 0.9246 | Val Loss: 0.1648 | Val Acc: 0.9259
2026-08-25 10:46:14 [INFO] Epoch 026 | Train Loss: 0.4111 | Train Acc: 0.9230 | Val Loss: 0.1428 | Val Acc: 0.9407
2026-08-25 10:46:15 [INFO] Epoch 027 | Train Loss: 0.3588 | Train Acc: 0.9341 | Val Loss: 0.1240 | Val Acc: 0.9519
2026-08-25 10:46:15 [INFO] ✓ Saved best model: Val Acc=0.9519 at epoch 27
2026-08-25 10:46:16 [INFO] Epoch 028 | Train Loss: 0.3685 | Train Acc: 0.9373 | Val Loss: 0.1544 | Val Acc: 0.9481
2026-08-25 10:46:17 [INFO] Epoch 029 | Train Loss: 0.3319 | Train Acc: 0.9278 | Val Loss: 0.1335 | Val Acc: 0.9556
2026-08-25 10:46:17 [INFO] ✓ Saved best model: Val Acc=0.9556 at epoch 29
2026-08-25 10:46:18 [INFO] Epoch 030 | Train Loss: 0.3600 | Train Acc: 0.9286 | Val Loss: 0.1712 | Val Acc: 0.9259
2026-08-25 10:46:19 [INFO] Epoch 031 | Train Loss: 0.3750 | Train Acc: 0.9246 | Val Loss: 0.1529 | Val Acc: 0.9296
2026-08-25 10:46:21 [INFO] Epoch 032 | Train Loss: 0.4155 | Train Acc: 0.9143 | Val Loss: 0.1514 | Val Acc: 0.9296
2026-08-25 10:46:23 [INFO] Epoch 033 | Train Loss: 0.3446 | Train Acc: 0.9333 | Val Loss: 0.1566 | Val Acc: 0.9370
2026-08-25 10:46:25 [INFO] Epoch 034 | Train Loss: 0.3171 | Train Acc: 0.9405 | Val Loss: 0.1534 | Val Acc: 0.9370
2026-08-25 10:46:26 [INFO] Epoch 035 | Train Loss: 0.3346 | Train Acc: 0.9357 | Val Loss: 0.1275 | Val Acc: 0.9556
2026-08-25 10:46:27 [INFO] Epoch 036 | Train Loss: 0.2837 | Train Acc: 0.9492 | Val Loss: 0.1037 | Val Acc: 0.9630
2026-08-25 10:46:27 [INFO] ✓ Saved best model: Val Acc=0.9630 at epoch 36
2026-08-25 10:46:28 [INFO] Epoch 037 | Train Loss: 0.2749 | Train Acc: 0.9444 | Val Loss: 0.1034 | Val Acc: 0.9704
2026-08-25 10:46:28 [INFO] ✓ Saved best model: Val Acc=0.9704 at epoch 37
2026-08-25 10:46:29 [INFO] Epoch 038 | Train Loss: 0.2740 | Train Acc: 0.9476 | Val Loss: 0.1077 | Val Acc: 0.9593
2026-08-25 10:46:30 [INFO] Epoch 039 | Train Loss: 0.2236 | Train Acc: 0.9603 | Val Loss: 0.0969 | Val Acc: 0.9741
2026-08-25 10:46:30 [INFO] ✓ Saved best model: Val Acc=0.9741 at epoch 39
2026-08-25 10:46:31 [INFO] Epoch 040 | Train Loss: 0.2628 | Train Acc: 0.9413 | Val Loss: 0.0974 | Val Acc: 0.9704
2026-08-25 10:46:32 [INFO] Epoch 041 | Train Loss: 0.2604 | Train Acc: 0.9429 | Val Loss: 0.1068 | Val Acc: 0.9556
2026-08-25 10:46:33 [INFO] Epoch 042 | Train Loss: 0.2598 | Train Acc: 0.9548 | Val Loss: 0.0937 | Val Acc: 0.9704
2026-08-25 10:46:34 [INFO] Epoch 043 | Train Loss: 0.2739 | Train Acc: 0.9437 | Val Loss: 0.0930 | Val Acc: 0.9741
2026-08-25 10:46:35 [INFO] Epoch 044 | Train Loss: 0.2662 | Train Acc: 0.9524 | Val Loss: 0.0859 | Val Acc: 0.9741
2026-08-25 10:46:38 [INFO] Epoch 045 | Train Loss: 0.2512 | Train Acc: 0.9516 | Val Loss: 0.0921 | Val Acc: 0.9741
2026-08-25 10:46:40 [INFO] Epoch 046 | Train Loss: 0.2802 | Train Acc: 0.9413 | Val Loss: 0.0874 | Val Acc: 0.9704
2026-08-25 10:46:41 [INFO] Epoch 047 | Train Loss: 0.2715 | Train Acc: 0.9524 | Val Loss: 0.0957 | Val Acc: 0.9704
2026-08-25 10:46:41 [INFO] Epoch 048 | Train Loss: 0.2778 | Train Acc: 0.9492 | Val Loss: 0.0891 | Val Acc: 0.9704
2026-08-25 10:46:42 [INFO] Epoch 049 | Train Loss: 0.2424 | Train Acc: 0.9532 | Val Loss: 0.0880 | Val Acc: 0.9704
2026-08-25 10:46:43 [INFO] Epoch 050 | Train Loss: 0.2163 | Train Acc: 0.9627 | Val Loss: 0.0870 | Val Acc: 0.9741
2026-08-25 10:46:44 [INFO] Epoch 051 | Train Loss: 0.2434 | Train Acc: 0.9579 | Val Loss: 0.0881 | Val Acc: 0.9667
2026-08-25 10:46:45 [INFO] Epoch 052 | Train Loss: 0.2273 | Train Acc: 0.9603 | Val Loss: 0.0848 | Val Acc: 0.9778
2026-08-25 10:46:45 [INFO] ✓ Saved best model: Val Acc=0.9778 at epoch 52
2026-08-25 10:46:46 [INFO] Epoch 053 | Train Loss: 0.2357 | Train Acc: 0.9548 | Val Loss: 0.0870 | Val Acc: 0.9741
2026-08-25 10:46:47 [INFO] Epoch 054 | Train Loss: 0.2523 | Train Acc: 0.9524 | Val Loss: 0.0881 | Val Acc: 0.9704
2026-08-25 10:46:48 [INFO] Epoch 055 | Train Loss: 0.2250 | Train Acc: 0.9548 | Val Loss: 0.0825 | Val Acc: 0.9741
2026-08-25 10:46:49 [INFO] Epoch 056 | Train Loss: 0.2715 | Train Acc: 0.9413 | Val Loss: 0.0841 | Val Acc: 0.9741
2026-08-25 10:46:50 [INFO] Epoch 057 | Train Loss: 0.2141 | Train Acc: 0.9659 | Val Loss: 0.0855 | Val Acc: 0.9778
2026-08-25 10:46:52 [INFO] Epoch 058 | Train Loss: 0.2349 | Train Acc: 0.9532 | Val Loss: 0.0810 | Val Acc: 0.9778
2026-08-25 10:46:54 [INFO] Epoch 059 | Train Loss: 0.2461 | Train Acc: 0.9508 | Val Loss: 0.0853 | Val Acc: 0.9741
2026-08-25 10:46:56 [INFO] Epoch 060 | Train Loss: 0.2270 | Train Acc: 0.9563 | Val Loss: 0.0886 | Val Acc: 0.9704
2026-08-25 10:46:57 [INFO] Epoch 061 | Train Loss: 0.2319 | Train Acc: 0.9548 | Val Loss: 0.0885 | Val Acc: 0.9741
2026-08-25 10:46:58 [INFO] Epoch 062 | Train Loss: 0.2390 | Train Acc: 0.9563 | Val Loss: 0.0831 | Val Acc: 0.9778
2026-08-25 10:46:58 [INFO] Epoch 063 | Train Loss: 0.2522 | Train Acc: 0.9492 | Val Loss: 0.0883 | Val Acc: 0.9778
2026-08-25 10:46:59 [INFO] Epoch 064 | Train Loss: 0.2051 | Train Acc: 0.9651 | Val Loss: 0.0821 | Val Acc: 0.9778
2026-08-25 10:47:00 [INFO] Epoch 065 | Train Loss: 0.2148 | Train Acc: 0.9587 | Val Loss: 0.0810 | Val Acc: 0.9778
2026-08-25 10:47:01 [INFO] Epoch 066 | Train Loss: 0.2508 | Train Acc: 0.9524 | Val Loss: 0.0810 | Val Acc: 0.9778
2026-08-25 10:47:02 [INFO] Epoch 067 | Train Loss: 0.2108 | Train Acc: 0.9635 | Val Loss: 0.0813 | Val Acc: 0.9815
2026-08-25 10:47:02 [INFO] ✓ Saved best model: Val Acc=0.9815 at epoch 67
2026-08-25 10:47:03 [INFO] Epoch 068 | Train Loss: 0.2086 | Train Acc: 0.9675 | Val Loss: 0.0811 | Val Acc: 0.9778
2026-08-25 10:47:04 [INFO] Epoch 069 | Train Loss: 0.2094 | Train Acc: 0.9619 | Val Loss: 0.0849 | Val Acc: 0.9815
2026-08-25 10:47:05 [INFO] Epoch 070 | Train Loss: 0.1979 | Train Acc: 0.9643 | Val Loss: 0.0841 | Val Acc: 0.9741
2026-08-25 10:47:08 [INFO] Epoch 071 | Train Loss: 0.1982 | Train Acc: 0.9635 | Val Loss: 0.0842 | Val Acc: 0.9778
2026-08-25 10:47:10 [INFO] Epoch 072 | Train Loss: 0.2463 | Train Acc: 0.9492 | Val Loss: 0.0795 | Val Acc: 0.9778
2026-08-25 10:47:11 [INFO] Epoch 073 | Train Loss: 0.2123 | Train Acc: 0.9611 | Val Loss: 0.0833 | Val Acc: 0.9778
2026-08-25 10:47:12 [INFO] Epoch 074 | Train Loss: 0.2067 | Train Acc: 0.9611 | Val Loss: 0.0823 | Val Acc: 0.9778
2026-08-25 10:47:13 [INFO] Epoch 075 | Train Loss: 0.2256 | Train Acc: 0.9611 | Val Loss: 0.0783 | Val Acc: 0.9778
2026-08-25 10:47:14 [INFO] Epoch 076 | Train Loss: 0.2560 | Train Acc: 0.9508 | Val Loss: 0.0841 | Val Acc: 0.9741
2026-08-25 10:47:15 [INFO] Epoch 077 | Train Loss: 0.2253 | Train Acc: 0.9627 | Val Loss: 0.0821 | Val Acc: 0.9778
2026-08-25 10:47:16 [INFO] Epoch 078 | Train Loss: 0.2107 | Train Acc: 0.9635 | Val Loss: 0.0832 | Val Acc: 0.9741
2026-08-25 10:47:16 [INFO] Epoch 079 | Train Loss: 0.2021 | Train Acc: 0.9635 | Val Loss: 0.0806 | Val Acc: 0.9778
2026-08-25 10:47:17 [INFO] Epoch 080 | Train Loss: 0.2220 | Train Acc: 0.9571 | Val Loss: 0.0781 | Val Acc: 0.9778
2026-08-25 10:47:18 [INFO] Epoch 081 | Train Loss: 0.2044 | Train Acc: 0.9611 | Val Loss: 0.0797 | Val Acc: 0.9778
2026-08-25 10:47:19 [INFO] Epoch 082 | Train Loss: 0.2473 | Train Acc: 0.9516 | Val Loss: 0.0837 | Val Acc: 0.9778
2026-08-25 10:47:20 [INFO] Epoch 083 | Train Loss: 0.2056 | Train Acc: 0.9659 | Val Loss: 0.0830 | Val Acc: 0.9778
2026-08-25 10:47:23 [INFO] Epoch 084 | Train Loss: 0.2324 | Train Acc: 0.9587 | Val Loss: 0.0830 | Val Acc: 0.9778
2026-08-25 10:47:25 [INFO] Epoch 085 | Train Loss: 0.2417 | Train Acc: 0.9524 | Val Loss: 0.0810 | Val Acc: 0.9778
2026-08-25 10:47:26 [INFO] Epoch 086 | Train Loss: 0.2232 | Train Acc: 0.9643 | Val Loss: 0.0821 | Val Acc: 0.9778
2026-08-25 10:47:27 [INFO] Epoch 087 | Train Loss: 0.2469 | Train Acc: 0.9556 | Val Loss: 0.0813 | Val Acc: 0.9778
2026-08-25 10:47:28 [INFO] Epoch 088 | Train Loss: 0.2360 | Train Acc: 0.9603 | Val Loss: 0.0792 | Val Acc: 0.9778
2026-08-25 10:47:29 [INFO] Epoch 089 | Train Loss: 0.2201 | Train Acc: 0.9571 | Val Loss: 0.0791 | Val Acc: 0.9778
2026-08-25 10:47:29 [INFO] Epoch 090 | Train Loss: 0.2333 | Train Acc: 0.9579 | Val Loss: 0.0835 | Val Acc: 0.9778
2026-08-25 10:47:30 [INFO] Epoch 091 | Train Loss: 0.2176 | Train Acc: 0.9627 | Val Loss: 0.0843 | Val Acc: 0.9778
2026-08-25 10:47:31 [INFO] Epoch 092 | Train Loss: 0.2156 | Train Acc: 0.9635 | Val Loss: 0.0787 | Val Acc: 0.9815
2026-08-25 10:47:31 [INFO] ⏹ Early stopping tại epoch 92 (không cải thiện sau 25 epoch, best=0.9815)
2026-08-25 10:47:31 [INFO] Evaluating Best Model on TEST Set...
2026-08-25 10:47:31 [INFO] 
[RESUME] Đang nạp checkpoint từ: /home/biu-linux/DeepLearning_Projects/DoAnNganh/HybricMamba/Ressult/TFJ/MEDIUM_HYBRIC_MAMBA/NEU-DET_surface-dec/MEDIUM_HYBRIC_MAMBA_best.pth
2026-08-25 10:47:31 [INFO] 🎯 [TEST RESULT] Test Acc: 0.9630 | F1-Macro: 0.9629 | F1-Weighted: 0.9629
2026-08-25 10:51:47 [INFO] Dataset: NEU-DET_surface-dec | Số nhãn (classes): 6 | Tổng số ảnh: 1800
2026-08-25 10:51:47 [INFO] Dữ liệu đã chia -> Train (70%): 1260 | Val (15%): 270 | Test (15%): 270
2026-08-25 10:51:47 [INFO] 
🔍 Kiểm tra phân bố class trong batch:
2026-08-25 10:51:47 [INFO]   Batch 0: 6 classes (first 5: [0, 1, 2, 3, 4])
2026-08-25 10:51:47 [INFO]   Batch 1: 6 classes (first 5: [0, 1, 2, 3, 4])
2026-08-25 10:51:47 [INFO]   Batch 2: 6 classes (first 5: [0, 1, 2, 3, 4])
2026-08-25 10:51:47 [INFO]   Batch 3: 6 classes (first 5: [0, 1, 2, 3, 4])
2026-08-25 10:51:47 [INFO]   Batch 4: 6 classes (first 5: [0, 1, 2, 3, 4])
2026-08-25 10:51:47 [WARNING] ⚠️ WARNING: Trung bình 6.0 classes/batch - Dữ liệu chưa được trộn đều!
2026-08-25 10:51:47 [INFO] ============================================================
2026-08-25 10:51:47 [INFO] Starting training: MEDIUM_HYBRIC_MAMBA
2026-08-25 10:51:47 [INFO] Dataset: NEU-DET_surface-dec | Path: /home/biu-linux/DeepLearning_Projects/DoAnNganh/data/NEU-DET
2026-08-25 10:51:47 [INFO] Device: cuda
2026-08-25 10:51:47 [INFO] GPU: NVIDIA GeForce RTX 3050 Laptop GPU
2026-08-25 10:51:47 [INFO] ============================================================
2026-08-25 10:51:51 [INFO] Epoch 000 | Train Loss: 2.8075 | Train Acc: 0.2484 | Val Loss: 1.7781 | Val Acc: 0.1667
2026-08-25 10:51:51 [INFO] ✓ Saved best model: Val Acc=0.1667 at epoch 0
2026-08-25 10:51:52 [INFO] Epoch 001 | Train Loss: 2.4887 | Train Acc: 0.4460 | Val Loss: 1.4979 | Val Acc: 0.4000
2026-08-25 10:51:52 [INFO] ✓ Saved best model: Val Acc=0.4000 at epoch 1
2026-08-25 10:51:53 [INFO] Epoch 002 | Train Loss: 2.1556 | Train Acc: 0.5254 | Val Loss: 1.1029 | Val Acc: 0.6074
2026-08-25 10:51:53 [INFO] ✓ Saved best model: Val Acc=0.6074 at epoch 2
2026-08-25 10:51:54 [INFO] Epoch 003 | Train Loss: 1.8093 | Train Acc: 0.6103 | Val Loss: 0.9019 | Val Acc: 0.6593
2026-08-25 10:51:54 [INFO] ✓ Saved best model: Val Acc=0.6593 at epoch 3
2026-08-25 10:51:55 [INFO] Epoch 004 | Train Loss: 1.6243 | Train Acc: 0.6508 | Val Loss: 0.7496 | Val Acc: 0.6556
2026-08-25 10:51:55 [INFO] Epoch 005 | Train Loss: 1.4640 | Train Acc: 0.6778 | Val Loss: 0.6267 | Val Acc: 0.7556
2026-08-25 10:51:56 [INFO] ✓ Saved best model: Val Acc=0.7556 at epoch 5
2026-08-25 10:51:57 [INFO] Epoch 006 | Train Loss: 1.2940 | Train Acc: 0.7278 | Val Loss: 0.6420 | Val Acc: 0.7556
2026-08-25 10:51:59 [INFO] Epoch 007 | Train Loss: 1.2415 | Train Acc: 0.7397 | Val Loss: 0.5571 | Val Acc: 0.7852
2026-08-25 10:51:59 [INFO] ✓ Saved best model: Val Acc=0.7852 at epoch 7
2026-08-25 10:52:01 [INFO] Epoch 008 | Train Loss: 1.1134 | Train Acc: 0.7675 | Val Loss: 0.5520 | Val Acc: 0.7778
2026-08-25 10:52:02 [INFO] Epoch 009 | Train Loss: 1.0613 | Train Acc: 0.7667 | Val Loss: 0.4666 | Val Acc: 0.7889
2026-08-25 10:52:02 [INFO] ✓ Saved best model: Val Acc=0.7889 at epoch 9
2026-08-25 10:52:03 [INFO] Epoch 010 | Train Loss: 1.0145 | Train Acc: 0.7722 | Val Loss: 0.5170 | Val Acc: 0.7926
2026-08-25 10:52:03 [INFO] ✓ Saved best model: Val Acc=0.7926 at epoch 10
2026-08-25 10:52:04 [INFO] Epoch 011 | Train Loss: 0.9486 | Train Acc: 0.7944 | Val Loss: 0.3901 | Val Acc: 0.8593
2026-08-25 10:52:04 [INFO] ✓ Saved best model: Val Acc=0.8593 at epoch 11
2026-08-25 10:52:04 [INFO] Epoch 012 | Train Loss: 0.9179 | Train Acc: 0.7960 | Val Loss: 0.5322 | Val Acc: 0.7667
2026-08-25 10:52:05 [INFO] Epoch 013 | Train Loss: 0.8879 | Train Acc: 0.8048 | Val Loss: 0.3529 | Val Acc: 0.8704
2026-08-25 10:52:05 [INFO] ✓ Saved best model: Val Acc=0.8704 at epoch 13
2026-08-25 10:52:06 [INFO] Epoch 014 | Train Loss: 0.8060 | Train Acc: 0.8262 | Val Loss: 0.3514 | Val Acc: 0.8889
2026-08-25 10:52:06 [INFO] ✓ Saved best model: Val Acc=0.8889 at epoch 14
2026-08-25 10:52:07 [INFO] Epoch 015 | Train Loss: 0.7865 | Train Acc: 0.8262 | Val Loss: 0.3846 | Val Acc: 0.8667
2026-08-25 10:52:08 [INFO] Epoch 016 | Train Loss: 0.7267 | Train Acc: 0.8516 | Val Loss: 0.3737 | Val Acc: 0.8667
2026-08-25 10:52:09 [INFO] Epoch 017 | Train Loss: 0.7194 | Train Acc: 0.8571 | Val Loss: 0.3347 | Val Acc: 0.8593
2026-08-25 10:52:10 [INFO] Epoch 018 | Train Loss: 0.7106 | Train Acc: 0.8460 | Val Loss: 0.2952 | Val Acc: 0.8926
2026-08-25 10:52:10 [INFO] ✓ Saved best model: Val Acc=0.8926 at epoch 18
2026-08-25 10:52:11 [INFO] Epoch 019 | Train Loss: 0.6670 | Train Acc: 0.8603 | Val Loss: 0.2738 | Val Acc: 0.9037
2026-08-25 10:52:11 [INFO] ✓ Saved best model: Val Acc=0.9037 at epoch 19
2026-08-25 10:52:13 [INFO] Epoch 020 | Train Loss: 0.6548 | Train Acc: 0.8659 | Val Loss: 0.3108 | Val Acc: 0.8704
2026-08-25 10:52:15 [INFO] Epoch 021 | Train Loss: 0.5987 | Train Acc: 0.8802 | Val Loss: 0.2461 | Val Acc: 0.9000
2026-08-25 10:52:17 [INFO] Epoch 022 | Train Loss: 0.5485 | Train Acc: 0.8889 | Val Loss: 0.2807 | Val Acc: 0.8815
2026-08-25 10:52:19 [INFO] Epoch 023 | Train Loss: 0.6234 | Train Acc: 0.8675 | Val Loss: 0.2913 | Val Acc: 0.8889
2026-08-25 10:52:21 [INFO] Epoch 024 | Train Loss: 0.6298 | Train Acc: 0.8706 | Val Loss: 0.2459 | Val Acc: 0.9037
2026-08-25 10:52:23 [INFO] Epoch 025 | Train Loss: 0.5752 | Train Acc: 0.8754 | Val Loss: 0.2413 | Val Acc: 0.9074
2026-08-25 10:52:23 [INFO] ✓ Saved best model: Val Acc=0.9074 at epoch 25
2026-08-25 10:52:24 [INFO] Epoch 026 | Train Loss: 0.5878 | Train Acc: 0.8865 | Val Loss: 0.2599 | Val Acc: 0.8815
2026-08-25 10:52:26 [INFO] Epoch 027 | Train Loss: 0.5899 | Train Acc: 0.8698 | Val Loss: 0.3858 | Val Acc: 0.8370
2026-08-25 10:52:28 [INFO] Epoch 028 | Train Loss: 0.5539 | Train Acc: 0.8786 | Val Loss: 0.1985 | Val Acc: 0.9222
2026-08-25 10:52:28 [INFO] ✓ Saved best model: Val Acc=0.9222 at epoch 28
2026-08-25 10:52:29 [INFO] Epoch 029 | Train Loss: 0.5166 | Train Acc: 0.8929 | Val Loss: 0.2115 | Val Acc: 0.9222
2026-08-25 10:52:31 [INFO] Epoch 030 | Train Loss: 0.4686 | Train Acc: 0.9087 | Val Loss: 0.1788 | Val Acc: 0.9296
2026-08-25 10:52:31 [INFO] ✓ Saved best model: Val Acc=0.9296 at epoch 30
2026-08-25 10:52:32 [INFO] Epoch 031 | Train Loss: 0.4539 | Train Acc: 0.9135 | Val Loss: 0.1724 | Val Acc: 0.9222
2026-08-25 10:52:33 [INFO] Epoch 032 | Train Loss: 0.4638 | Train Acc: 0.9071 | Val Loss: 0.1658 | Val Acc: 0.9259
2026-08-25 10:52:34 [INFO] Epoch 033 | Train Loss: 0.4454 | Train Acc: 0.9119 | Val Loss: 0.1675 | Val Acc: 0.9259
2026-08-25 10:52:35 [INFO] Epoch 034 | Train Loss: 0.4307 | Train Acc: 0.9143 | Val Loss: 0.1686 | Val Acc: 0.9259
2026-08-25 10:52:36 [INFO] Epoch 035 | Train Loss: 0.4306 | Train Acc: 0.9103 | Val Loss: 0.1674 | Val Acc: 0.9296
2026-08-25 10:52:38 [INFO] Epoch 036 | Train Loss: 0.4407 | Train Acc: 0.9111 | Val Loss: 0.1568 | Val Acc: 0.9259
2026-08-25 10:55:07 [INFO] Dataset: NEU-DET_surface-dec | Số nhãn (classes): 6 | Tổng số ảnh: 1800
2026-08-25 10:55:07 [INFO] Dữ liệu đã chia -> Train (70%): 1260 | Val (15%): 270 | Test (15%): 270
2026-08-25 10:55:07 [INFO] 
🔍 Kiểm tra phân bố class trong batch:
2026-08-25 10:55:07 [INFO]   Batch 0: 5 classes (first 5: [0, 1, 2, 3, 4])
2026-08-25 10:55:07 [INFO]   Batch 1: 5 classes (first 5: [0, 1, 2, 4, 5])
2026-08-25 10:55:07 [INFO]   Batch 2: 6 classes (first 5: [0, 1, 2, 3, 4])
2026-08-25 10:55:07 [INFO]   Batch 3: 6 classes (first 5: [0, 1, 2, 3, 4])
2026-08-25 10:55:07 [INFO]   Batch 4: 4 classes (first 5: [0, 3, 4, 5])
2026-08-25 10:55:07 [WARNING] ⚠️ WARNING: Trung bình 5.2 classes/batch - Dữ liệu chưa được trộn đều!
2026-08-25 10:55:07 [INFO] ============================================================
2026-08-25 10:55:07 [INFO] Starting training: MEDIUM_HYBRIC_MAMBA
2026-08-25 10:55:07 [INFO] Dataset: NEU-DET_surface-dec | Path: /home/biu-linux/DeepLearning_Projects/DoAnNganh/data/NEU-DET
2026-08-25 10:55:07 [INFO] Device: cuda
2026-08-25 10:55:07 [INFO] GPU: NVIDIA GeForce RTX 3050 Laptop GPU
2026-08-25 10:55:07 [INFO] ============================================================
2026-08-25 10:55:14 [INFO] Epoch 000 | Train Loss: 2.6689 | Train Acc: 0.3333 | Val Loss: 1.3897 | Val Acc: 0.5963
2026-08-25 10:55:14 [INFO] ✓ Saved best model: Val Acc=0.5963 at epoch 0
2026-08-25 10:55:16 [INFO] Epoch 001 | Train Loss: 2.2562 | Train Acc: 0.4841 | Val Loss: 1.0682 | Val Acc: 0.6444
2026-08-25 10:55:16 [INFO] ✓ Saved best model: Val Acc=0.6444 at epoch 1
2026-08-25 10:55:18 [INFO] Epoch 002 | Train Loss: 1.9705 | Train Acc: 0.5563 | Val Loss: 0.8782 | Val Acc: 0.6926
2026-08-25 10:55:18 [INFO] ✓ Saved best model: Val Acc=0.6926 at epoch 2
2026-08-25 10:55:20 [INFO] Epoch 003 | Train Loss: 1.7172 | Train Acc: 0.6333 | Val Loss: 0.8407 | Val Acc: 0.7148
2026-08-25 10:55:20 [INFO] ✓ Saved best model: Val Acc=0.7148 at epoch 3
2026-08-25 10:55:22 [INFO] Epoch 004 | Train Loss: 1.5801 | Train Acc: 0.6429 | Val Loss: 0.6312 | Val Acc: 0.7333
2026-08-25 10:55:22 [INFO] ✓ Saved best model: Val Acc=0.7333 at epoch 4
2026-08-25 10:55:27 [INFO] Epoch 005 | Train Loss: 1.3301 | Train Acc: 0.7024 | Val Loss: 0.4949 | Val Acc: 0.8444
2026-08-25 10:55:27 [INFO] ✓ Saved best model: Val Acc=0.8444 at epoch 5
2026-08-25 10:55:29 [INFO] Epoch 006 | Train Loss: 1.2271 | Train Acc: 0.7389 | Val Loss: 0.4706 | Val Acc: 0.8519
2026-08-25 10:55:29 [INFO] ✓ Saved best model: Val Acc=0.8519 at epoch 6
2026-08-25 10:55:31 [INFO] Epoch 007 | Train Loss: 1.1624 | Train Acc: 0.7500 | Val Loss: 0.4299 | Val Acc: 0.8741
2026-08-25 10:55:31 [INFO] ✓ Saved best model: Val Acc=0.8741 at epoch 7
2026-08-25 10:55:33 [INFO] Epoch 008 | Train Loss: 1.1111 | Train Acc: 0.7460 | Val Loss: 0.4637 | Val Acc: 0.8259
2026-08-25 10:55:35 [INFO] Epoch 009 | Train Loss: 0.9773 | Train Acc: 0.7865 | Val Loss: 0.4013 | Val Acc: 0.8630
2026-08-25 10:55:37 [INFO] Epoch 010 | Train Loss: 0.9257 | Train Acc: 0.7802 | Val Loss: 0.3863 | Val Acc: 0.8333
2026-08-25 10:55:41 [INFO] Epoch 011 | Train Loss: 0.8794 | Train Acc: 0.8079 | Val Loss: 0.3284 | Val Acc: 0.8815
2026-08-25 10:55:41 [INFO] ✓ Saved best model: Val Acc=0.8815 at epoch 11
2026-08-25 10:55:43 [INFO] Epoch 012 | Train Loss: 0.7916 | Train Acc: 0.8278 | Val Loss: 0.3686 | Val Acc: 0.8630
2026-08-25 10:55:45 [INFO] Epoch 013 | Train Loss: 0.7765 | Train Acc: 0.8270 | Val Loss: 0.3110 | Val Acc: 0.8778
2026-08-25 10:55:47 [INFO] Epoch 014 | Train Loss: 0.6863 | Train Acc: 0.8635 | Val Loss: 0.2618 | Val Acc: 0.9148
2026-08-25 10:55:47 [INFO] ✓ Saved best model: Val Acc=0.9148 at epoch 14
2026-08-25 10:55:49 [INFO] Epoch 015 | Train Loss: 0.6389 | Train Acc: 0.8754 | Val Loss: 0.4234 | Val Acc: 0.8593
2026-08-25 10:55:51 [INFO] Epoch 016 | Train Loss: 0.6434 | Train Acc: 0.8595 | Val Loss: 0.2525 | Val Acc: 0.9074
2026-08-25 10:55:53 [INFO] Epoch 017 | Train Loss: 0.6022 | Train Acc: 0.8714 | Val Loss: 0.2921 | Val Acc: 0.8852
2026-08-25 10:55:57 [INFO] Epoch 018 | Train Loss: 0.6252 | Train Acc: 0.8659 | Val Loss: 0.2749 | Val Acc: 0.9000
2026-08-25 10:55:59 [INFO] Epoch 019 | Train Loss: 0.5915 | Train Acc: 0.8651 | Val Loss: 0.3375 | Val Acc: 0.9037
2026-08-25 10:56:01 [INFO] Epoch 020 | Train Loss: 0.6000 | Train Acc: 0.8762 | Val Loss: 0.2608 | Val Acc: 0.9000
2026-08-25 10:56:03 [INFO] Epoch 021 | Train Loss: 0.4848 | Train Acc: 0.9087 | Val Loss: 0.2599 | Val Acc: 0.9222
2026-08-25 10:56:03 [INFO] ✓ Saved best model: Val Acc=0.9222 at epoch 21
2026-08-25 10:56:05 [INFO] Epoch 022 | Train Loss: 0.5555 | Train Acc: 0.8825 | Val Loss: 0.2391 | Val Acc: 0.9148
2026-08-25 10:56:07 [INFO] Epoch 023 | Train Loss: 0.5353 | Train Acc: 0.8889 | Val Loss: 0.3176 | Val Acc: 0.8815
2026-08-25 10:56:11 [INFO] Epoch 024 | Train Loss: 0.5347 | Train Acc: 0.8881 | Val Loss: 0.2842 | Val Acc: 0.8963
2026-08-25 10:56:13 [INFO] Epoch 025 | Train Loss: 0.4825 | Train Acc: 0.8952 | Val Loss: 0.2136 | Val Acc: 0.9111
2026-08-25 10:56:15 [INFO] Epoch 026 | Train Loss: 0.4408 | Train Acc: 0.9103 | Val Loss: 0.2622 | Val Acc: 0.9148
2026-08-25 10:56:17 [INFO] Epoch 027 | Train Loss: 0.4496 | Train Acc: 0.8952 | Val Loss: 0.2575 | Val Acc: 0.9111
2026-08-25 10:56:19 [INFO] Epoch 028 | Train Loss: 0.4393 | Train Acc: 0.9143 | Val Loss: 0.2663 | Val Acc: 0.9000
2026-08-25 10:56:21 [INFO] Epoch 029 | Train Loss: 0.4350 | Train Acc: 0.9032 | Val Loss: 0.3744 | Val Acc: 0.8556
2026-08-25 10:56:24 [INFO] Epoch 030 | Train Loss: 0.4830 | Train Acc: 0.8960 | Val Loss: 0.2560 | Val Acc: 0.9074
2026-08-25 10:56:28 [INFO] Epoch 031 | Train Loss: 0.4586 | Train Acc: 0.9103 | Val Loss: 0.2961 | Val Acc: 0.8963
2026-08-25 10:56:30 [INFO] Epoch 032 | Train Loss: 0.3653 | Train Acc: 0.9175 | Val Loss: 0.3820 | Val Acc: 0.8778
2026-08-25 10:56:32 [INFO] Epoch 033 | Train Loss: 0.3885 | Train Acc: 0.9270 | Val Loss: 0.2096 | Val Acc: 0.9222
2026-08-25 10:56:34 [INFO] Epoch 034 | Train Loss: 0.3609 | Train Acc: 0.9254 | Val Loss: 0.4131 | Val Acc: 0.8556
2026-08-25 10:56:36 [INFO] Epoch 035 | Train Loss: 0.3483 | Train Acc: 0.9278 | Val Loss: 0.3001 | Val Acc: 0.8926
2026-08-25 10:56:38 [INFO] Epoch 036 | Train Loss: 0.3859 | Train Acc: 0.9183 | Val Loss: 0.2436 | Val Acc: 0.9148
2026-08-25 10:56:42 [INFO] Epoch 037 | Train Loss: 0.3976 | Train Acc: 0.9167 | Val Loss: 0.3214 | Val Acc: 0.8926
2026-08-25 10:56:44 [INFO] Epoch 038 | Train Loss: 0.3600 | Train Acc: 0.9246 | Val Loss: 0.3117 | Val Acc: 0.8741
2026-08-25 10:56:46 [INFO] Epoch 039 | Train Loss: 0.3585 | Train Acc: 0.9190 | Val Loss: 0.2538 | Val Acc: 0.8852
2026-08-25 10:56:48 [INFO] Epoch 040 | Train Loss: 0.3069 | Train Acc: 0.9365 | Val Loss: 0.2184 | Val Acc: 0.9037
2026-08-25 10:56:50 [INFO] Epoch 041 | Train Loss: 0.3084 | Train Acc: 0.9365 | Val Loss: 0.2142 | Val Acc: 0.9259
2026-08-25 10:56:50 [INFO] ✓ Saved best model: Val Acc=0.9259 at epoch 41
2026-08-25 10:56:52 [INFO] Epoch 042 | Train Loss: 0.3099 | Train Acc: 0.9365 | Val Loss: 0.2288 | Val Acc: 0.9000
2026-08-25 10:56:56 [INFO] Epoch 043 | Train Loss: 0.2612 | Train Acc: 0.9429 | Val Loss: 0.2234 | Val Acc: 0.9111
2026-08-25 10:56:58 [INFO] Epoch 044 | Train Loss: 0.2337 | Train Acc: 0.9540 | Val Loss: 0.1957 | Val Acc: 0.9259
2026-08-25 10:57:00 [INFO] Epoch 045 | Train Loss: 0.2497 | Train Acc: 0.9492 | Val Loss: 0.2725 | Val Acc: 0.8778
2026-08-25 10:57:02 [INFO] Epoch 046 | Train Loss: 0.2947 | Train Acc: 0.9397 | Val Loss: 0.2226 | Val Acc: 0.8963
2026-08-25 10:57:04 [INFO] Epoch 047 | Train Loss: 0.2730 | Train Acc: 0.9460 | Val Loss: 0.2663 | Val Acc: 0.9111
2026-08-25 10:57:06 [INFO] Epoch 048 | Train Loss: 0.2510 | Train Acc: 0.9516 | Val Loss: 0.2393 | Val Acc: 0.8963
2026-08-25 10:57:09 [INFO] Epoch 049 | Train Loss: 0.2544 | Train Acc: 0.9437 | Val Loss: 0.2489 | Val Acc: 0.8963
2026-08-25 10:57:12 [INFO] Epoch 050 | Train Loss: 0.2251 | Train Acc: 0.9619 | Val Loss: 0.2365 | Val Acc: 0.9000
2026-08-25 10:57:14 [INFO] Epoch 051 | Train Loss: 0.2505 | Train Acc: 0.9532 | Val Loss: 0.2021 | Val Acc: 0.9148
2026-08-25 10:57:16 [INFO] Epoch 052 | Train Loss: 0.2773 | Train Acc: 0.9484 | Val Loss: 0.1930 | Val Acc: 0.9222
2026-08-25 10:57:18 [INFO] Epoch 053 | Train Loss: 0.2107 | Train Acc: 0.9587 | Val Loss: 0.1929 | Val Acc: 0.9222
2026-08-25 10:57:20 [INFO] Epoch 054 | Train Loss: 0.2706 | Train Acc: 0.9476 | Val Loss: 0.2534 | Val Acc: 0.9000
2026-08-25 10:57:22 [INFO] Epoch 055 | Train Loss: 0.2099 | Train Acc: 0.9563 | Val Loss: 0.1854 | Val Acc: 0.9148
2026-08-25 10:57:27 [INFO] Epoch 056 | Train Loss: 0.2129 | Train Acc: 0.9579 | Val Loss: 0.2144 | Val Acc: 0.9074
2026-08-25 10:57:29 [INFO] Epoch 057 | Train Loss: 0.2435 | Train Acc: 0.9524 | Val Loss: 0.1996 | Val Acc: 0.9148
2026-08-25 10:57:31 [INFO] Epoch 058 | Train Loss: 0.2311 | Train Acc: 0.9508 | Val Loss: 0.1947 | Val Acc: 0.9185
2026-08-25 10:57:33 [INFO] Epoch 059 | Train Loss: 0.2283 | Train Acc: 0.9571 | Val Loss: 0.1772 | Val Acc: 0.9333
2026-08-25 10:57:33 [INFO] ✓ Saved best model: Val Acc=0.9333 at epoch 59
2026-08-25 10:57:35 [INFO] Epoch 060 | Train Loss: 0.2360 | Train Acc: 0.9548 | Val Loss: 0.1902 | Val Acc: 0.9222
2026-08-25 10:57:37 [INFO] Epoch 061 | Train Loss: 0.2317 | Train Acc: 0.9524 | Val Loss: 0.2002 | Val Acc: 0.9222
2026-08-25 10:57:40 [INFO] Epoch 062 | Train Loss: 0.2467 | Train Acc: 0.9524 | Val Loss: 0.2264 | Val Acc: 0.9148
2026-08-25 10:57:43 [INFO] Epoch 063 | Train Loss: 0.2189 | Train Acc: 0.9524 | Val Loss: 0.2070 | Val Acc: 0.9111
2026-08-25 10:57:44 [INFO] Epoch 064 | Train Loss: 0.2547 | Train Acc: 0.9484 | Val Loss: 0.1934 | Val Acc: 0.9185
2026-08-25 10:57:46 [INFO] Epoch 065 | Train Loss: 0.2794 | Train Acc: 0.9381 | Val Loss: 0.1684 | Val Acc: 0.9296
2026-08-25 10:57:48 [INFO] Epoch 066 | Train Loss: 0.2453 | Train Acc: 0.9484 | Val Loss: 0.1662 | Val Acc: 0.9370
2026-08-25 10:57:48 [INFO] ✓ Saved best model: Val Acc=0.9370 at epoch 66
2026-08-25 10:57:50 [INFO] Epoch 067 | Train Loss: 0.2044 | Train Acc: 0.9563 | Val Loss: 0.1819 | Val Acc: 0.9148
2026-08-25 10:57:53 [INFO] Epoch 068 | Train Loss: 0.2120 | Train Acc: 0.9603 | Val Loss: 0.1736 | Val Acc: 0.9333
2026-08-25 10:57:57 [INFO] Epoch 069 | Train Loss: 0.2064 | Train Acc: 0.9603 | Val Loss: 0.1762 | Val Acc: 0.9222
2026-08-25 10:57:59 [INFO] Epoch 070 | Train Loss: 0.2032 | Train Acc: 0.9595 | Val Loss: 0.1871 | Val Acc: 0.9370
2026-08-25 10:58:01 [INFO] Epoch 071 | Train Loss: 0.2087 | Train Acc: 0.9579 | Val Loss: 0.2012 | Val Acc: 0.9074
2026-08-25 10:58:03 [INFO] Epoch 072 | Train Loss: 0.2252 | Train Acc: 0.9556 | Val Loss: 0.1851 | Val Acc: 0.9259
2026-08-25 10:58:05 [INFO] Epoch 073 | Train Loss: 0.2158 | Train Acc: 0.9532 | Val Loss: 0.2093 | Val Acc: 0.9296
2026-08-25 10:58:07 [INFO] Epoch 074 | Train Loss: 0.2131 | Train Acc: 0.9516 | Val Loss: 0.1839 | Val Acc: 0.9185
2026-08-25 10:58:10 [INFO] Epoch 075 | Train Loss: 0.2112 | Train Acc: 0.9579 | Val Loss: 0.1536 | Val Acc: 0.9333
2026-08-25 10:58:13 [INFO] Epoch 076 | Train Loss: 0.2163 | Train Acc: 0.9548 | Val Loss: 0.1890 | Val Acc: 0.9185
2026-08-25 10:58:15 [INFO] Epoch 077 | Train Loss: 0.1823 | Train Acc: 0.9659 | Val Loss: 0.1860 | Val Acc: 0.9185
2026-08-25 10:58:17 [INFO] Epoch 078 | Train Loss: 0.2406 | Train Acc: 0.9524 | Val Loss: 0.1648 | Val Acc: 0.9259
2026-08-25 10:58:19 [INFO] Epoch 079 | Train Loss: 0.2342 | Train Acc: 0.9484 | Val Loss: 0.1635 | Val Acc: 0.9296
2026-08-25 10:58:21 [INFO] Epoch 080 | Train Loss: 0.1845 | Train Acc: 0.9651 | Val Loss: 0.1691 | Val Acc: 0.9296
2026-08-25 10:58:23 [INFO] Epoch 081 | Train Loss: 0.2289 | Train Acc: 0.9532 | Val Loss: 0.1629 | Val Acc: 0.9333
2026-08-25 10:58:27 [INFO] Epoch 082 | Train Loss: 0.2225 | Train Acc: 0.9524 | Val Loss: 0.1870 | Val Acc: 0.9222
2026-08-25 10:58:29 [INFO] Epoch 083 | Train Loss: 0.2054 | Train Acc: 0.9643 | Val Loss: 0.1797 | Val Acc: 0.9259
2026-08-25 10:58:31 [INFO] Epoch 084 | Train Loss: 0.1975 | Train Acc: 0.9619 | Val Loss: 0.1875 | Val Acc: 0.9148
2026-08-25 10:58:33 [INFO] Epoch 085 | Train Loss: 0.2005 | Train Acc: 0.9619 | Val Loss: 0.1573 | Val Acc: 0.9407
2026-08-25 10:58:33 [INFO] ✓ Saved best model: Val Acc=0.9407 at epoch 85
2026-08-25 10:58:35 [INFO] Epoch 086 | Train Loss: 0.2060 | Train Acc: 0.9587 | Val Loss: 0.1711 | Val Acc: 0.9259
2026-08-25 10:58:37 [INFO] Epoch 087 | Train Loss: 0.2094 | Train Acc: 0.9516 | Val Loss: 0.1866 | Val Acc: 0.9222
2026-08-25 10:58:42 [INFO] Epoch 088 | Train Loss: 0.2084 | Train Acc: 0.9587 | Val Loss: 0.1497 | Val Acc: 0.9519
2026-08-25 10:58:42 [INFO] ✓ Saved best model: Val Acc=0.9519 at epoch 88
2026-08-25 10:58:44 [INFO] Epoch 089 | Train Loss: 0.2173 | Train Acc: 0.9508 | Val Loss: 0.1769 | Val Acc: 0.9222
2026-08-25 10:58:46 [INFO] Epoch 090 | Train Loss: 0.2131 | Train Acc: 0.9548 | Val Loss: 0.1767 | Val Acc: 0.9222
2026-08-25 10:58:48 [INFO] Epoch 091 | Train Loss: 0.2059 | Train Acc: 0.9619 | Val Loss: 0.1920 | Val Acc: 0.9185
2026-08-25 10:58:50 [INFO] Epoch 092 | Train Loss: 0.2124 | Train Acc: 0.9579 | Val Loss: 0.1677 | Val Acc: 0.9333
2026-08-25 10:58:52 [INFO] Epoch 093 | Train Loss: 0.2236 | Train Acc: 0.9492 | Val Loss: 0.1659 | Val Acc: 0.9333
2026-08-25 10:58:55 [INFO] Epoch 094 | Train Loss: 0.1951 | Train Acc: 0.9595 | Val Loss: 0.1732 | Val Acc: 0.9259
2026-08-25 10:58:58 [INFO] Epoch 095 | Train Loss: 0.2140 | Train Acc: 0.9595 | Val Loss: 0.1950 | Val Acc: 0.9185
2026-08-25 10:59:00 [INFO] Epoch 096 | Train Loss: 0.1929 | Train Acc: 0.9611 | Val Loss: 0.1901 | Val Acc: 0.9148
2026-08-25 10:59:02 [INFO] Epoch 097 | Train Loss: 0.2320 | Train Acc: 0.9524 | Val Loss: 0.1731 | Val Acc: 0.9333
2026-08-25 10:59:04 [INFO] Epoch 098 | Train Loss: 0.2134 | Train Acc: 0.9571 | Val Loss: 0.1843 | Val Acc: 0.9185
2026-08-25 10:59:06 [INFO] Epoch 099 | Train Loss: 0.2036 | Train Acc: 0.9643 | Val Loss: 0.1903 | Val Acc: 0.9185
2026-08-25 10:59:08 [INFO] Epoch 100 | Train Loss: 0.1852 | Train Acc: 0.9627 | Val Loss: 0.1624 | Val Acc: 0.9370
2026-08-25 10:59:12 [INFO] Epoch 101 | Train Loss: 0.2170 | Train Acc: 0.9587 | Val Loss: 0.1663 | Val Acc: 0.9370
2026-08-25 10:59:14 [INFO] Epoch 102 | Train Loss: 0.1955 | Train Acc: 0.9627 | Val Loss: 0.1920 | Val Acc: 0.9185
2026-08-25 10:59:16 [INFO] Epoch 103 | Train Loss: 0.2067 | Train Acc: 0.9603 | Val Loss: 0.1677 | Val Acc: 0.9259
2026-08-25 10:59:18 [INFO] Epoch 104 | Train Loss: 0.2007 | Train Acc: 0.9595 | Val Loss: 0.1879 | Val Acc: 0.9222
2026-08-25 10:59:20 [INFO] Epoch 105 | Train Loss: 0.1663 | Train Acc: 0.9675 | Val Loss: 0.1754 | Val Acc: 0.9222
2026-08-25 10:59:22 [INFO] Epoch 106 | Train Loss: 0.1971 | Train Acc: 0.9595 | Val Loss: 0.1688 | Val Acc: 0.9259
2026-08-25 10:59:26 [INFO] Epoch 107 | Train Loss: 0.1885 | Train Acc: 0.9595 | Val Loss: 0.1888 | Val Acc: 0.9259
2026-08-25 10:59:28 [INFO] Epoch 108 | Train Loss: 0.2030 | Train Acc: 0.9563 | Val Loss: 0.1663 | Val Acc: 0.9296
2026-08-25 10:59:30 [INFO] Epoch 109 | Train Loss: 0.2073 | Train Acc: 0.9532 | Val Loss: 0.1714 | Val Acc: 0.9296
2026-08-25 10:59:32 [INFO] Epoch 110 | Train Loss: 0.2201 | Train Acc: 0.9556 | Val Loss: 0.1820 | Val Acc: 0.9222
2026-08-25 10:59:34 [INFO] Epoch 111 | Train Loss: 0.2014 | Train Acc: 0.9595 | Val Loss: 0.1892 | Val Acc: 0.9222
2026-08-25 10:59:36 [INFO] Epoch 112 | Train Loss: 0.1823 | Train Acc: 0.9611 | Val Loss: 0.1817 | Val Acc: 0.9185
2026-08-25 10:59:39 [INFO] Epoch 113 | Train Loss: 0.1867 | Train Acc: 0.9619 | Val Loss: 0.1776 | Val Acc: 0.9296
2026-08-25 10:59:39 [INFO] ⏹ Early stopping tại epoch 113 (không cải thiện sau 25 epoch, best=0.9519)
2026-08-25 10:59:39 [INFO] Evaluating Best Model on TEST Set...
2026-08-25 10:59:39 [INFO] 
[RESUME] Đang nạp checkpoint từ: /home/biu-linux/DeepLearning_Projects/DoAnNganh/HybricMamba/Ressult/TFJ/MEDIUM_HYBRIC_MAMBA/NEU-DET_surface-dec/MEDIUM_HYBRIC_MAMBA_best.pth
2026-08-25 10:59:40 [INFO] 🎯 [TEST RESULT] Test Acc: 0.8852 | F1-Macro: 0.8845 | F1-Weighted: 0.8845
2026-08-25 11:38:45 [INFO] Dataset: NEU-DET_surface-dec | Số nhãn (classes): 6 | Tổng số ảnh: 1800
2026-08-25 11:38:45 [INFO] Dữ liệu đã chia -> Train (70%): 1260 | Val (15%): 270 | Test (15%): 270
2026-08-25 11:38:45 [INFO] 
🔍 Kiểm tra phân bố class trong batch:
2026-08-25 11:38:45 [INFO]   Batch 0: 6 classes (first 5: [0, 1, 2, 3, 4])
2026-08-25 11:38:45 [INFO]   Batch 1: 6 classes (first 5: [0, 1, 2, 3, 4])
2026-08-25 11:38:45 [INFO]   Batch 2: 6 classes (first 5: [0, 1, 2, 3, 4])
2026-08-25 11:38:45 [INFO]   Batch 3: 6 classes (first 5: [0, 1, 2, 3, 4])
2026-08-25 11:38:45 [INFO]   Batch 4: 6 classes (first 5: [0, 1, 2, 3, 4])
2026-08-25 11:38:45 [WARNING] ⚠️ WARNING: Trung bình 6.0 classes/batch - Dữ liệu chưa được trộn đều!
2026-08-25 11:38:45 [INFO] ============================================================
2026-08-25 11:38:45 [INFO] Starting training: MEDIUM_HYBRIC_MAMBA
2026-08-25 11:38:45 [INFO] Dataset: NEU-DET_surface-dec | Path: /home/biu-linux/DeepLearning_Projects/DoAnNganh/data/NEU-DET
2026-08-25 11:38:45 [INFO] Device: cuda
2026-08-25 11:38:45 [INFO] GPU: NVIDIA GeForce RTX 3050 Laptop GPU
2026-08-25 11:38:45 [INFO] ============================================================
2026-08-25 11:38:50 [INFO] Epoch 000 | Train Loss: 2.7283 | Train Acc: 0.3032 | Val Loss: 1.4377 | Val Acc: 0.4852
2026-08-25 11:38:50 [INFO] ✓ Saved best model: Val Acc=0.4852 at epoch 0
2026-08-25 11:38:54 [INFO] Epoch 001 | Train Loss: 2.2426 | Train Acc: 0.5048 | Val Loss: 1.0533 | Val Acc: 0.6407
2026-08-25 11:38:54 [INFO] ✓ Saved best model: Val Acc=0.6407 at epoch 1
2026-08-25 11:38:56 [INFO] Epoch 002 | Train Loss: 1.9724 | Train Acc: 0.5603 | Val Loss: 0.8516 | Val Acc: 0.7370
2026-08-25 11:38:56 [INFO] ✓ Saved best model: Val Acc=0.7370 at epoch 2
2026-08-25 11:38:58 [INFO] Epoch 003 | Train Loss: 1.7691 | Train Acc: 0.6024 | Val Loss: 0.6509 | Val Acc: 0.8037
2026-08-25 11:38:58 [INFO] ✓ Saved best model: Val Acc=0.8037 at epoch 3
2026-08-25 11:39:00 [INFO] Epoch 004 | Train Loss: 1.5107 | Train Acc: 0.6659 | Val Loss: 0.5397 | Val Acc: 0.8333
2026-08-25 11:39:00 [INFO] ✓ Saved best model: Val Acc=0.8333 at epoch 4
2026-08-25 11:39:02 [INFO] Epoch 005 | Train Loss: 1.3438 | Train Acc: 0.7016 | Val Loss: 0.4573 | Val Acc: 0.8778
2026-08-25 11:39:02 [INFO] ✓ Saved best model: Val Acc=0.8778 at epoch 5
2026-08-25 11:39:04 [INFO] Epoch 006 | Train Loss: 1.2734 | Train Acc: 0.7222 | Val Loss: 0.4405 | Val Acc: 0.8481
2026-08-25 11:39:08 [INFO] Epoch 007 | Train Loss: 1.1044 | Train Acc: 0.7643 | Val Loss: 0.4177 | Val Acc: 0.8556
2026-08-25 11:39:10 [INFO] Epoch 008 | Train Loss: 1.0352 | Train Acc: 0.7643 | Val Loss: 0.3742 | Val Acc: 0.8630
2026-08-25 11:39:12 [INFO] Epoch 009 | Train Loss: 1.0357 | Train Acc: 0.7563 | Val Loss: 0.3566 | Val Acc: 0.8556
2026-08-25 11:39:14 [INFO] Epoch 010 | Train Loss: 0.9610 | Train Acc: 0.7968 | Val Loss: 0.4549 | Val Acc: 0.8296
2026-08-25 11:39:16 [INFO] Epoch 011 | Train Loss: 0.8929 | Train Acc: 0.8048 | Val Loss: 0.3239 | Val Acc: 0.9037
2026-08-25 11:39:16 [INFO] ✓ Saved best model: Val Acc=0.9037 at epoch 11
2026-08-25 11:39:18 [INFO] Epoch 012 | Train Loss: 0.7982 | Train Acc: 0.8286 | Val Loss: 0.2579 | Val Acc: 0.9296
2026-08-25 11:39:18 [INFO] ✓ Saved best model: Val Acc=0.9296 at epoch 12
2026-08-25 11:39:21 [INFO] Epoch 013 | Train Loss: 0.7728 | Train Acc: 0.8302 | Val Loss: 0.2430 | Val Acc: 0.9148
2026-08-25 11:39:24 [INFO] Epoch 014 | Train Loss: 0.7974 | Train Acc: 0.8278 | Val Loss: 0.2673 | Val Acc: 0.9148
2026-08-25 11:39:26 [INFO] Epoch 015 | Train Loss: 0.7641 | Train Acc: 0.8238 | Val Loss: 0.2636 | Val Acc: 0.9111
2026-08-25 11:39:28 [INFO] Epoch 016 | Train Loss: 0.6866 | Train Acc: 0.8548 | Val Loss: 0.2351 | Val Acc: 0.9148
2026-08-25 11:39:30 [INFO] Epoch 017 | Train Loss: 0.7028 | Train Acc: 0.8500 | Val Loss: 0.1910 | Val Acc: 0.9481
2026-08-25 11:39:30 [INFO] ✓ Saved best model: Val Acc=0.9481 at epoch 17
2026-08-25 11:39:32 [INFO] Epoch 018 | Train Loss: 0.6025 | Train Acc: 0.8778 | Val Loss: 0.1649 | Val Acc: 0.9481
2026-08-25 11:39:34 [INFO] Epoch 019 | Train Loss: 0.5879 | Train Acc: 0.8730 | Val Loss: 0.1768 | Val Acc: 0.9407
2026-08-25 11:39:38 [INFO] Epoch 020 | Train Loss: 0.5873 | Train Acc: 0.8770 | Val Loss: 0.2188 | Val Acc: 0.9148
2026-08-25 11:39:40 [INFO] Epoch 021 | Train Loss: 0.5751 | Train Acc: 0.8817 | Val Loss: 0.1391 | Val Acc: 0.9593
2026-08-25 11:39:40 [INFO] ✓ Saved best model: Val Acc=0.9593 at epoch 21
2026-08-25 11:39:42 [INFO] Epoch 022 | Train Loss: 0.6100 | Train Acc: 0.8611 | Val Loss: 0.2389 | Val Acc: 0.9222
2026-08-25 11:39:44 [INFO] Epoch 023 | Train Loss: 0.6005 | Train Acc: 0.8683 | Val Loss: 0.1955 | Val Acc: 0.9296
2026-08-25 11:39:46 [INFO] Epoch 024 | Train Loss: 0.5502 | Train Acc: 0.8802 | Val Loss: 0.1252 | Val Acc: 0.9593
2026-08-25 11:39:48 [INFO] Epoch 025 | Train Loss: 0.5096 | Train Acc: 0.8944 | Val Loss: 0.1573 | Val Acc: 0.9481
2026-08-25 11:39:52 [INFO] Epoch 026 | Train Loss: 0.5802 | Train Acc: 0.8730 | Val Loss: 0.1665 | Val Acc: 0.9407
2026-08-25 11:39:54 [INFO] Epoch 027 | Train Loss: 0.5649 | Train Acc: 0.8810 | Val Loss: 0.1667 | Val Acc: 0.9296
2026-08-25 11:39:56 [INFO] Epoch 028 | Train Loss: 0.4964 | Train Acc: 0.9000 | Val Loss: 0.1726 | Val Acc: 0.9481
2026-08-25 11:39:58 [INFO] Epoch 029 | Train Loss: 0.5529 | Train Acc: 0.8897 | Val Loss: 0.1382 | Val Acc: 0.9481
2026-08-25 11:40:00 [INFO] Epoch 030 | Train Loss: 0.4554 | Train Acc: 0.9016 | Val Loss: 0.1470 | Val Acc: 0.9481
2026-08-25 11:40:02 [INFO] Epoch 031 | Train Loss: 0.4871 | Train Acc: 0.8937 | Val Loss: 0.1925 | Val Acc: 0.9333
2026-08-25 11:40:04 [INFO] Epoch 032 | Train Loss: 0.5380 | Train Acc: 0.8857 | Val Loss: 0.1947 | Val Acc: 0.9185
2026-08-25 11:40:08 [INFO] Epoch 033 | Train Loss: 0.4545 | Train Acc: 0.9008 | Val Loss: 0.1338 | Val Acc: 0.9444
2026-08-25 11:40:10 [INFO] Epoch 034 | Train Loss: 0.4076 | Train Acc: 0.9119 | Val Loss: 0.1338 | Val Acc: 0.9444
2026-08-25 11:40:12 [INFO] Epoch 035 | Train Loss: 0.4665 | Train Acc: 0.9103 | Val Loss: 0.1101 | Val Acc: 0.9519
2026-08-25 11:40:14 [INFO] Epoch 036 | Train Loss: 0.3875 | Train Acc: 0.9183 | Val Loss: 0.1107 | Val Acc: 0.9593
2026-08-25 11:40:16 [INFO] Epoch 037 | Train Loss: 0.4510 | Train Acc: 0.9000 | Val Loss: 0.1000 | Val Acc: 0.9704
2026-08-25 11:40:16 [INFO] ✓ Saved best model: Val Acc=0.9704 at epoch 37
2026-08-25 11:40:18 [INFO] Epoch 038 | Train Loss: 0.4175 | Train Acc: 0.9024 | Val Loss: 0.1198 | Val Acc: 0.9630
2026-08-25 11:40:22 [INFO] Epoch 039 | Train Loss: 0.4006 | Train Acc: 0.9127 | Val Loss: 0.1745 | Val Acc: 0.9296
2026-08-25 11:40:24 [INFO] Epoch 040 | Train Loss: 0.3775 | Train Acc: 0.9190 | Val Loss: 0.0816 | Val Acc: 0.9667
2026-08-25 11:40:26 [INFO] Epoch 041 | Train Loss: 0.3205 | Train Acc: 0.9278 | Val Loss: 0.0828 | Val Acc: 0.9630
2026-08-25 11:40:28 [INFO] Epoch 042 | Train Loss: 0.3224 | Train Acc: 0.9302 | Val Loss: 0.0810 | Val Acc: 0.9741
2026-08-25 11:40:28 [INFO] ✓ Saved best model: Val Acc=0.9741 at epoch 42
2026-08-25 11:40:30 [INFO] Epoch 043 | Train Loss: 0.3068 | Train Acc: 0.9278 | Val Loss: 0.0789 | Val Acc: 0.9741
2026-08-25 11:40:32 [INFO] Epoch 044 | Train Loss: 0.3111 | Train Acc: 0.9286 | Val Loss: 0.0887 | Val Acc: 0.9704
2026-08-25 11:40:34 [INFO] Epoch 045 | Train Loss: 0.3148 | Train Acc: 0.9254 | Val Loss: 0.0904 | Val Acc: 0.9630
2026-08-25 11:40:39 [INFO] Epoch 046 | Train Loss: 0.2643 | Train Acc: 0.9397 | Val Loss: 0.0948 | Val Acc: 0.9630
2026-08-25 11:40:41 [INFO] Epoch 047 | Train Loss: 0.3089 | Train Acc: 0.9341 | Val Loss: 0.0823 | Val Acc: 0.9667
2026-08-25 11:40:43 [INFO] Epoch 048 | Train Loss: 0.2676 | Train Acc: 0.9500 | Val Loss: 0.0776 | Val Acc: 0.9667
2026-08-25 11:40:45 [INFO] Epoch 049 | Train Loss: 0.2856 | Train Acc: 0.9389 | Val Loss: 0.0760 | Val Acc: 0.9741
2026-08-25 11:40:47 [INFO] Epoch 050 | Train Loss: 0.2875 | Train Acc: 0.9437 | Val Loss: 0.0869 | Val Acc: 0.9630
2026-08-25 11:40:49 [INFO] Epoch 051 | Train Loss: 0.2758 | Train Acc: 0.9468 | Val Loss: 0.0757 | Val Acc: 0.9667
2026-08-25 11:40:52 [INFO] Epoch 052 | Train Loss: 0.3263 | Train Acc: 0.9302 | Val Loss: 0.0839 | Val Acc: 0.9593
2026-08-25 11:40:54 [INFO] Epoch 053 | Train Loss: 0.2739 | Train Acc: 0.9429 | Val Loss: 0.0728 | Val Acc: 0.9778
2026-08-25 11:40:54 [INFO] ✓ Saved best model: Val Acc=0.9778 at epoch 53
2026-08-25 11:40:56 [INFO] Epoch 054 | Train Loss: 0.2652 | Train Acc: 0.9476 | Val Loss: 0.0708 | Val Acc: 0.9778
2026-08-25 11:40:58 [INFO] Epoch 055 | Train Loss: 0.2537 | Train Acc: 0.9437 | Val Loss: 0.0789 | Val Acc: 0.9741
2026-08-25 11:41:00 [INFO] Epoch 056 | Train Loss: 0.2638 | Train Acc: 0.9429 | Val Loss: 0.0805 | Val Acc: 0.9741
2026-08-25 11:41:02 [INFO] Epoch 057 | Train Loss: 0.2634 | Train Acc: 0.9389 | Val Loss: 0.0692 | Val Acc: 0.9815
2026-08-25 11:41:02 [INFO] ✓ Saved best model: Val Acc=0.9815 at epoch 57
2026-08-25 11:41:04 [INFO] Epoch 058 | Train Loss: 0.2634 | Train Acc: 0.9437 | Val Loss: 0.0665 | Val Acc: 0.9778
2026-08-25 11:41:09 [INFO] Epoch 059 | Train Loss: 0.2720 | Train Acc: 0.9421 | Val Loss: 0.0650 | Val Acc: 0.9704
2026-08-25 11:41:11 [INFO] Epoch 060 | Train Loss: 0.2462 | Train Acc: 0.9484 | Val Loss: 0.0738 | Val Acc: 0.9741
2026-08-25 11:41:12 [INFO] Epoch 061 | Train Loss: 0.2267 | Train Acc: 0.9548 | Val Loss: 0.0739 | Val Acc: 0.9667
2026-08-25 11:41:14 [INFO] Epoch 062 | Train Loss: 0.2432 | Train Acc: 0.9444 | Val Loss: 0.0631 | Val Acc: 0.9704
2026-08-25 11:41:16 [INFO] Epoch 063 | Train Loss: 0.2803 | Train Acc: 0.9397 | Val Loss: 0.0649 | Val Acc: 0.9741
2026-08-25 11:41:18 [INFO] Epoch 064 | Train Loss: 0.2756 | Train Acc: 0.9397 | Val Loss: 0.0789 | Val Acc: 0.9667
2026-08-25 11:41:22 [INFO] Epoch 065 | Train Loss: 0.2420 | Train Acc: 0.9429 | Val Loss: 0.0721 | Val Acc: 0.9667
2026-08-25 11:41:24 [INFO] Epoch 066 | Train Loss: 0.2418 | Train Acc: 0.9532 | Val Loss: 0.0668 | Val Acc: 0.9741
2026-08-25 11:41:26 [INFO] Epoch 067 | Train Loss: 0.2485 | Train Acc: 0.9500 | Val Loss: 0.0754 | Val Acc: 0.9630
2026-08-25 11:41:28 [INFO] Epoch 068 | Train Loss: 0.2522 | Train Acc: 0.9484 | Val Loss: 0.0865 | Val Acc: 0.9667
2026-08-25 11:41:30 [INFO] Epoch 069 | Train Loss: 0.2320 | Train Acc: 0.9500 | Val Loss: 0.0857 | Val Acc: 0.9519
2026-08-25 11:41:32 [INFO] Epoch 070 | Train Loss: 0.2455 | Train Acc: 0.9468 | Val Loss: 0.0627 | Val Acc: 0.9741
2026-08-25 11:41:34 [INFO] Epoch 071 | Train Loss: 0.2622 | Train Acc: 0.9460 | Val Loss: 0.0612 | Val Acc: 0.9741
2026-08-25 11:41:39 [INFO] Epoch 072 | Train Loss: 0.2327 | Train Acc: 0.9524 | Val Loss: 0.0578 | Val Acc: 0.9741
2026-08-25 11:41:41 [INFO] Epoch 073 | Train Loss: 0.2482 | Train Acc: 0.9484 | Val Loss: 0.0626 | Val Acc: 0.9704
2026-08-25 11:41:43 [INFO] Epoch 074 | Train Loss: 0.2258 | Train Acc: 0.9500 | Val Loss: 0.0686 | Val Acc: 0.9815
2026-08-25 11:41:45 [INFO] Epoch 075 | Train Loss: 0.2425 | Train Acc: 0.9532 | Val Loss: 0.0692 | Val Acc: 0.9741
2026-08-25 11:41:47 [INFO] Epoch 076 | Train Loss: 0.2297 | Train Acc: 0.9611 | Val Loss: 0.0653 | Val Acc: 0.9815
2026-08-25 11:41:49 [INFO] Epoch 077 | Train Loss: 0.2123 | Train Acc: 0.9579 | Val Loss: 0.0697 | Val Acc: 0.9815
2026-08-25 11:41:53 [INFO] Epoch 078 | Train Loss: 0.2226 | Train Acc: 0.9508 | Val Loss: 0.0691 | Val Acc: 0.9741
2026-08-25 11:41:55 [INFO] Epoch 079 | Train Loss: 0.2320 | Train Acc: 0.9540 | Val Loss: 0.0658 | Val Acc: 0.9852
2026-08-25 11:41:55 [INFO] ✓ Saved best model: Val Acc=0.9852 at epoch 79
2026-08-25 11:41:57 [INFO] Epoch 080 | Train Loss: 0.2398 | Train Acc: 0.9532 | Val Loss: 0.0617 | Val Acc: 0.9778
2026-08-25 11:41:59 [INFO] Epoch 081 | Train Loss: 0.2168 | Train Acc: 0.9500 | Val Loss: 0.0596 | Val Acc: 0.9778
2026-08-25 11:42:01 [INFO] Epoch 082 | Train Loss: 0.2626 | Train Acc: 0.9484 | Val Loss: 0.0681 | Val Acc: 0.9704
2026-08-25 11:42:03 [INFO] Epoch 083 | Train Loss: 0.2278 | Train Acc: 0.9532 | Val Loss: 0.0625 | Val Acc: 0.9778
2026-08-25 11:42:05 [INFO] Epoch 084 | Train Loss: 0.2408 | Train Acc: 0.9548 | Val Loss: 0.0656 | Val Acc: 0.9778
2026-08-25 11:42:09 [INFO] Epoch 085 | Train Loss: 0.2416 | Train Acc: 0.9444 | Val Loss: 0.0703 | Val Acc: 0.9815
2026-08-25 11:42:11 [INFO] Epoch 086 | Train Loss: 0.2090 | Train Acc: 0.9524 | Val Loss: 0.0634 | Val Acc: 0.9778
2026-08-25 11:42:13 [INFO] Epoch 087 | Train Loss: 0.2453 | Train Acc: 0.9532 | Val Loss: 0.0588 | Val Acc: 0.9741
2026-08-25 11:42:15 [INFO] Epoch 088 | Train Loss: 0.2290 | Train Acc: 0.9563 | Val Loss: 0.0608 | Val Acc: 0.9778
2026-08-25 11:42:17 [INFO] Epoch 089 | Train Loss: 0.2258 | Train Acc: 0.9476 | Val Loss: 0.0592 | Val Acc: 0.9741
2026-08-25 11:42:19 [INFO] Epoch 090 | Train Loss: 0.2193 | Train Acc: 0.9587 | Val Loss: 0.0590 | Val Acc: 0.9815
2026-08-25 11:42:23 [INFO] Epoch 091 | Train Loss: 0.2406 | Train Acc: 0.9516 | Val Loss: 0.0613 | Val Acc: 0.9852
2026-08-25 11:42:25 [INFO] Epoch 092 | Train Loss: 0.2057 | Train Acc: 0.9571 | Val Loss: 0.0642 | Val Acc: 0.9778
2026-08-25 11:42:27 [INFO] Epoch 093 | Train Loss: 0.2359 | Train Acc: 0.9468 | Val Loss: 0.0616 | Val Acc: 0.9778
2026-08-25 11:42:29 [INFO] Epoch 094 | Train Loss: 0.2230 | Train Acc: 0.9476 | Val Loss: 0.0637 | Val Acc: 0.9815
2026-08-25 11:42:31 [INFO] Epoch 095 | Train Loss: 0.2042 | Train Acc: 0.9540 | Val Loss: 0.0581 | Val Acc: 0.9778
2026-08-25 11:42:33 [INFO] Epoch 096 | Train Loss: 0.2435 | Train Acc: 0.9508 | Val Loss: 0.0653 | Val Acc: 0.9778
2026-08-25 11:42:35 [INFO] Epoch 097 | Train Loss: 0.1925 | Train Acc: 0.9595 | Val Loss: 0.0596 | Val Acc: 0.9778
2026-08-25 11:42:39 [INFO] Epoch 098 | Train Loss: 0.2306 | Train Acc: 0.9492 | Val Loss: 0.0698 | Val Acc: 0.9741
2026-08-25 11:42:41 [INFO] Epoch 099 | Train Loss: 0.2407 | Train Acc: 0.9548 | Val Loss: 0.0552 | Val Acc: 0.9778
2026-08-25 11:42:43 [INFO] Epoch 100 | Train Loss: 0.2566 | Train Acc: 0.9429 | Val Loss: 0.0581 | Val Acc: 0.9741
2026-08-25 11:42:45 [INFO] Epoch 101 | Train Loss: 0.1956 | Train Acc: 0.9556 | Val Loss: 0.0606 | Val Acc: 0.9778
2026-08-25 11:42:47 [INFO] Epoch 102 | Train Loss: 0.2174 | Train Acc: 0.9563 | Val Loss: 0.0633 | Val Acc: 0.9778
2026-08-25 11:42:48 [INFO] Epoch 103 | Train Loss: 0.2230 | Train Acc: 0.9500 | Val Loss: 0.0619 | Val Acc: 0.9741
2026-08-25 11:42:52 [INFO] Epoch 104 | Train Loss: 0.2254 | Train Acc: 0.9476 | Val Loss: 0.0616 | Val Acc: 0.9815
2026-08-25 11:42:55 [INFO] Epoch 105 | Train Loss: 0.1895 | Train Acc: 0.9683 | Val Loss: 0.0630 | Val Acc: 0.9852
2026-08-25 11:42:57 [INFO] Epoch 106 | Train Loss: 0.2337 | Train Acc: 0.9548 | Val Loss: 0.0638 | Val Acc: 0.9741
2026-08-25 11:42:59 [INFO] Epoch 107 | Train Loss: 0.2209 | Train Acc: 0.9619 | Val Loss: 0.0682 | Val Acc: 0.9778
2026-08-25 11:43:01 [INFO] Epoch 108 | Train Loss: 0.2495 | Train Acc: 0.9460 | Val Loss: 0.0626 | Val Acc: 0.9778
2026-08-25 11:43:03 [INFO] Epoch 109 | Train Loss: 0.1996 | Train Acc: 0.9627 | Val Loss: 0.0630 | Val Acc: 0.9852
2026-08-25 11:43:03 [INFO] ⏹ Early stopping tại epoch 109 (không cải thiện sau 30 epoch, best=0.9852)
2026-08-25 11:43:03 [INFO] Evaluating Best Model on TEST Set...
2026-08-25 11:43:03 [INFO] 
[RESUME] Đang nạp checkpoint từ: /home/biu-linux/DeepLearning_Projects/DoAnNganh/HybricMamba/Ressult/TFJ/MEDIUM_HYBRIC_MAMBA/NEU-DET_surface-dec/MEDIUM_HYBRIC_MAMBA_best.pth
2026-08-25 11:43:03 [INFO] 🎯 [TEST RESULT] Test Acc: 0.9704 | F1-Macro: 0.9704 | F1-Weighted: 0.9704
2026-08-27 12:24:55 [INFO] Dataset: NEU-DET_surface-dec | Số nhãn (classes): 6 | Tổng số ảnh: 1800
2026-08-27 12:24:55 [INFO] Dữ liệu đã chia -> Train (70%): 1260 | Val (15%): 270 | Test (15%): 270
2026-08-27 12:24:55 [INFO] 
🔍 Kiểm tra phân bố class trong batch:
2026-08-27 12:24:57 [INFO]   Batch 0: 6 classes (first 5: [0, 1, 2, 3, 4])
2026-08-27 12:24:57 [INFO]   Batch 1: 6 classes (first 5: [0, 1, 2, 3, 4])
2026-08-27 12:24:57 [INFO]   Batch 2: 6 classes (first 5: [0, 1, 2, 3, 4])
2026-08-27 12:24:57 [INFO]   Batch 3: 6 classes (first 5: [0, 1, 2, 3, 4])
2026-08-27 12:24:57 [INFO]   Batch 4: 6 classes (first 5: [0, 1, 2, 3, 4])
2026-08-27 12:24:57 [WARNING] ⚠️ WARNING: Trung bình 6.0 classes/batch - Dữ liệu chưa được trộn đều!
2026-08-27 12:24:57 [INFO] ============================================================
2026-08-27 12:24:57 [INFO] Starting training: MEDIUM_HYBRIC_MAMBA
2026-08-27 12:24:57 [INFO] Dataset: NEU-DET_surface-dec | Path: /home/biu-linux/DeepLearning_Projects/DoAnNganh/data/NEU-DET
2026-08-27 12:24:57 [INFO] Device: cuda
2026-08-27 12:24:57 [INFO] GPU: NVIDIA GeForce RTX 3050 Laptop GPU
2026-08-27 12:24:57 [INFO] ============================================================
2026-08-27 12:25:02 [INFO] Epoch 000 | Train Loss: 2.7549 | Train Acc: 0.2770 | Val Loss: 1.5375 | Val Acc: 0.3148
2026-08-27 12:25:02 [INFO] ✓ Saved best model: Val Acc=0.3148 at epoch 0
2026-08-27 12:25:03 [INFO] Epoch 001 | Train Loss: 2.3677 | Train Acc: 0.4698 | Val Loss: 1.1289 | Val Acc: 0.6481
2026-08-27 12:25:03 [INFO] ✓ Saved best model: Val Acc=0.6481 at epoch 1
2026-08-27 12:25:04 [INFO] Epoch 002 | Train Loss: 1.9918 | Train Acc: 0.5651 | Val Loss: 0.8192 | Val Acc: 0.7222
2026-08-27 12:25:04 [INFO] ✓ Saved best model: Val Acc=0.7222 at epoch 2
2026-08-27 12:25:06 [INFO] Epoch 003 | Train Loss: 1.6994 | Train Acc: 0.6381 | Val Loss: 0.6990 | Val Acc: 0.7407
2026-08-27 12:25:06 [INFO] ✓ Saved best model: Val Acc=0.7407 at epoch 3
2026-08-27 12:25:09 [INFO] Epoch 004 | Train Loss: 1.4908 | Train Acc: 0.6770 | Val Loss: 0.6050 | Val Acc: 0.8370
2026-08-27 12:25:09 [INFO] ✓ Saved best model: Val Acc=0.8370 at epoch 4
2026-08-27 12:25:11 [INFO] Epoch 005 | Train Loss: 1.3460 | Train Acc: 0.7079 | Val Loss: 0.5831 | Val Acc: 0.8037
2026-08-27 12:25:12 [INFO] Epoch 006 | Train Loss: 1.2441 | Train Acc: 0.7151 | Val Loss: 0.6337 | Val Acc: 0.7593
2026-08-27 12:25:13 [INFO] Epoch 007 | Train Loss: 1.0851 | Train Acc: 0.7659 | Val Loss: 0.4297 | Val Acc: 0.8556
2026-08-27 12:25:13 [INFO] ✓ Saved best model: Val Acc=0.8556 at epoch 7
2026-08-27 12:25:14 [INFO] Epoch 008 | Train Loss: 1.0685 | Train Acc: 0.7714 | Val Loss: 0.5712 | Val Acc: 0.8222
2026-08-27 12:25:16 [INFO] Epoch 009 | Train Loss: 1.0386 | Train Acc: 0.7556 | Val Loss: 0.3904 | Val Acc: 0.8963
2026-08-27 12:25:16 [INFO] ✓ Saved best model: Val Acc=0.8963 at epoch 9
2026-08-27 12:25:17 [INFO] Epoch 010 | Train Loss: 1.0099 | Train Acc: 0.7770 | Val Loss: 0.3888 | Val Acc: 0.8926
2026-08-27 12:25:18 [INFO] Epoch 011 | Train Loss: 0.9106 | Train Acc: 0.7968 | Val Loss: 0.3500 | Val Acc: 0.8926
2026-08-27 12:25:20 [INFO] Epoch 012 | Train Loss: 0.8440 | Train Acc: 0.8016 | Val Loss: 0.3129 | Val Acc: 0.9148
2026-08-27 12:25:20 [INFO] ✓ Saved best model: Val Acc=0.9148 at epoch 12
2026-08-27 12:25:21 [INFO] Epoch 013 | Train Loss: 0.8116 | Train Acc: 0.8063 | Val Loss: 0.3292 | Val Acc: 0.8815
2026-08-27 12:25:24 [INFO] Epoch 014 | Train Loss: 0.7882 | Train Acc: 0.8262 | Val Loss: 0.3015 | Val Acc: 0.8963
2026-08-27 12:25:26 [INFO] Epoch 015 | Train Loss: 0.7567 | Train Acc: 0.8341 | Val Loss: 0.3112 | Val Acc: 0.8926
2026-08-27 12:25:27 [INFO] Epoch 016 | Train Loss: 0.7102 | Train Acc: 0.8373 | Val Loss: 0.3161 | Val Acc: 0.8852
2026-08-27 12:25:28 [INFO] Epoch 017 | Train Loss: 0.6914 | Train Acc: 0.8587 | Val Loss: 0.2582 | Val Acc: 0.9000
2026-08-27 12:25:30 [INFO] Epoch 018 | Train Loss: 0.6269 | Train Acc: 0.8770 | Val Loss: 0.2449 | Val Acc: 0.9148
2026-08-27 12:25:31 [INFO] Epoch 019 | Train Loss: 0.6487 | Train Acc: 0.8563 | Val Loss: 0.2411 | Val Acc: 0.9259
2026-08-27 12:25:31 [INFO] ✓ Saved best model: Val Acc=0.9259 at epoch 19
2026-08-27 12:25:32 [INFO] Epoch 020 | Train Loss: 0.6023 | Train Acc: 0.8651 | Val Loss: 0.2468 | Val Acc: 0.9148
2026-08-27 12:25:33 [INFO] Epoch 021 | Train Loss: 0.6500 | Train Acc: 0.8579 | Val Loss: 0.2564 | Val Acc: 0.8963
2026-08-27 12:25:35 [INFO] Epoch 022 | Train Loss: 0.6391 | Train Acc: 0.8667 | Val Loss: 0.2494 | Val Acc: 0.9037
2026-08-27 12:25:36 [INFO] Epoch 023 | Train Loss: 0.5937 | Train Acc: 0.8754 | Val Loss: 0.2439 | Val Acc: 0.9037
2026-08-27 12:25:40 [INFO] Epoch 024 | Train Loss: 0.5710 | Train Acc: 0.8754 | Val Loss: 0.2458 | Val Acc: 0.9074
2026-08-27 12:25:41 [INFO] Epoch 025 | Train Loss: 0.6908 | Train Acc: 0.8532 | Val Loss: 0.3582 | Val Acc: 0.8593
2026-08-27 12:25:42 [INFO] Epoch 026 | Train Loss: 0.6708 | Train Acc: 0.8500 | Val Loss: 0.3402 | Val Acc: 0.8704
2026-08-27 12:25:43 [INFO] Epoch 027 | Train Loss: 0.6923 | Train Acc: 0.8476 | Val Loss: 0.3761 | Val Acc: 0.8444
2026-08-27 12:25:45 [INFO] Epoch 028 | Train Loss: 0.7032 | Train Acc: 0.8444 | Val Loss: 0.2830 | Val Acc: 0.9000
2026-08-27 12:25:46 [INFO] Epoch 029 | Train Loss: 0.6104 | Train Acc: 0.8794 | Val Loss: 0.2791 | Val Acc: 0.8815
2026-08-27 12:25:47 [INFO] Epoch 030 | Train Loss: 0.6148 | Train Acc: 0.8730 | Val Loss: 0.2134 | Val Acc: 0.9185
2026-08-27 12:25:49 [INFO] Epoch 031 | Train Loss: 0.6494 | Train Acc: 0.8698 | Val Loss: 0.3288 | Val Acc: 0.8741
2026-08-27 12:25:50 [INFO] Epoch 032 | Train Loss: 0.5457 | Train Acc: 0.8865 | Val Loss: 0.2770 | Val Acc: 0.8815
2026-08-27 12:25:52 [INFO] Epoch 033 | Train Loss: 0.5473 | Train Acc: 0.8794 | Val Loss: 0.2481 | Val Acc: 0.9148
2026-08-27 12:25:55 [INFO] Epoch 034 | Train Loss: 0.5511 | Train Acc: 0.8913 | Val Loss: 0.2433 | Val Acc: 0.9037
2026-08-27 12:25:56 [INFO] Epoch 035 | Train Loss: 0.5193 | Train Acc: 0.8937 | Val Loss: 0.2516 | Val Acc: 0.9111
2026-08-27 12:25:57 [INFO] Epoch 036 | Train Loss: 0.5268 | Train Acc: 0.8881 | Val Loss: 0.2184 | Val Acc: 0.9148
2026-08-27 12:25:59 [INFO] Epoch 037 | Train Loss: 0.4719 | Train Acc: 0.8984 | Val Loss: 0.2194 | Val Acc: 0.9222
2026-08-27 12:26:00 [INFO] Epoch 038 | Train Loss: 0.4032 | Train Acc: 0.9222 | Val Loss: 0.1679 | Val Acc: 0.9333
2026-08-27 12:26:00 [INFO] ✓ Saved best model: Val Acc=0.9333 at epoch 38
2026-08-27 12:26:01 [INFO] Epoch 039 | Train Loss: 0.4488 | Train Acc: 0.9087 | Val Loss: 0.1516 | Val Acc: 0.9333
2026-08-27 12:26:02 [INFO] Epoch 040 | Train Loss: 0.4256 | Train Acc: 0.9183 | Val Loss: 0.1867 | Val Acc: 0.9185
2026-08-27 12:26:04 [INFO] Epoch 041 | Train Loss: 0.3810 | Train Acc: 0.9222 | Val Loss: 0.1855 | Val Acc: 0.9296
2026-08-27 12:26:05 [INFO] Epoch 042 | Train Loss: 0.3769 | Train Acc: 0.9230 | Val Loss: 0.2001 | Val Acc: 0.9370
2026-08-27 12:26:05 [INFO] ✓ Saved best model: Val Acc=0.9370 at epoch 42
2026-08-27 12:26:07 [INFO] Epoch 043 | Train Loss: 0.4328 | Train Acc: 0.9135 | Val Loss: 0.1799 | Val Acc: 0.9370
2026-08-27 12:26:10 [INFO] Epoch 044 | Train Loss: 0.4128 | Train Acc: 0.9230 | Val Loss: 0.1541 | Val Acc: 0.9407
2026-08-27 12:26:10 [INFO] ✓ Saved best model: Val Acc=0.9407 at epoch 44
2026-08-27 12:26:11 [INFO] Epoch 045 | Train Loss: 0.3700 | Train Acc: 0.9167 | Val Loss: 0.1289 | Val Acc: 0.9481
2026-08-27 12:26:11 [INFO] ✓ Saved best model: Val Acc=0.9481 at epoch 45
2026-08-27 12:26:12 [INFO] Epoch 046 | Train Loss: 0.3720 | Train Acc: 0.9310 | Val Loss: 0.1398 | Val Acc: 0.9444
2026-08-27 12:26:14 [INFO] Epoch 047 | Train Loss: 0.3865 | Train Acc: 0.9183 | Val Loss: 0.1577 | Val Acc: 0.9407
2026-08-27 12:26:15 [INFO] Epoch 048 | Train Loss: 0.3812 | Train Acc: 0.9317 | Val Loss: 0.1538 | Val Acc: 0.9444
2026-08-27 12:26:16 [INFO] Epoch 049 | Train Loss: 0.3099 | Train Acc: 0.9413 | Val Loss: 0.1390 | Val Acc: 0.9444
2026-08-27 12:26:17 [INFO] Epoch 050 | Train Loss: 0.2888 | Train Acc: 0.9508 | Val Loss: 0.1577 | Val Acc: 0.9333
2026-08-27 12:26:19 [INFO] Epoch 051 | Train Loss: 0.2997 | Train Acc: 0.9405 | Val Loss: 0.1205 | Val Acc: 0.9519
2026-08-27 12:26:19 [INFO] ✓ Saved best model: Val Acc=0.9519 at epoch 51
2026-08-27 12:26:20 [INFO] Epoch 052 | Train Loss: 0.2965 | Train Acc: 0.9532 | Val Loss: 0.1277 | Val Acc: 0.9630
2026-08-27 12:26:20 [INFO] ✓ Saved best model: Val Acc=0.9630 at epoch 52
2026-08-27 12:26:22 [INFO] Epoch 053 | Train Loss: 0.2813 | Train Acc: 0.9476 | Val Loss: 0.1389 | Val Acc: 0.9556
2026-08-27 12:26:25 [INFO] Epoch 054 | Train Loss: 0.2934 | Train Acc: 0.9349 | Val Loss: 0.1385 | Val Acc: 0.9556
2026-08-27 12:26:26 [INFO] Epoch 055 | Train Loss: 0.2957 | Train Acc: 0.9437 | Val Loss: 0.1307 | Val Acc: 0.9593
2026-08-27 12:26:27 [INFO] Epoch 056 | Train Loss: 0.2908 | Train Acc: 0.9516 | Val Loss: 0.1287 | Val Acc: 0.9667
2026-08-27 12:26:27 [INFO] ✓ Saved best model: Val Acc=0.9667 at epoch 56
2026-08-27 12:26:29 [INFO] Epoch 057 | Train Loss: 0.2731 | Train Acc: 0.9460 | Val Loss: 0.1244 | Val Acc: 0.9519
2026-08-27 12:26:30 [INFO] Epoch 058 | Train Loss: 0.2643 | Train Acc: 0.9556 | Val Loss: 0.1185 | Val Acc: 0.9593
2026-08-27 12:26:31 [INFO] Epoch 059 | Train Loss: 0.2828 | Train Acc: 0.9492 | Val Loss: 0.1239 | Val Acc: 0.9593
2026-08-27 12:26:32 [INFO] Epoch 060 | Train Loss: 0.2515 | Train Acc: 0.9563 | Val Loss: 0.1233 | Val Acc: 0.9556
2026-08-27 12:26:34 [INFO] Epoch 061 | Train Loss: 0.2839 | Train Acc: 0.9468 | Val Loss: 0.1219 | Val Acc: 0.9630
2026-08-27 12:26:35 [INFO] Epoch 062 | Train Loss: 0.2817 | Train Acc: 0.9532 | Val Loss: 0.1174 | Val Acc: 0.9667
2026-08-27 12:26:36 [INFO] Epoch 063 | Train Loss: 0.2705 | Train Acc: 0.9508 | Val Loss: 0.1168 | Val Acc: 0.9630
2026-08-27 12:26:40 [INFO] Epoch 064 | Train Loss: 0.2714 | Train Acc: 0.9476 | Val Loss: 0.1135 | Val Acc: 0.9667
2026-08-27 12:26:41 [INFO] Epoch 065 | Train Loss: 0.4000 | Train Acc: 0.9183 | Val Loss: 0.1646 | Val Acc: 0.9333
2026-08-27 12:26:42 [INFO] Epoch 066 | Train Loss: 0.3976 | Train Acc: 0.9198 | Val Loss: 0.2175 | Val Acc: 0.9333
2026-08-27 12:26:44 [INFO] Epoch 067 | Train Loss: 0.4517 | Train Acc: 0.9119 | Val Loss: 0.1942 | Val Acc: 0.9222
2026-08-27 12:26:45 [INFO] Epoch 068 | Train Loss: 0.3997 | Train Acc: 0.9190 | Val Loss: 0.1447 | Val Acc: 0.9481
2026-08-27 12:26:46 [INFO] Epoch 069 | Train Loss: 0.3788 | Train Acc: 0.9270 | Val Loss: 0.1544 | Val Acc: 0.9519
2026-08-27 12:26:47 [INFO] Epoch 070 | Train Loss: 0.3354 | Train Acc: 0.9373 | Val Loss: 0.2667 | Val Acc: 0.9148
2026-08-27 12:26:49 [INFO] Epoch 071 | Train Loss: 0.3668 | Train Acc: 0.9246 | Val Loss: 0.1856 | Val Acc: 0.9333
2026-08-27 12:26:50 [INFO] Epoch 072 | Train Loss: 0.3726 | Train Acc: 0.9190 | Val Loss: 0.2103 | Val Acc: 0.9296
2026-08-27 12:26:52 [INFO] Epoch 073 | Train Loss: 0.3402 | Train Acc: 0.9349 | Val Loss: 0.1633 | Val Acc: 0.9222
2026-08-27 12:26:55 [INFO] Epoch 074 | Train Loss: 0.3318 | Train Acc: 0.9365 | Val Loss: 0.1589 | Val Acc: 0.9519
2026-08-27 12:26:56 [INFO] Epoch 075 | Train Loss: 0.3164 | Train Acc: 0.9381 | Val Loss: 0.1916 | Val Acc: 0.9370
2026-08-27 12:26:57 [INFO] Epoch 076 | Train Loss: 0.3236 | Train Acc: 0.9373 | Val Loss: 0.1376 | Val Acc: 0.9593
2026-08-27 12:26:59 [INFO] Epoch 077 | Train Loss: 0.3313 | Train Acc: 0.9413 | Val Loss: 0.1411 | Val Acc: 0.9519
2026-08-27 12:27:00 [INFO] Epoch 078 | Train Loss: 0.2774 | Train Acc: 0.9437 | Val Loss: 0.2279 | Val Acc: 0.9222
2026-08-27 12:27:01 [INFO] Epoch 079 | Train Loss: 0.3015 | Train Acc: 0.9341 | Val Loss: 0.1330 | Val Acc: 0.9593
2026-08-27 12:27:02 [INFO] Epoch 080 | Train Loss: 0.3174 | Train Acc: 0.9397 | Val Loss: 0.1304 | Val Acc: 0.9593
2026-08-27 12:27:04 [INFO] Epoch 081 | Train Loss: 0.2630 | Train Acc: 0.9484 | Val Loss: 0.1339 | Val Acc: 0.9519
2026-08-27 12:27:05 [INFO] Epoch 082 | Train Loss: 0.2869 | Train Acc: 0.9460 | Val Loss: 0.1339 | Val Acc: 0.9667
2026-08-27 12:27:07 [INFO] Epoch 083 | Train Loss: 0.2994 | Train Acc: 0.9349 | Val Loss: 0.1198 | Val Acc: 0.9556
2026-08-27 12:27:10 [INFO] Epoch 084 | Train Loss: 0.2629 | Train Acc: 0.9468 | Val Loss: 0.1386 | Val Acc: 0.9593
2026-08-27 12:27:11 [INFO] Epoch 085 | Train Loss: 0.2809 | Train Acc: 0.9484 | Val Loss: 0.1296 | Val Acc: 0.9593
2026-08-27 12:27:12 [INFO] Epoch 086 | Train Loss: 0.2329 | Train Acc: 0.9540 | Val Loss: 0.1227 | Val Acc: 0.9481
2026-08-27 12:27:14 [INFO] Epoch 087 | Train Loss: 0.3112 | Train Acc: 0.9349 | Val Loss: 0.1182 | Val Acc: 0.9444
2026-08-27 12:27:15 [INFO] Epoch 088 | Train Loss: 0.2538 | Train Acc: 0.9468 | Val Loss: 0.1244 | Val Acc: 0.9556
2026-08-27 12:27:16 [INFO] Epoch 089 | Train Loss: 0.2355 | Train Acc: 0.9540 | Val Loss: 0.1182 | Val Acc: 0.9667
2026-08-27 12:27:17 [INFO] Epoch 090 | Train Loss: 0.1948 | Train Acc: 0.9659 | Val Loss: 0.1365 | Val Acc: 0.9519
2026-08-27 12:27:19 [INFO] Epoch 091 | Train Loss: 0.1920 | Train Acc: 0.9603 | Val Loss: 0.1080 | Val Acc: 0.9593
2026-08-27 12:27:19 [INFO] ⏹ Early stopping tại epoch 91 (không cải thiện sau 35 epoch, best=0.9667)
2026-08-27 12:27:19 [INFO] Evaluating Best Model on TEST Set...
2026-08-27 12:27:19 [INFO] 
[RESUME] Đang nạp checkpoint từ: /home/biu-linux/DeepLearning_Projects/DoAnNganh/HybricMamba/Ressult/TFJ/MEDIUM_HYBRIC_MAMBA/NEU-DET_surface-dec/MEDIUM_HYBRIC_MAMBA_best.pth
2026-08-27 12:27:19 [INFO] 🎯 [TEST RESULT] Test Acc: 0.9444 | F1-Macro: 0.9443 | F1-Weighted: 0.9443
2026-08-27 12:30:15 [INFO] Dataset: NEU-DET_surface-dec | Số nhãn (classes): 6 | Tổng số ảnh: 1800
2026-08-27 12:30:15 [INFO] Dữ liệu đã chia -> Train (70%): 1260 | Val (15%): 270 | Test (15%): 270
2026-08-27 12:30:15 [INFO] 
🔍 Kiểm tra phân bố class trong batch:
2026-08-27 12:30:17 [INFO]   Batch 0: 6 classes (first 5: [0, 1, 2, 3, 4])
2026-08-27 12:30:17 [INFO]   Batch 1: 6 classes (first 5: [0, 1, 2, 3, 4])
2026-08-27 12:30:17 [INFO]   Batch 2: 6 classes (first 5: [0, 1, 2, 3, 4])
2026-08-27 12:30:17 [INFO]   Batch 3: 6 classes (first 5: [0, 1, 2, 3, 4])
2026-08-27 12:30:17 [INFO]   Batch 4: 6 classes (first 5: [0, 1, 2, 3, 4])
2026-08-27 12:30:17 [WARNING] ⚠️ WARNING: Trung bình 6.0 classes/batch - Dữ liệu chưa được trộn đều!
2026-08-27 12:30:17 [INFO] ============================================================
2026-08-27 12:30:17 [INFO] Starting training: MEDIUM_HYBRIC_MAMBA
2026-08-27 12:30:17 [INFO] Dataset: NEU-DET_surface-dec | Path: /home/biu-linux/DeepLearning_Projects/DoAnNganh/data/NEU-DET
2026-08-27 12:30:17 [INFO] Device: cuda
2026-08-27 12:30:17 [INFO] GPU: NVIDIA GeForce RTX 3050 Laptop GPU
2026-08-27 12:30:17 [INFO] ============================================================
2026-08-27 12:30:22 [INFO] Epoch 000 | Train Loss: 2.7962 | Train Acc: 0.2659 | Val Loss: 1.5420 | Val Acc: 0.3296
2026-08-27 12:30:22 [INFO] ✓ Saved best model: Val Acc=0.3296 at epoch 0
2026-08-27 12:30:24 [INFO] Epoch 001 | Train Loss: 2.4422 | Train Acc: 0.4698 | Val Loss: 1.0994 | Val Acc: 0.6000
2026-08-27 12:30:24 [INFO] ✓ Saved best model: Val Acc=0.6000 at epoch 1
2026-08-27 12:30:25 [INFO] Epoch 002 | Train Loss: 1.9772 | Train Acc: 0.5762 | Val Loss: 0.7800 | Val Acc: 0.7481
2026-08-27 12:30:25 [INFO] ✓ Saved best model: Val Acc=0.7481 at epoch 2
2026-08-27 12:30:26 [INFO] Epoch 003 | Train Loss: 1.7271 | Train Acc: 0.6333 | Val Loss: 0.5576 | Val Acc: 0.8074
2026-08-27 12:30:26 [INFO] ✓ Saved best model: Val Acc=0.8074 at epoch 3
2026-08-27 12:30:27 [INFO] Epoch 004 | Train Loss: 1.4102 | Train Acc: 0.7214 | Val Loss: 0.4535 | Val Acc: 0.8667
2026-08-27 12:30:27 [INFO] ✓ Saved best model: Val Acc=0.8667 at epoch 4
2026-08-27 12:30:29 [INFO] Epoch 005 | Train Loss: 1.2811 | Train Acc: 0.7230 | Val Loss: 0.3797 | Val Acc: 0.9000
2026-08-27 12:30:29 [INFO] ✓ Saved best model: Val Acc=0.9000 at epoch 5
2026-08-27 12:30:32 [INFO] Epoch 006 | Train Loss: 1.1659 | Train Acc: 0.7452 | Val Loss: 0.3941 | Val Acc: 0.8889
2026-08-27 12:30:34 [INFO] Epoch 007 | Train Loss: 1.0438 | Train Acc: 0.7730 | Val Loss: 0.2912 | Val Acc: 0.9074
2026-08-27 12:30:34 [INFO] ✓ Saved best model: Val Acc=0.9074 at epoch 7
2026-08-27 12:30:35 [INFO] Epoch 008 | Train Loss: 1.0156 | Train Acc: 0.7738 | Val Loss: 0.3326 | Val Acc: 0.8889
2026-08-27 12:30:36 [INFO] Epoch 009 | Train Loss: 0.9763 | Train Acc: 0.7921 | Val Loss: 0.2782 | Val Acc: 0.8852
2026-08-27 12:30:37 [INFO] Epoch 010 | Train Loss: 0.8979 | Train Acc: 0.7944 | Val Loss: 0.2900 | Val Acc: 0.8963
2026-08-27 12:30:39 [INFO] Epoch 011 | Train Loss: 0.8440 | Train Acc: 0.8270 | Val Loss: 0.2545 | Val Acc: 0.9000
2026-08-27 12:30:40 [INFO] Epoch 012 | Train Loss: 0.7548 | Train Acc: 0.8357 | Val Loss: 0.2432 | Val Acc: 0.9111
2026-08-27 12:30:40 [INFO] ✓ Saved best model: Val Acc=0.9111 at epoch 12
2026-08-27 12:30:41 [INFO] Epoch 013 | Train Loss: 0.7650 | Train Acc: 0.8413 | Val Loss: 0.2457 | Val Acc: 0.9185
2026-08-27 12:30:41 [INFO] ✓ Saved best model: Val Acc=0.9185 at epoch 13
2026-08-27 12:30:43 [INFO] Epoch 014 | Train Loss: 0.6843 | Train Acc: 0.8603 | Val Loss: 0.1693 | Val Acc: 0.9259
2026-08-27 12:30:43 [INFO] ✓ Saved best model: Val Acc=0.9259 at epoch 14
2026-08-27 12:30:45 [INFO] Epoch 015 | Train Loss: 0.7268 | Train Acc: 0.8492 | Val Loss: 0.2023 | Val Acc: 0.9296
2026-08-27 12:30:46 [INFO] ✓ Saved best model: Val Acc=0.9296 at epoch 15
2026-08-27 12:30:48 [INFO] Epoch 016 | Train Loss: 0.6140 | Train Acc: 0.8730 | Val Loss: 0.1829 | Val Acc: 0.9407
2026-08-27 12:30:48 [INFO] ✓ Saved best model: Val Acc=0.9407 at epoch 16
2026-08-27 12:30:49 [INFO] Epoch 017 | Train Loss: 0.6073 | Train Acc: 0.8802 | Val Loss: 0.1463 | Val Acc: 0.9370
2026-08-27 12:30:50 [INFO] Epoch 018 | Train Loss: 0.6223 | Train Acc: 0.8683 | Val Loss: 0.1636 | Val Acc: 0.9333
2026-08-27 12:30:52 [INFO] Epoch 019 | Train Loss: 0.5513 | Train Acc: 0.8913 | Val Loss: 0.1544 | Val Acc: 0.9333
2026-08-27 12:30:53 [INFO] Epoch 020 | Train Loss: 0.5381 | Train Acc: 0.8913 | Val Loss: 0.1627 | Val Acc: 0.9481
2026-08-27 12:30:53 [INFO] ✓ Saved best model: Val Acc=0.9481 at epoch 20
2026-08-27 12:30:54 [INFO] Epoch 021 | Train Loss: 0.5301 | Train Acc: 0.8921 | Val Loss: 0.1564 | Val Acc: 0.9481
2026-08-27 12:30:55 [INFO] Epoch 022 | Train Loss: 0.5463 | Train Acc: 0.8944 | Val Loss: 0.1457 | Val Acc: 0.9481
2026-08-27 12:30:57 [INFO] Epoch 023 | Train Loss: 0.5630 | Train Acc: 0.8944 | Val Loss: 0.1594 | Val Acc: 0.9407
2026-08-27 12:30:58 [INFO] Epoch 024 | Train Loss: 0.4759 | Train Acc: 0.9032 | Val Loss: 0.1461 | Val Acc: 0.9519
2026-08-27 12:30:58 [INFO] ✓ Saved best model: Val Acc=0.9519 at epoch 24
2026-08-27 12:31:01 [INFO] Epoch 025 | Train Loss: 0.5949 | Train Acc: 0.8762 | Val Loss: 0.1307 | Val Acc: 0.9519
2026-08-27 12:31:03 [INFO] Epoch 026 | Train Loss: 0.5495 | Train Acc: 0.8944 | Val Loss: 0.1762 | Val Acc: 0.9370
2026-08-27 12:31:04 [INFO] Epoch 027 | Train Loss: 0.5620 | Train Acc: 0.8905 | Val Loss: 0.1461 | Val Acc: 0.9519
2026-08-27 12:31:05 [INFO] Epoch 028 | Train Loss: 0.5418 | Train Acc: 0.8929 | Val Loss: 0.1216 | Val Acc: 0.9556
2026-08-27 12:31:05 [INFO] ✓ Saved best model: Val Acc=0.9556 at epoch 28
2026-08-27 12:31:07 [INFO] Epoch 029 | Train Loss: 0.5157 | Train Acc: 0.8992 | Val Loss: 0.1199 | Val Acc: 0.9444
2026-08-27 12:31:08 [INFO] Epoch 030 | Train Loss: 0.4979 | Train Acc: 0.9016 | Val Loss: 0.1443 | Val Acc: 0.9444
2026-08-27 12:31:09 [INFO] Epoch 031 | Train Loss: 0.4868 | Train Acc: 0.9056 | Val Loss: 0.1582 | Val Acc: 0.9407
2026-08-27 12:31:10 [INFO] Epoch 032 | Train Loss: 0.5256 | Train Acc: 0.8960 | Val Loss: 0.2247 | Val Acc: 0.9148
2026-08-27 12:31:12 [INFO] Epoch 033 | Train Loss: 0.5053 | Train Acc: 0.8873 | Val Loss: 0.1692 | Val Acc: 0.9370
2026-08-27 12:31:13 [INFO] Epoch 034 | Train Loss: 0.4915 | Train Acc: 0.9119 | Val Loss: 0.1198 | Val Acc: 0.9481
2026-08-27 12:31:16 [INFO] Epoch 035 | Train Loss: 0.4356 | Train Acc: 0.9167 | Val Loss: 0.0964 | Val Acc: 0.9519
2026-08-27 12:31:19 [INFO] Epoch 036 | Train Loss: 0.4814 | Train Acc: 0.8992 | Val Loss: 0.1222 | Val Acc: 0.9519
2026-08-27 12:31:20 [INFO] Epoch 037 | Train Loss: 0.4251 | Train Acc: 0.9183 | Val Loss: 0.1257 | Val Acc: 0.9481
2026-08-27 12:31:21 [INFO] Epoch 038 | Train Loss: 0.4598 | Train Acc: 0.9032 | Val Loss: 0.1205 | Val Acc: 0.9704
2026-08-27 12:31:21 [INFO] ✓ Saved best model: Val Acc=0.9704 at epoch 38
2026-08-27 12:31:22 [INFO] Epoch 039 | Train Loss: 0.4349 | Train Acc: 0.9206 | Val Loss: 0.0729 | Val Acc: 0.9778
2026-08-27 12:31:22 [INFO] ✓ Saved best model: Val Acc=0.9778 at epoch 39
2026-08-27 12:31:24 [INFO] Epoch 040 | Train Loss: 0.3864 | Train Acc: 0.9294 | Val Loss: 0.0877 | Val Acc: 0.9704
2026-08-27 12:31:25 [INFO] Epoch 041 | Train Loss: 0.3900 | Train Acc: 0.9294 | Val Loss: 0.0944 | Val Acc: 0.9704
2026-08-27 12:31:26 [INFO] Epoch 042 | Train Loss: 0.3956 | Train Acc: 0.9254 | Val Loss: 0.1038 | Val Acc: 0.9593
2026-08-27 12:31:28 [INFO] Epoch 043 | Train Loss: 0.3789 | Train Acc: 0.9262 | Val Loss: 0.0742 | Val Acc: 0.9741
2026-08-27 12:31:30 [INFO] Epoch 044 | Train Loss: 0.3397 | Train Acc: 0.9365 | Val Loss: 0.0678 | Val Acc: 0.9778
2026-08-27 12:31:32 [INFO] Epoch 045 | Train Loss: 0.3425 | Train Acc: 0.9317 | Val Loss: 0.0574 | Val Acc: 0.9889
2026-08-27 12:31:32 [INFO] ✓ Saved best model: Val Acc=0.9889 at epoch 45
2026-08-27 12:31:34 [INFO] Epoch 046 | Train Loss: 0.3295 | Train Acc: 0.9341 | Val Loss: 0.0552 | Val Acc: 0.9815
2026-08-27 12:31:35 [INFO] Epoch 047 | Train Loss: 0.3635 | Train Acc: 0.9278 | Val Loss: 0.0805 | Val Acc: 0.9704
2026-08-27 12:31:36 [INFO] Epoch 048 | Train Loss: 0.3381 | Train Acc: 0.9262 | Val Loss: 0.0548 | Val Acc: 0.9778
2026-08-27 12:31:38 [INFO] Epoch 049 | Train Loss: 0.3257 | Train Acc: 0.9365 | Val Loss: 0.0535 | Val Acc: 0.9815
2026-08-27 12:31:39 [INFO] Epoch 050 | Train Loss: 0.3086 | Train Acc: 0.9421 | Val Loss: 0.0619 | Val Acc: 0.9778
2026-08-27 12:31:40 [INFO] Epoch 051 | Train Loss: 0.3298 | Train Acc: 0.9389 | Val Loss: 0.0571 | Val Acc: 0.9778
2026-08-27 12:31:42 [INFO] Epoch 052 | Train Loss: 0.3031 | Train Acc: 0.9389 | Val Loss: 0.0578 | Val Acc: 0.9778
2026-08-27 12:31:43 [INFO] Epoch 053 | Train Loss: 0.2852 | Train Acc: 0.9524 | Val Loss: 0.0477 | Val Acc: 0.9889
2026-08-27 12:31:46 [INFO] Epoch 054 | Train Loss: 0.2902 | Train Acc: 0.9468 | Val Loss: 0.0463 | Val Acc: 0.9815
2026-08-27 12:31:48 [INFO] Epoch 055 | Train Loss: 0.2875 | Train Acc: 0.9437 | Val Loss: 0.0631 | Val Acc: 0.9815
2026-08-27 12:31:49 [INFO] Epoch 056 | Train Loss: 0.2904 | Train Acc: 0.9389 | Val Loss: 0.0546 | Val Acc: 0.9778
2026-08-27 12:31:51 [INFO] Epoch 057 | Train Loss: 0.3065 | Train Acc: 0.9444 | Val Loss: 0.0439 | Val Acc: 0.9815
2026-08-27 12:31:52 [INFO] Epoch 058 | Train Loss: 0.2729 | Train Acc: 0.9508 | Val Loss: 0.0492 | Val Acc: 0.9815
2026-08-27 12:31:53 [INFO] Epoch 059 | Train Loss: 0.2939 | Train Acc: 0.9452 | Val Loss: 0.0475 | Val Acc: 0.9852
2026-08-27 12:31:55 [INFO] Epoch 060 | Train Loss: 0.2894 | Train Acc: 0.9460 | Val Loss: 0.0518 | Val Acc: 0.9778
2026-08-27 12:31:56 [INFO] Epoch 061 | Train Loss: 0.2873 | Train Acc: 0.9484 | Val Loss: 0.0462 | Val Acc: 0.9852
2026-08-27 12:31:57 [INFO] Epoch 062 | Train Loss: 0.2868 | Train Acc: 0.9484 | Val Loss: 0.0540 | Val Acc: 0.9778
2026-08-27 12:31:59 [INFO] Epoch 063 | Train Loss: 0.2783 | Train Acc: 0.9492 | Val Loss: 0.0504 | Val Acc: 0.9815
2026-08-27 12:32:02 [INFO] Epoch 064 | Train Loss: 0.2650 | Train Acc: 0.9508 | Val Loss: 0.0478 | Val Acc: 0.9815
2026-08-27 12:32:04 [INFO] Epoch 065 | Train Loss: 0.3101 | Train Acc: 0.9421 | Val Loss: 0.0532 | Val Acc: 0.9741
2026-08-27 12:32:05 [INFO] Epoch 066 | Train Loss: 0.3180 | Train Acc: 0.9381 | Val Loss: 0.0706 | Val Acc: 0.9704
2026-08-27 12:32:06 [INFO] Epoch 067 | Train Loss: 0.3235 | Train Acc: 0.9333 | Val Loss: 0.0682 | Val Acc: 0.9741
2026-08-27 12:32:08 [INFO] Epoch 068 | Train Loss: 0.3448 | Train Acc: 0.9286 | Val Loss: 0.0495 | Val Acc: 0.9852
2026-08-27 12:32:09 [INFO] Epoch 069 | Train Loss: 0.3446 | Train Acc: 0.9310 | Val Loss: 0.0771 | Val Acc: 0.9667
2026-08-27 12:32:10 [INFO] Epoch 070 | Train Loss: 0.2743 | Train Acc: 0.9397 | Val Loss: 0.0493 | Val Acc: 0.9852
2026-08-27 12:32:11 [INFO] Epoch 071 | Train Loss: 0.3167 | Train Acc: 0.9365 | Val Loss: 0.0503 | Val Acc: 0.9889
2026-08-27 12:32:13 [INFO] Epoch 072 | Train Loss: 0.3195 | Train Acc: 0.9341 | Val Loss: 0.0534 | Val Acc: 0.9741
2026-08-27 12:32:15 [INFO] Epoch 073 | Train Loss: 0.3288 | Train Acc: 0.9357 | Val Loss: 0.0487 | Val Acc: 0.9815
2026-08-27 12:32:18 [INFO] Epoch 074 | Train Loss: 0.3099 | Train Acc: 0.9421 | Val Loss: 0.0689 | Val Acc: 0.9741
2026-08-27 12:32:21 [INFO] Epoch 075 | Train Loss: 0.2997 | Train Acc: 0.9437 | Val Loss: 0.0552 | Val Acc: 0.9741
2026-08-27 12:32:22 [INFO] Epoch 076 | Train Loss: 0.2885 | Train Acc: 0.9444 | Val Loss: 0.0316 | Val Acc: 0.9926
2026-08-27 12:32:23 [INFO] ✓ Saved best model: Val Acc=0.9926 at epoch 76
2026-08-27 12:32:26 [INFO] Epoch 077 | Train Loss: 0.3266 | Train Acc: 0.9421 | Val Loss: 0.0503 | Val Acc: 0.9741
2026-08-27 12:32:28 [INFO] Epoch 078 | Train Loss: 0.2857 | Train Acc: 0.9437 | Val Loss: 0.0609 | Val Acc: 0.9778
2026-08-27 12:32:29 [INFO] Epoch 079 | Train Loss: 0.3400 | Train Acc: 0.9381 | Val Loss: 0.0668 | Val Acc: 0.9815
2026-08-27 12:32:30 [INFO] Epoch 080 | Train Loss: 0.2626 | Train Acc: 0.9556 | Val Loss: 0.0723 | Val Acc: 0.9778
2026-08-27 12:32:32 [INFO] Epoch 081 | Train Loss: 0.3013 | Train Acc: 0.9413 | Val Loss: 0.0820 | Val Acc: 0.9704
2026-08-27 12:32:33 [INFO] Epoch 082 | Train Loss: 0.2863 | Train Acc: 0.9460 | Val Loss: 0.0584 | Val Acc: 0.9704
2026-08-27 12:32:34 [INFO] Epoch 083 | Train Loss: 0.2700 | Train Acc: 0.9476 | Val Loss: 0.0513 | Val Acc: 0.9852
2026-08-27 12:32:37 [INFO] Epoch 084 | Train Loss: 0.2734 | Train Acc: 0.9476 | Val Loss: 0.0549 | Val Acc: 0.9778
2026-08-27 12:32:39 [INFO] Epoch 085 | Train Loss: 0.2627 | Train Acc: 0.9556 | Val Loss: 0.0550 | Val Acc: 0.9741
2026-08-27 12:32:40 [INFO] Epoch 086 | Train Loss: 0.2294 | Train Acc: 0.9571 | Val Loss: 0.0497 | Val Acc: 0.9852
2026-08-27 12:32:43 [INFO] Epoch 087 | Train Loss: 0.2743 | Train Acc: 0.9524 | Val Loss: 0.0736 | Val Acc: 0.9778
2026-08-27 12:32:46 [INFO] Epoch 088 | Train Loss: 0.2510 | Train Acc: 0.9444 | Val Loss: 0.0494 | Val Acc: 0.9889
2026-08-27 12:32:49 [INFO] Epoch 089 | Train Loss: 0.2241 | Train Acc: 0.9627 | Val Loss: 0.0429 | Val Acc: 0.9778
2026-08-27 12:32:50 [INFO] Epoch 090 | Train Loss: 0.2602 | Train Acc: 0.9500 | Val Loss: 0.0577 | Val Acc: 0.9815
2026-08-27 12:32:52 [INFO] Epoch 091 | Train Loss: 0.2556 | Train Acc: 0.9500 | Val Loss: 0.0396 | Val Acc: 0.9852
2026-08-27 12:32:53 [INFO] Epoch 092 | Train Loss: 0.2482 | Train Acc: 0.9540 | Val Loss: 0.0524 | Val Acc: 0.9778
2026-08-27 12:32:57 [INFO] Epoch 093 | Train Loss: 0.2419 | Train Acc: 0.9500 | Val Loss: 0.0389 | Val Acc: 0.9889
2026-08-27 12:32:59 [INFO] Epoch 094 | Train Loss: 0.2638 | Train Acc: 0.9500 | Val Loss: 0.0507 | Val Acc: 0.9815
2026-08-27 12:33:00 [INFO] Epoch 095 | Train Loss: 0.2515 | Train Acc: 0.9548 | Val Loss: 0.0321 | Val Acc: 0.9926
2026-08-27 12:33:02 [INFO] Epoch 096 | Train Loss: 0.2502 | Train Acc: 0.9524 | Val Loss: 0.0434 | Val Acc: 0.9852
2026-08-27 12:33:03 [INFO] Epoch 097 | Train Loss: 0.2383 | Train Acc: 0.9508 | Val Loss: 0.0385 | Val Acc: 0.9815
2026-08-27 12:33:05 [INFO] Epoch 098 | Train Loss: 0.2292 | Train Acc: 0.9556 | Val Loss: 0.0477 | Val Acc: 0.9778
2026-08-27 12:33:07 [INFO] Epoch 099 | Train Loss: 0.2187 | Train Acc: 0.9571 | Val Loss: 0.0623 | Val Acc: 0.9815
2026-08-27 12:33:07 [INFO] Evaluating Best Model on TEST Set...
2026-08-27 12:33:07 [INFO] 
[RESUME] Đang nạp checkpoint từ: /home/biu-linux/DeepLearning_Projects/DoAnNganh/HybricMamba/Ressult/TFJ/MEDIUM_HYBRIC_MAMBA/NEU-DET_surface-dec/MEDIUM_HYBRIC_MAMBA_best.pth
2026-08-27 12:33:08 [INFO] 🎯 [TEST RESULT] Test Acc: 0.9259 | F1-Macro: 0.9266 | F1-Weighted: 0.9266
2026-08-27 12:34:57 [INFO] Dataset: NEU-DET_surface-dec | Số nhãn (classes): 6 | Tổng số ảnh: 1800
2026-08-27 12:34:57 [INFO] Dữ liệu đã chia -> Train (70%): 1260 | Val (15%): 270 | Test (15%): 270
2026-08-27 12:34:57 [INFO] 
🔍 Kiểm tra phân bố class trong batch:
2026-08-27 12:34:59 [INFO]   Batch 0: 5 classes (first 5: [0, 2, 3, 4, 5])
2026-08-27 12:34:59 [INFO]   Batch 1: 6 classes (first 5: [0, 1, 2, 3, 4])
2026-08-27 12:34:59 [INFO]   Batch 2: 5 classes (first 5: [0, 2, 3, 4, 5])
2026-08-27 12:34:59 [INFO]   Batch 3: 5 classes (first 5: [0, 1, 2, 4, 5])
2026-08-27 12:34:59 [INFO]   Batch 4: 6 classes (first 5: [0, 1, 2, 3, 4])
2026-08-27 12:34:59 [WARNING] ⚠️ WARNING: Trung bình 5.4 classes/batch - Dữ liệu chưa được trộn đều!
2026-08-27 12:34:59 [INFO] ============================================================
2026-08-27 12:34:59 [INFO] Starting training: MEDIUM_HYBRIC_MAMBA
2026-08-27 12:34:59 [INFO] Dataset: NEU-DET_surface-dec | Path: /home/biu-linux/DeepLearning_Projects/DoAnNganh/data/NEU-DET
2026-08-27 12:34:59 [INFO] Device: cuda
2026-08-27 12:34:59 [INFO] GPU: NVIDIA GeForce RTX 3050 Laptop GPU
2026-08-27 12:34:59 [INFO] ============================================================
2026-08-27 12:35:05 [INFO] Epoch 000 | Train Loss: 2.7093 | Train Acc: 0.3032 | Val Loss: 1.4463 | Val Acc: 0.4519
2026-08-27 12:35:05 [INFO] ✓ Saved best model: Val Acc=0.4519 at epoch 0
2026-08-27 12:35:07 [INFO] Epoch 001 | Train Loss: 2.3075 | Train Acc: 0.4706 | Val Loss: 1.0772 | Val Acc: 0.6593
2026-08-27 12:35:07 [INFO] ✓ Saved best model: Val Acc=0.6593 at epoch 1
2026-08-27 12:35:10 [INFO] Epoch 002 | Train Loss: 1.9543 | Train Acc: 0.5667 | Val Loss: 0.8591 | Val Acc: 0.6778
2026-08-27 12:35:10 [INFO] ✓ Saved best model: Val Acc=0.6778 at epoch 2
2026-08-27 12:35:14 [INFO] Epoch 003 | Train Loss: 1.7216 | Train Acc: 0.6310 | Val Loss: 0.6185 | Val Acc: 0.7704
2026-08-27 12:35:14 [INFO] ✓ Saved best model: Val Acc=0.7704 at epoch 3
2026-08-27 12:35:16 [INFO] Epoch 004 | Train Loss: 1.5288 | Train Acc: 0.6667 | Val Loss: 0.5801 | Val Acc: 0.8185
2026-08-27 12:35:16 [INFO] ✓ Saved best model: Val Acc=0.8185 at epoch 4
2026-08-27 12:35:18 [INFO] Epoch 005 | Train Loss: 1.4011 | Train Acc: 0.6833 | Val Loss: 0.5378 | Val Acc: 0.7963
2026-08-27 12:35:20 [INFO] Epoch 006 | Train Loss: 1.2773 | Train Acc: 0.7246 | Val Loss: 0.5133 | Val Acc: 0.7926
2026-08-27 12:35:22 [INFO] Epoch 007 | Train Loss: 1.1440 | Train Acc: 0.7413 | Val Loss: 0.4535 | Val Acc: 0.8333
2026-08-27 12:35:22 [INFO] ✓ Saved best model: Val Acc=0.8333 at epoch 7
2026-08-27 12:35:24 [INFO] Epoch 008 | Train Loss: 1.1316 | Train Acc: 0.7508 | Val Loss: 0.3570 | Val Acc: 0.8778
2026-08-27 12:35:24 [INFO] ✓ Saved best model: Val Acc=0.8778 at epoch 8
2026-08-27 12:35:28 [INFO] Epoch 009 | Train Loss: 1.0070 | Train Acc: 0.7778 | Val Loss: 0.3669 | Val Acc: 0.8519
2026-08-27 12:35:30 [INFO] Epoch 010 | Train Loss: 0.9208 | Train Acc: 0.8040 | Val Loss: 0.2902 | Val Acc: 0.9111
2026-08-27 12:35:30 [INFO] ✓ Saved best model: Val Acc=0.9111 at epoch 10
2026-08-27 12:35:32 [INFO] Epoch 011 | Train Loss: 0.8339 | Train Acc: 0.8111 | Val Loss: 0.3189 | Val Acc: 0.8926
2026-08-27 12:35:34 [INFO] Epoch 012 | Train Loss: 0.7912 | Train Acc: 0.8341 | Val Loss: 0.3037 | Val Acc: 0.8852
2026-08-27 12:35:36 [INFO] Epoch 013 | Train Loss: 0.7390 | Train Acc: 0.8437 | Val Loss: 0.2560 | Val Acc: 0.9296
2026-08-27 12:35:36 [INFO] ✓ Saved best model: Val Acc=0.9296 at epoch 13
2026-08-27 12:35:38 [INFO] Epoch 014 | Train Loss: 0.7392 | Train Acc: 0.8516 | Val Loss: 0.2214 | Val Acc: 0.9333
2026-08-27 12:35:38 [INFO] ✓ Saved best model: Val Acc=0.9333 at epoch 14
2026-08-27 12:35:43 [INFO] Epoch 015 | Train Loss: 0.6997 | Train Acc: 0.8476 | Val Loss: 0.2227 | Val Acc: 0.9222
2026-08-27 12:35:45 [INFO] Epoch 016 | Train Loss: 0.6353 | Train Acc: 0.8754 | Val Loss: 0.2154 | Val Acc: 0.9185
2026-08-27 12:35:47 [INFO] Epoch 017 | Train Loss: 0.6022 | Train Acc: 0.8841 | Val Loss: 0.1871 | Val Acc: 0.9333
2026-08-27 12:35:49 [INFO] Epoch 018 | Train Loss: 0.5959 | Train Acc: 0.8810 | Val Loss: 0.1760 | Val Acc: 0.9481
2026-08-27 12:35:49 [INFO] ✓ Saved best model: Val Acc=0.9481 at epoch 18
2026-08-27 12:35:51 [INFO] Epoch 019 | Train Loss: 0.6042 | Train Acc: 0.8762 | Val Loss: 0.1720 | Val Acc: 0.9407
2026-08-27 12:35:53 [INFO] Epoch 020 | Train Loss: 0.5020 | Train Acc: 0.9016 | Val Loss: 0.1784 | Val Acc: 0.9407
2026-08-27 12:35:59 [INFO] Epoch 021 | Train Loss: 0.5132 | Train Acc: 0.9119 | Val Loss: 0.1673 | Val Acc: 0.9444
2026-08-27 12:36:01 [INFO] Epoch 022 | Train Loss: 0.5236 | Train Acc: 0.8952 | Val Loss: 0.1606 | Val Acc: 0.9481
2026-08-27 12:36:03 [INFO] Epoch 023 | Train Loss: 0.5059 | Train Acc: 0.9079 | Val Loss: 0.1617 | Val Acc: 0.9481
2026-08-27 12:36:05 [INFO] Epoch 024 | Train Loss: 0.5195 | Train Acc: 0.8992 | Val Loss: 0.1626 | Val Acc: 0.9481
2026-08-27 12:36:07 [INFO] Epoch 025 | Train Loss: 0.6100 | Train Acc: 0.8778 | Val Loss: 0.2308 | Val Acc: 0.9148
2026-08-27 12:36:10 [INFO] Epoch 026 | Train Loss: 0.5701 | Train Acc: 0.8873 | Val Loss: 0.2075 | Val Acc: 0.9259
2026-08-27 12:36:14 [INFO] Epoch 027 | Train Loss: 0.5837 | Train Acc: 0.8802 | Val Loss: 0.2008 | Val Acc: 0.9222
2026-08-27 12:36:16 [INFO] Epoch 028 | Train Loss: 0.5611 | Train Acc: 0.8905 | Val Loss: 0.2053 | Val Acc: 0.9370
2026-08-27 12:36:18 [INFO] Epoch 029 | Train Loss: 0.5060 | Train Acc: 0.8976 | Val Loss: 0.2113 | Val Acc: 0.9185
2026-08-27 12:36:20 [INFO] Epoch 030 | Train Loss: 0.5023 | Train Acc: 0.8881 | Val Loss: 0.1741 | Val Acc: 0.9444
2026-08-27 12:36:22 [INFO] Epoch 031 | Train Loss: 0.4866 | Train Acc: 0.9024 | Val Loss: 0.1669 | Val Acc: 0.9370
2026-08-27 12:36:27 [INFO] Epoch 032 | Train Loss: 0.4803 | Train Acc: 0.9008 | Val Loss: 0.1571 | Val Acc: 0.9481
2026-08-27 12:36:29 [INFO] Epoch 033 | Train Loss: 0.5016 | Train Acc: 0.8944 | Val Loss: 0.1700 | Val Acc: 0.9444
2026-08-27 12:36:31 [INFO] Epoch 034 | Train Loss: 0.4278 | Train Acc: 0.9103 | Val Loss: 0.1760 | Val Acc: 0.9444
2026-08-27 12:36:33 [INFO] Epoch 035 | Train Loss: 0.4542 | Train Acc: 0.9071 | Val Loss: 0.1665 | Val Acc: 0.9519
2026-08-27 12:36:33 [INFO] ✓ Saved best model: Val Acc=0.9519 at epoch 35
2026-08-27 12:36:35 [INFO] Epoch 036 | Train Loss: 0.4546 | Train Acc: 0.9032 | Val Loss: 0.2107 | Val Acc: 0.9407
2026-08-27 12:36:37 [INFO] Epoch 037 | Train Loss: 0.3733 | Train Acc: 0.9325 | Val Loss: 0.1641 | Val Acc: 0.9481
2026-08-27 12:36:41 [INFO] Epoch 038 | Train Loss: 0.3990 | Train Acc: 0.9111 | Val Loss: 0.1775 | Val Acc: 0.9407
2026-08-27 12:36:44 [INFO] Epoch 039 | Train Loss: 0.3474 | Train Acc: 0.9349 | Val Loss: 0.1570 | Val Acc: 0.9481
2026-08-27 12:36:46 [INFO] Epoch 040 | Train Loss: 0.3652 | Train Acc: 0.9254 | Val Loss: 0.1368 | Val Acc: 0.9593
2026-08-27 12:36:46 [INFO] ✓ Saved best model: Val Acc=0.9593 at epoch 40
2026-08-27 12:36:48 [INFO] Epoch 041 | Train Loss: 0.3799 | Train Acc: 0.9222 | Val Loss: 0.1531 | Val Acc: 0.9370
2026-08-27 12:36:50 [INFO] Epoch 042 | Train Loss: 0.4376 | Train Acc: 0.9119 | Val Loss: 0.1252 | Val Acc: 0.9667
2026-08-27 12:36:50 [INFO] ✓ Saved best model: Val Acc=0.9667 at epoch 42
2026-08-27 12:36:52 [INFO] Epoch 043 | Train Loss: 0.3695 | Train Acc: 0.9222 | Val Loss: 0.1357 | Val Acc: 0.9630
2026-08-27 12:36:56 [INFO] Epoch 044 | Train Loss: 0.3312 | Train Acc: 0.9325 | Val Loss: 0.1559 | Val Acc: 0.9519
2026-08-27 12:36:58 [INFO] Epoch 045 | Train Loss: 0.3449 | Train Acc: 0.9317 | Val Loss: 0.1420 | Val Acc: 0.9519
2026-08-27 12:37:01 [INFO] Epoch 046 | Train Loss: 0.3368 | Train Acc: 0.9317 | Val Loss: 0.1282 | Val Acc: 0.9556
2026-08-27 12:37:03 [INFO] Epoch 047 | Train Loss: 0.3098 | Train Acc: 0.9381 | Val Loss: 0.1253 | Val Acc: 0.9556
2026-08-27 12:37:05 [INFO] Epoch 048 | Train Loss: 0.3359 | Train Acc: 0.9333 | Val Loss: 0.1114 | Val Acc: 0.9667
2026-08-27 12:37:07 [INFO] Epoch 049 | Train Loss: 0.2883 | Train Acc: 0.9365 | Val Loss: 0.1208 | Val Acc: 0.9704
2026-08-27 12:37:07 [INFO] ✓ Saved best model: Val Acc=0.9704 at epoch 49
2026-08-27 12:37:12 [INFO] Epoch 050 | Train Loss: 0.2562 | Train Acc: 0.9492 | Val Loss: 0.1132 | Val Acc: 0.9667
2026-08-27 12:37:14 [INFO] Epoch 051 | Train Loss: 0.2653 | Train Acc: 0.9437 | Val Loss: 0.1240 | Val Acc: 0.9556
2026-08-27 12:37:16 [INFO] Epoch 052 | Train Loss: 0.3254 | Train Acc: 0.9397 | Val Loss: 0.1221 | Val Acc: 0.9667
2026-08-27 12:37:18 [INFO] Epoch 053 | Train Loss: 0.2817 | Train Acc: 0.9444 | Val Loss: 0.1258 | Val Acc: 0.9704
2026-08-27 12:37:20 [INFO] Epoch 054 | Train Loss: 0.2595 | Train Acc: 0.9492 | Val Loss: 0.1134 | Val Acc: 0.9704
2026-08-27 12:37:22 [INFO] Epoch 055 | Train Loss: 0.2731 | Train Acc: 0.9563 | Val Loss: 0.1210 | Val Acc: 0.9704
2026-08-27 12:37:26 [INFO] Epoch 056 | Train Loss: 0.2700 | Train Acc: 0.9437 | Val Loss: 0.1079 | Val Acc: 0.9704
2026-08-27 12:37:29 [INFO] Epoch 057 | Train Loss: 0.3120 | Train Acc: 0.9397 | Val Loss: 0.1200 | Val Acc: 0.9630
2026-08-27 12:37:31 [INFO] Epoch 058 | Train Loss: 0.2574 | Train Acc: 0.9500 | Val Loss: 0.1108 | Val Acc: 0.9630
2026-08-27 12:37:33 [INFO] Epoch 059 | Train Loss: 0.2609 | Train Acc: 0.9460 | Val Loss: 0.1126 | Val Acc: 0.9741
2026-08-27 12:37:33 [INFO] ✓ Saved best model: Val Acc=0.9741 at epoch 59
2026-08-27 12:37:35 [INFO] Epoch 060 | Train Loss: 0.2667 | Train Acc: 0.9444 | Val Loss: 0.1129 | Val Acc: 0.9741
2026-08-27 12:37:37 [INFO] Epoch 061 | Train Loss: 0.2256 | Train Acc: 0.9524 | Val Loss: 0.1156 | Val Acc: 0.9704
2026-08-27 12:37:41 [INFO] Epoch 062 | Train Loss: 0.2596 | Train Acc: 0.9389 | Val Loss: 0.1122 | Val Acc: 0.9667
2026-08-27 12:37:44 [INFO] Epoch 063 | Train Loss: 0.2847 | Train Acc: 0.9452 | Val Loss: 0.1101 | Val Acc: 0.9704
2026-08-27 12:37:46 [INFO] Epoch 064 | Train Loss: 0.2459 | Train Acc: 0.9532 | Val Loss: 0.1103 | Val Acc: 0.9704
2026-08-27 12:37:48 [INFO] Epoch 065 | Train Loss: 0.2968 | Train Acc: 0.9460 | Val Loss: 0.1177 | Val Acc: 0.9667
2026-08-27 12:37:50 [INFO] Epoch 066 | Train Loss: 0.3122 | Train Acc: 0.9373 | Val Loss: 0.1167 | Val Acc: 0.9630
2026-08-27 12:37:52 [INFO] Epoch 067 | Train Loss: 0.3182 | Train Acc: 0.9317 | Val Loss: 0.1047 | Val Acc: 0.9704
2026-08-27 12:37:54 [INFO] Epoch 068 | Train Loss: 0.3356 | Train Acc: 0.9373 | Val Loss: 0.1023 | Val Acc: 0.9667
2026-08-27 12:37:58 [INFO] Epoch 069 | Train Loss: 0.3048 | Train Acc: 0.9389 | Val Loss: 0.1404 | Val Acc: 0.9556
2026-08-27 12:38:00 [INFO] Epoch 070 | Train Loss: 0.3027 | Train Acc: 0.9460 | Val Loss: 0.1113 | Val Acc: 0.9704
2026-08-27 12:38:02 [INFO] Epoch 071 | Train Loss: 0.3350 | Train Acc: 0.9381 | Val Loss: 0.1089 | Val Acc: 0.9704
2026-08-27 12:38:04 [INFO] Epoch 072 | Train Loss: 0.3159 | Train Acc: 0.9381 | Val Loss: 0.1471 | Val Acc: 0.9630
2026-08-27 12:38:06 [INFO] Epoch 073 | Train Loss: 0.2723 | Train Acc: 0.9389 | Val Loss: 0.1375 | Val Acc: 0.9630
2026-08-27 12:38:09 [INFO] Epoch 074 | Train Loss: 0.3099 | Train Acc: 0.9389 | Val Loss: 0.1434 | Val Acc: 0.9593
2026-08-27 12:38:13 [INFO] Epoch 075 | Train Loss: 0.2832 | Train Acc: 0.9413 | Val Loss: 0.1327 | Val Acc: 0.9481
2026-08-27 12:38:15 [INFO] Epoch 076 | Train Loss: 0.3109 | Train Acc: 0.9365 | Val Loss: 0.1271 | Val Acc: 0.9519
2026-08-27 12:38:17 [INFO] Epoch 077 | Train Loss: 0.3259 | Train Acc: 0.9333 | Val Loss: 0.1848 | Val Acc: 0.9370
2026-08-27 12:38:19 [INFO] Epoch 078 | Train Loss: 0.2737 | Train Acc: 0.9444 | Val Loss: 0.1098 | Val Acc: 0.9556
2026-08-27 12:38:21 [INFO] Epoch 079 | Train Loss: 0.2689 | Train Acc: 0.9476 | Val Loss: 0.1258 | Val Acc: 0.9593
2026-08-27 12:38:24 [INFO] Epoch 080 | Train Loss: 0.2816 | Train Acc: 0.9429 | Val Loss: 0.1428 | Val Acc: 0.9593
2026-08-27 12:38:29 [INFO] Epoch 081 | Train Loss: 0.2777 | Train Acc: 0.9452 | Val Loss: 0.1276 | Val Acc: 0.9444
2026-08-27 12:38:31 [INFO] Epoch 082 | Train Loss: 0.2410 | Train Acc: 0.9492 | Val Loss: 0.1071 | Val Acc: 0.9704
2026-08-27 12:38:33 [INFO] Epoch 083 | Train Loss: 0.2617 | Train Acc: 0.9421 | Val Loss: 0.1228 | Val Acc: 0.9556
2026-08-27 12:38:35 [INFO] Epoch 084 | Train Loss: 0.2357 | Train Acc: 0.9484 | Val Loss: 0.1213 | Val Acc: 0.9630
2026-08-27 12:38:37 [INFO] Epoch 085 | Train Loss: 0.2748 | Train Acc: 0.9460 | Val Loss: 0.1296 | Val Acc: 0.9667
2026-08-27 12:38:39 [INFO] Epoch 086 | Train Loss: 0.2633 | Train Acc: 0.9468 | Val Loss: 0.1016 | Val Acc: 0.9630
2026-08-27 12:38:43 [INFO] Epoch 087 | Train Loss: 0.2595 | Train Acc: 0.9484 | Val Loss: 0.1368 | Val Acc: 0.9481
2026-08-27 12:38:45 [INFO] Epoch 088 | Train Loss: 0.2538 | Train Acc: 0.9556 | Val Loss: 0.1119 | Val Acc: 0.9667
2026-08-27 12:38:47 [INFO] Epoch 089 | Train Loss: 0.2588 | Train Acc: 0.9460 | Val Loss: 0.1321 | Val Acc: 0.9630
2026-08-27 12:38:49 [INFO] Epoch 090 | Train Loss: 0.2264 | Train Acc: 0.9540 | Val Loss: 0.0897 | Val Acc: 0.9667
2026-08-27 12:38:51 [INFO] Epoch 091 | Train Loss: 0.2100 | Train Acc: 0.9556 | Val Loss: 0.0714 | Val Acc: 0.9704
2026-08-27 12:38:53 [INFO] Epoch 092 | Train Loss: 0.2282 | Train Acc: 0.9540 | Val Loss: 0.1165 | Val Acc: 0.9481
2026-08-27 12:38:58 [INFO] Epoch 093 | Train Loss: 0.2906 | Train Acc: 0.9492 | Val Loss: 0.0983 | Val Acc: 0.9667
2026-08-27 12:39:00 [INFO] Epoch 094 | Train Loss: 0.1967 | Train Acc: 0.9611 | Val Loss: 0.0951 | Val Acc: 0.9630
2026-08-27 12:39:00 [INFO] ⏹ Early stopping tại epoch 94 (không cải thiện sau 35 epoch, best=0.9741)
2026-08-27 12:39:00 [INFO] Evaluating Best Model on TEST Set...
2026-08-27 12:39:00 [INFO] 
[RESUME] Đang nạp checkpoint từ: /home/biu-linux/DeepLearning_Projects/DoAnNganh/HybricMamba/Ressult/TFJ/MEDIUM_HYBRIC_MAMBA/NEU-DET_surface-dec/MEDIUM_HYBRIC_MAMBA_best.pth
2026-08-27 12:39:00 [INFO] 🎯 [TEST RESULT] Test Acc: 0.9407 | F1-Macro: 0.9401 | F1-Weighted: 0.9401
